square_id,value_mean,value_median,record_count,value_sum,avg_values_count
1,0.30281029466029374,0.2250996866914876,802,242.85385631755557,3.5141463414634146
2,0.30713893141030224,0.2251322149339966,802,246.3254229910624,3.5141463414634146
3,0.3205394466420401,0.25043836855537027,780,250.02076838079128,3.4917355371900825
4,0.29027232029356936,0.22147579862292477,802,232.79840087544264,3.5141463414634146
5,0.2668462656759582,0.2012100195733816,811,216.4123214632021,3.514506769825919
6,0.3205394466420401,0.25043836855537027,780,250.02076838079128,3.4917355371900825
7,0.3205394466420401,0.25043836855537027,780,250.02076838079128,3.4917355371900825
8,0.3205394466420401,0.25043836855537027,780,250.02076838079128,3.4917355371900825
9,0.3205394466420401,0.25043836855537027,780,250.02076838079128,3.4917355371900825
10,0.23337266446690566,0.1713029308065714,792,184.8311502577893,3.4923234390992834
11,0.15101212737191871,0.12627773548636,731,110.38986510887258,3.516577540106952
12,0.09320295955393065,0.0756470107556154,713,66.45371016195256,3.6107178968655207
13,0.04313024813951676,0.0320782215607694,786,33.900375037660176,3.706181202370872
14,0.07179981393368631,0.0542829958449904,681,48.89567328884038,3.6525871172122493
15,0.08719479915643791,0.0726962882864559,563,49.090671925074545,3.651063829787234
16,0.08253322131120408,0.0641998589767347,701,57.85578813915406,3.6089676746611055
17,0.10776047396976915,0.0823499580026919,623,67.13477528316618,3.670378619153675
18,0.10776572245444095,0.082379415713958,623,67.13804508911672,3.670378619153675
19,0.10826070971990737,0.0851575874831974,623,67.44642215550229,3.670378619153675
20,0.10847425883000142,0.0863561559119235,623,67.57946325109089,3.670378619153675
21,0.10690854457154514,0.0827972122257051,636,67.99383434750271,3.6384615384615384
22,0.10997620796208966,0.0885458139940671,625,68.73512997630604,3.6328392246294183
23,0.10254488306298132,0.0746709387524553,708,72.60177720859078,3.5080971659919027
24,0.14203991765115628,0.100412832594636,708,100.56426169701865,3.5080971659919027
25,0.15083635893888894,0.1106822674925839,672,101.36203320693338,3.562962962962963
26,0.15083635893888894,0.1106822674925839,672,101.36203320693338,3.562962962962963
27,0.13914175105633073,0.09885169694390064,764,106.30429780703668,3.563302752293578
28,0.13989364423331577,0.1022859235115086,803,112.33459631935257,3.576020851433536
29,0.14414961987767497,0.1184054394310649,765,110.27445920642135,3.4874623871614845
30,0.14095977740230864,0.1176687017372065,765,107.83422971276612,3.4874623871614845
31,0.14824695933031737,0.1275950028531315,724,107.33079855514978,3.539053905390539
32,0.1637642674405385,0.142858637941091,787,128.8824784757038,3.620037807183365
33,0.20010264372509792,0.1611949074449079,796,159.28170440517795,3.623400365630713
34,0.19057809339912932,0.1445423563860019,747,142.3618357691496,3.582164328657315
35,0.23755346367757313,0.1925042488702731,566,134.4552604415064,3.7478684531059683
36,0.23755346367757313,0.1925042488702731,566,134.4552604415064,3.7478684531059683
37,0.23755346367757313,0.1925042488702731,566,134.4552604415064,3.7478684531059683
38,0.23755346367757313,0.1925042488702731,566,134.4552604415064,3.7478684531059683
39,0.24428966445992056,0.1932272269093902,644,157.32254391218885,3.7016393442622952
40,0.20232062877364432,0.1530770205165705,771,155.98920478447977,3.6500402252614643
41,0.2613090937120577,0.2037940799655885,789,206.17287493881352,3.5773615635179152
42,0.28274574967324795,0.24471620821195816,648,183.2192457882647,3.6166281755196303
43,0.2651722838030655,0.2072595389947212,602,159.63371484944543,3.6418663303909207
44,0.2373187951240639,0.1984683938547305,526,124.82968623525761,3.804979253112033
45,0.2373187951240639,0.1984683938547305,526,124.82968623525761,3.804979253112033
46,0.2373187951240639,0.1984683938547305,526,124.82968623525761,3.804979253112033
47,1.1628623113422225,0.7171100831125166,873,1015.1787978017603,3.6984021304926764
48,1.8302005209332002,1.1038382475271105,870,1592.274453211884,3.6536351165980796
49,0.7882146767374809,0.5763719714109086,889,700.7228476196206,3.640552995391705
50,0.37975164176355364,0.31943946692331776,818,310.63684296258685,3.707759245830312
51,0.27816776141604826,0.2358399341119667,797,221.69970584859047,3.608272506082725
52,0.304616436256503,0.2607645402190667,797,242.77929969643287,3.608272506082725
53,0.28029262432806334,0.2397047496862401,797,223.39322158946646,3.608272506082725
54,0.30069870334360427,0.2592694211122158,797,239.6568665648526,3.64609375
55,0.2507466578101699,0.21465312035723905,776,194.57940646069187,3.6468155500413566
56,0.24146999861783627,0.19389396144783855,844,203.80067883345382,3.712982456140351
57,0.22053287902726657,0.1771508884821309,817,180.1753621652768,3.882058613295211
58,0.2720988557719005,0.2129238984539811,842,229.10723655994022,3.8886027044430134
59,0.26020185719828576,0.1918526468965426,797,207.38088018703377,3.728358208955224
60,0.23787093417895172,0.1666884939097175,711,169.12623420123467,3.689944134078212
61,0.19601941974368658,0.1341624313097941,630,123.49223443852254,3.7590113285272913
62,0.19601941974368658,0.1341624313097941,630,123.49223443852254,3.7590113285272913
63,0.18722388862137085,0.1186256603469875,702,131.43116981220234,3.7243346007604563
64,0.33065425043967095,0.25745297656263233,726,240.0549858192011,3.6765249537892792
65,0.4663578314863264,0.3725455625358151,709,330.64770252380544,3.6134538152610443
66,0.46454452707973237,0.3680448195810593,709,329.36206969953025,3.6134538152610443
67,0.445430856934112,0.3526970456679953,742,330.5096958451111,3.6902417188898835
68,0.4614450392438963,0.3165967849802822,786,362.6958008457025,3.781347962382445
69,0.3898290957302862,0.3120226798572674,805,313.8124220628804,3.7776923076923077
70,0.3111639097912457,0.2713070686133153,796,247.68647219383158,3.7037037037037037
71,0.2616362857441138,0.2144029743730366,878,229.7166588833319,3.8403519798868637
72,0.24957783323018298,0.1999221153617956,878,219.12933757610065,3.8403519798868637
73,0.2859822352746407,0.21702587926337796,804,229.92971716081112,3.756172839506173
74,0.3058390864030129,0.2420209226733596,760,232.4377056662898,3.764411027568922
75,0.30775610660423686,0.2420308161302393,760,233.89464101922002,3.764411027568922
76,0.30775610660423686,0.2420308161302393,760,233.89464101922002,3.764411027568922
77,0.30775610660423686,0.2420308161302393,760,233.89464101922002,3.764411027568922
78,0.30775610660423686,0.2420308161302393,760,233.89464101922002,3.764411027568922
79,0.30775610660423686,0.2420308161302393,760,233.89464101922002,3.764411027568922
80,0.2670859272094042,0.2297552189869615,785,209.6624528593823,3.750401284109149
81,0.18452141300106029,0.1524629600492982,842,155.36702974689277,3.75
82,0.11891339994760712,0.09400866737964635,802,95.36854675798091,3.7555238774055595
83,0.1278920741373683,0.107505641973582,698,89.26866774788309,3.77071129707113
84,0.1278920741373683,0.107505641973582,698,89.26866774788309,3.77071129707113
85,0.1278920741373683,0.107505641973582,698,89.26866774788309,3.77071129707113
86,0.0948912449708028,0.0788364207118405,768,72.87647613757655,3.744727272727273
87,0.046042364754880424,0.0249944657749216,775,35.68283268503233,3.750534568781183
88,0.06982477465827443,0.0576061487052029,509,35.54081030106168,3.6802884615384617
89,0.06982477465827443,0.0576061487052029,509,35.54081030106168,3.6802884615384617
90,0.06982477465827443,0.0576061487052029,509,35.54081030106168,3.6802884615384617
91,0.09257781133083551,0.06636612303442165,744,68.87789163014162,3.7372429550647372
92,0.15934345236702493,0.1170516942030116,727,115.84268987082713,3.743931088488645
93,0.16850760339768073,0.1223227644850114,793,133.62652949436082,3.71090387374462
94,0.22728080109374266,0.1630970193133486,761,172.96068963233816,3.713957055214724
95,0.22728080109374266,0.1630970193133486,761,172.96068963233816,3.713957055214724
96,0.22728080109374266,0.1630970193133486,761,172.96068963233816,3.713957055214724
97,0.22728080109374266,0.1630970193133486,761,172.96068963233816,3.713957055214724
98,0.22331101381568824,0.1630970193133486,775,173.0660357071584,3.7149287321830458
99,0.22728080109374266,0.1630970193133486,761,172.96068963233816,3.713957055214724
100,0.22664567375874242,0.1630970193133486,761,172.47735773040299,3.713957055214724
101,0.29460657952041536,0.2203012749590093,837,246.58570705858767,3.4342592592592593
102,0.257065405016489,0.18638486999491055,950,244.21213476566453,3.606918238993711
103,0.3205394466420401,0.25043836855537027,780,250.02076838079128,3.4917355371900825
104,0.3205394466420401,0.25043836855537027,780,250.02076838079128,3.4917355371900825
105,0.3205394466420401,0.25043836855537027,780,250.02076838079128,3.4917355371900825
106,0.3205394466420401,0.25043836855537027,780,250.02076838079128,3.4917355371900825
107,0.3205394466420401,0.25043836855537027,780,250.02076838079128,3.4917355371900825
108,0.3205394466420401,0.25043836855537027,780,250.02076838079128,3.4917355371900825
109,0.3205394466420401,0.25043836855537027,780,250.02076838079128,3.4917355371900825
110,0.23277870583805021,0.1705397583265692,792,184.36073502373577,3.4923234390992834
111,0.16874195220266017,0.1251755546198089,813,137.18720714076272,3.7553516819571864
112,0.016932972517634277,0.012585579254392801,854,14.460758530059671,3.8013422818791947
113,0.04832471303424132,0.0363074908658873,835,40.351135383591505,3.5307621671258036
114,0.06645847778412015,0.0471512687573876,811,53.89782548292144,3.578813559322034
115,0.07821253004709282,0.0607739848410723,701,54.826983563012064,3.5750528541226214
116,0.09478950409460621,0.0677172417827984,701,66.44744237031895,3.6089676746611055
117,0.10986764123936926,0.0885458139940671,611,67.12912879725462,3.70501138952164
118,0.10986764123936926,0.0885458139940671,611,67.12912879725462,3.70501138952164
119,0.10986764123936926,0.0885458139940671,611,67.12912879725462,3.70501138952164
120,0.10986764123936926,0.0885458139940671,611,67.12912879725462,3.70501138952164
121,0.10746803755993425,0.0826682683535559,625,67.16752347495891,3.6689113355780023
122,0.10964097823866843,0.0885458139940671,625,68.52561139916777,3.6689113355780023
123,0.10490662061841288,0.0732992797609489,785,82.35169718545411,3.5369545859305433
124,0.1284799291687628,0.0891637704687603,785,100.8567443974788,3.5369545859305433
125,0.14082240920322803,0.1011054409116184,764,107.58832063126621,3.563302752293578
126,0.1483426546055391,0.10808268432283745,764,113.33378811863187,3.563302752293578
127,0.14021845082777223,0.1088508948517845,803,112.5954160147011,3.576020851433536
128,0.1405254931273124,0.1168663227374239,765,107.502002242394,3.4874623871614845
129,0.14824695933031737,0.1275950028531315,724,107.33079855514978,3.539053905390539
130,0.14824695933031737,0.1275950028531315,724,107.33079855514978,3.539053905390539
131,0.1552774311822913,0.13095301473056886,766,118.94251228563512,3.5104166666666665
132,0.1506110878472217,0.1269220797787976,766,115.36809329097181,3.5104166666666665
133,0.13278650523542965,0.1117144162945866,787,104.50297962028313,3.620037807183365
134,0.13972394497454851,0.1204040921192117,760,106.19019818065686,3.6450999048525214
135,0.16467076427299981,0.13784796151201428,760,125.14978084747986,3.6450999048525214
136,0.19854114681474866,0.1628665981302477,677,134.41235639358484,3.6441784548422196
137,0.2363092656677863,0.1925042488702731,566,133.75104436796704,3.7478684531059683
138,0.23738471297532932,0.1925042488702731,566,134.3597475440364,3.7478684531059683
139,0.23755346367757313,0.1925042488702731,566,134.4552604415064,3.7478684531059683
140,0.1787233172104265,0.1223332620343703,899,160.67226217217342,3.762848297213622
141,0.21531378495412587,0.1426420651541053,925,199.16525108256644,3.7629850746268656
142,0.32056075050639116,0.2646245251396407,585,187.52803904623883,3.670951156812339
143,0.3109998279902911,0.2646245251396407,602,187.2218964501552,3.6418663303909207
144,0.2858697857928278,0.2340907801397242,602,172.09361104728234,3.6418663303909207
145,0.2663640842868638,0.2088154162231462,602,160.351178740692,3.6418663303909207
146,0.8303531126609325,0.5656397790448157,825,685.0413179452693,3.6173120728929384
147,2.472896999382007,1.5380505035030667,825,2040.1400244901556,3.6173120728929384
148,1.296563184759123,0.9199759105084389,802,1039.8436741768166,3.5904684975767367
149,0.8454125268722674,0.666522259358184,790,667.8758962290913,3.6270916334661356
150,0.8008837164335837,0.6114897922123246,813,651.1184614605036,3.718004338394794
151,0.6386479040740696,0.47853159079933383,858,547.9599016955517,3.7210702341137125
152,0.467682487239975,0.3605546473890212,873,408.2868113604982,3.724983860555197
153,0.44753317461547915,0.3746975899872869,808,361.60680508930716,3.6364341085271317
154,0.46815309186281806,0.3910341825478153,761,356.26450290760454,3.5245901639344264
155,0.3392070673148049,0.2453997498660604,714,242.1938460627707,3.5409181636726546
156,0.33562642126265824,0.2747571682109321,752,252.391068789519,3.7477148080438756
157,0.2114442725828778,0.1642718892736824,770,162.8120898888159,3.833605220228385
158,0.26534987418907907,0.2060930792856145,795,210.95314998031785,3.8273328434974285
159,0.23777768604792596,0.1679013162782671,729,173.33993312893801,3.8690372940156115
160,0.24248146372903762,0.1674617590445131,711,172.40432071134575,3.689944134078212
161,0.1920533438534235,0.126274422216952,711,136.54992747978412,3.689944134078212
162,0.19601941974368658,0.1341624313097941,630,123.49223443852254,3.7590113285272913
163,0.19601941974368658,0.1341624313097941,630,123.49223443852254,3.7590113285272913
164,0.20000249677736748,0.13654530751697624,708,141.60176771837618,3.7288765088207985
165,0.29880789171836414,0.13834913766297313,730,218.12976095440584,3.698455949137148
166,0.3147577293047417,0.2915873181437189,679,213.72049819791962,3.6576763485477177
167,0.38521653305286657,0.28911553761884246,696,268.11070700479513,3.6945244956772334
168,0.537437159042462,0.4708379888255961,659,354.17108780898246,3.737322515212982
169,0.4700753943853887,0.2655896538224251,753,353.9667719721977,3.7793388429752066
170,0.41394710092794407,0.2817443867027146,820,339.43662276091413,3.798677443056576
171,0.3029683278209529,0.2477562272585343,900,272.6714950388576,3.882387361029842
172,0.30340927316882554,0.22656771716723065,760,230.5910476083074,3.764411027568922
173,0.30514259647412445,0.2375913632929813,760,231.9083733203346,3.764411027568922
174,0.30373856979219477,0.2345567645458688,781,237.21982300770412,3.7405891980360066
175,0.30775610660423686,0.2420308161302393,760,233.89464101922002,3.764411027568922
176,0.30775610660423686,0.2420308161302393,760,233.89464101922002,3.764411027568922
177,0.30775610660423686,0.2420308161302393,760,233.89464101922002,3.764411027568922
178,0.30775610660423686,0.2420308161302393,760,233.89464101922002,3.764411027568922
179,0.30775610660423686,0.2420308161302393,760,233.89464101922002,3.764411027568922
180,0.2676159678502202,0.220789828050144,834,223.1917171870836,3.8168624740843122
181,0.1444139119567921,0.1002838581680654,905,130.69459032089685,3.7318536292741453
182,0.12727608645020688,0.1072980422235853,701,89.22053660159501,3.7656380316930775
183,0.1278920741373683,0.107505641973582,698,89.26866774788309,3.77071129707113
184,0.1278920741373683,0.107505641973582,698,89.26866774788309,3.77071129707113
185,0.1278920741373683,0.107505641973582,698,89.26866774788309,3.77071129707113
186,0.11945376804775219,0.0963980460879921,761,90.90431748433942,3.813852813852814
187,0.0683563698104931,0.0434115157585696,787,53.79646304085807,3.793149764942915
188,0.12919281317822348,0.08938557349001114,862,111.36420495962865,3.616271186440678
189,0.0684376300403183,0.046069569373117444,606,41.47320380443289,3.6180698151950716
190,0.06864603554891896,0.0463621895603269,779,53.475261692607866,3.735419630156472
191,0.15528920048094766,0.1112136543458543,744,115.53516515782506,3.7372429550647372
192,0.15934345236702493,0.1170516942030116,727,115.84268987082713,3.743931088488645
193,0.146433272132411,0.0925999917361071,793,116.12158480100193,3.71090387374462
194,0.1891544899986562,0.1362867646696144,793,149.99951056893437,3.71090387374462
195,0.22728080109374266,0.1630970193133486,761,172.96068963233816,3.713957055214724
196,0.22728080109374266,0.1630970193133486,761,172.96068963233816,3.713957055214724
197,0.22728080109374266,0.1630970193133486,761,172.96068963233816,3.713957055214724
198,0.22728080109374266,0.1630970193133486,761,172.96068963233816,3.713957055214724
199,0.22728080109374266,0.1630970193133486,761,172.96068963233816,3.713957055214724
200,0.2209989453442071,0.1630970193133486,783,173.04217420451417,3.705223880597015
201,0.3049658076373737,0.2228176454609925,813,247.9372016091848,3.5156993339676497
202,0.2898926300579268,0.2157460549293472,835,242.06034609836888,3.627287853577371
203,0.3156870586586607,0.24841122173087576,792,250.02415045765926,3.4944723618090454
204,0.3205394466420401,0.25043836855537027,780,250.02076838079128,3.4917355371900825
205,0.3157100096134132,0.24842083927381964,792,250.0423276138233,3.4944723618090454
206,0.3205394466420401,0.25043836855537027,780,250.02076838079128,3.4917355371900825
207,0.3205394466420401,0.25043836855537027,780,250.02076838079128,3.4917355371900825
208,0.3205394466420401,0.25043836855537027,780,250.02076838079128,3.4917355371900825
209,0.3205394466420401,0.25043836855537027,780,250.02076838079128,3.4917355371900825
210,0.2642587563765592,0.1943876749072227,792,209.29293505023492,3.4923234390992834
211,0.1904903105832263,0.1398092888452763,761,144.9631263538352,3.6357798165137614
212,0.13553828469072943,0.10186333743203316,800,108.43062775258355,3.6587301587301586
213,0.08901628851656158,0.0598855763926691,834,74.23958462281236,3.5091383812010446
214,0.06389525427694738,0.0419002827095956,873,55.780556983775064,3.6243465272591484
215,0.08087077931362766,0.0549534091737245,814,65.82881436129291,3.542489270386266
216,0.10986764123936926,0.0885458139940671,611,67.12912879725462,3.70501138952164
217,0.10986764123936926,0.0885458139940671,611,67.12912879725462,3.70501138952164
218,0.10986764123936926,0.0885458139940671,611,67.12912879725462,3.70501138952164
219,0.10986764123936926,0.0885458139940671,611,67.12912879725462,3.70501138952164
220,0.10986764123936926,0.0885458139940671,611,67.12912879725462,3.70501138952164
221,0.09263530723723437,0.0637560792293598,743,68.82803327726513,3.6228571428571428
222,0.09772883751384227,0.0726399642644406,785,76.71713744836619,3.5660211267605635
223,0.13777720796107384,0.0996785544125389,785,108.15510824944297,3.5369545859305433
224,0.1487828105348485,0.10941976735249645,764,113.67006724862424,3.563302752293578
225,0.1605047057721309,0.1223135636471115,722,115.88439756747852,3.475832438238453
226,0.14958850164646817,0.115026083137314,765,114.43520375954816,3.4874623871614845
227,0.14118486497177835,0.1171077620315783,765,108.00642170341044,3.4874623871614845
228,0.14824695933031737,0.1275950028531315,724,107.33079855514978,3.539053905390539
229,0.14824695933031737,0.1275950028531315,724,107.33079855514978,3.539053905390539
230,0.14824695933031737,0.1275950028531315,724,107.33079855514978,3.539053905390539
231,0.1401837546951697,0.1167397709207265,766,107.3807560965,3.5104166666666665
232,0.16359630497208,0.1355158211987542,807,132.02221811246855,3.554029304029304
233,0.1461723664914516,0.1240032727804009,724,105.82879333981096,3.539053905390539
234,0.1465134757459999,0.1240032727804009,724,106.07575644010393,3.539053905390539
235,0.14327828834211861,0.1206265381617925,750,107.45871625658897,3.6449704142011834
236,0.1539154407225781,0.12940230263376,760,116.97573494915936,3.6450999048525214
237,0.1740089927383484,0.13474902870522598,760,132.2468344811448,3.6450999048525214
238,0.18434255632412835,0.13547174476266227,842,155.21643242491606,3.7567185289957568
239,0.2641513432467123,0.2035476995045384,842,222.41543101373176,3.7567185289957568
240,0.3340779007122577,0.2535593818252241,842,281.293592399721,3.7567185289957568
241,0.359438195897699,0.2773826066363907,871,313.07066862689584,3.6979591836734693
242,0.31573092132984065,0.2376136608176797,845,266.79262852371534,3.7094448449891853
243,0.2110489542758252,0.1350482835311449,802,169.2612613292118,3.7064955894145952
244,0.32056075050639116,0.2646245251396407,585,187.52803904623883,3.670951156812339
245,0.26199970287784835,0.186282179785076,785,205.66976675911096,3.6774193548387095
246,1.3112279091535344,0.9164124037529917,824,1080.4517971425123,3.616323417238749
247,1.7969598298768459,1.2402145007211858,802,1441.1617835612303,3.5904684975767367
248,0.835478406097031,0.6621918688966252,765,639.1409806642287,3.654331370899916
249,0.9220149671378884,0.7233185052257987,765,705.3414498604847,3.654331370899916
250,0.9565756642612363,0.7667762552672346,743,710.7357185460986,3.6770293609671847
251,0.7229175063754001,0.5379730576963048,846,611.5882103935885,3.632801161103048
252,0.3748290361336154,0.3123906992694802,845,316.73053553290504,3.6555634301913535
253,0.4722708161590622,0.3795729662869799,727,343.3408833476382,3.5562130177514795
254,0.4320689793194469,0.3584596163110939,727,314.11414796523786,3.5562130177514795
255,0.36516691690436365,0.2973981680283356,663,242.1056659075931,3.6052921719955897
256,0.29045338173488827,0.2377169195394899,777,225.6822776080082,3.7258207630878437
257,0.24025215433051733,0.1699094384909078,653,156.88465677782781,3.7673684210526317
258,0.26720646829929107,0.2272443856148884,730,195.06072185848248,3.688808007279345
259,0.2740929557440288,0.2290589362604332,729,199.813764737397,3.8690372940156115
260,0.24333267005673317,0.1688027431959182,710,172.76619574028055,3.6877912395153776
261,0.23905129551607537,0.1693937741269369,711,169.9654711119296,3.689944134078212
262,0.1842613241217524,0.1243687844402147,711,131.00980145056596,3.689944134078212
263,0.19601941974368658,0.1341624313097941,630,123.49223443852254,3.7590113285272913
264,0.2525496632668668,0.1729416007310341,679,171.48122135820256,3.7091439688715955
265,0.33707798962941715,0.2915873181437189,632,213.03328944579164,3.647513812154696
266,0.33707798962941715,0.2915873181437189,632,213.03328944579164,3.647513812154696
267,0.382644510815552,0.2884676297580617,696,266.3205795276242,3.6945244956772334
268,0.5162690478034044,0.4020416427271617,696,359.3232572711695,3.7540208136234625
269,0.5966748649626455,0.4666673335911484,696,415.28570601400133,3.7540208136234625
270,0.6376737840534075,0.4753272720406217,705,449.56001775765225,3.732895970009372
271,0.4855404853424611,0.4070693395990246,819,397.65765749547563,3.8154848046309695
272,0.3085311853380492,0.2420308161302393,778,240.03726219300225,3.792063492063492
273,0.3077538628698434,0.2420308161302393,760,233.89293578108098,3.764411027568922
274,0.30775610660423686,0.2420308161302393,760,233.89464101922002,3.764411027568922
275,0.30775610660423686,0.2420308161302393,760,233.89464101922002,3.764411027568922
276,0.30775610660423686,0.2420308161302393,760,233.89464101922002,3.764411027568922
277,0.3048952161357431,0.2393659471678171,760,231.72036426316475,3.764411027568922
278,0.30775610660423686,0.2420308161302393,760,233.89464101922002,3.764411027568922
279,0.30775610660423686,0.2420308161302393,760,233.89464101922002,3.764411027568922
280,0.25384561222564,0.2238712890472309,785,199.26880559712743,3.750401284109149
281,0.134767418969412,0.10598137836614491,828,111.58742290667314,3.6482903000697835
282,0.1278920741373683,0.107505641973582,698,89.26866774788309,3.77071129707113
283,0.1278920741373683,0.107505641973582,698,89.26866774788309,3.77071129707113
284,0.1278920741373683,0.107505641973582,698,89.26866774788309,3.77071129707113
285,0.11143178066773157,0.0911999157560155,761,84.79958508814373,3.813852813852814
286,0.08181427277540682,0.0413860702730626,783,64.06057558314353,3.8110289172831204
287,0.09535600691086527,0.0653324923959257,570,54.352923939193204,3.781477627471384
288,0.06857512008127872,0.0390715809372969,831,56.98592478754262,3.8557749850388987
289,0.13202159209137151,0.0928223323705774,693,91.49096331932046,3.648214285714286
290,0.06436930481780742,0.0371311277797585,776,49.95058053861856,3.739657631954351
291,0.09941047137405581,0.0673501804403834,763,75.85018965840459,3.7396061269146608
292,0.15149404381856807,0.1068085422981294,763,115.58995543356744,3.7396061269146608
293,0.15934345236702493,0.1170516942030116,727,115.84268987082713,3.743931088488645
294,0.15222848084228577,0.1011382852343456,793,120.71718530793261,3.71090387374462
295,0.2077815443468643,0.1509397138705948,793,164.7707646670634,3.71090387374462
296,0.22728080109374266,0.1630970193133486,761,172.96068963233816,3.713957055214724
297,0.22728080109374266,0.1630970193133486,761,172.96068963233816,3.713957055214724
298,0.22728080109374266,0.1630970193133486,761,172.96068963233816,3.713957055214724
299,0.22190147841522279,0.1632029399431638,783,173.74885759911945,3.705223880597015
300,0.21887190123300937,0.1614067921412519,835,182.7580375295628,3.740790354989953
301,0.21233608976036444,0.1520957718365921,827,175.6019462318214,3.52
302,0.2532407296117942,0.1911032541403032,813,205.8847131743887,3.5156993339676497
303,0.2853764791841016,0.2172777316325717,813,232.0110775766746,3.5156993339676497
304,0.3114931717641217,0.2294772061008829,813,253.24394864423098,3.5156993339676497
305,0.31417702949140863,0.2339276702429192,813,255.4259249765152,3.5156993339676497
306,0.3109431983621826,0.2284105411402135,813,252.79682026845447,3.5156993339676497
307,0.31363351954170626,0.2413572558146041,802,251.53408267244842,3.489108910891089
308,0.31843058662859286,0.2484094322722154,790,251.56016343658837,3.486266531027467
309,0.3205394466420401,0.25043836855537027,780,250.02076838079128,3.4917355371900825
310,0.2952269076023669,0.2218715252568142,809,238.83856825031484,3.487051792828685
311,0.18988794011636603,0.1325946046949959,827,157.0373264762347,3.510859301227573
312,0.16499133416105588,0.1208439659570007,766,126.3833619673688,3.5101214574898787
313,0.10129555156602328,0.07244082505198984,766,77.59239249957383,3.5101214574898787
314,0.09345476814217361,0.06426577143994949,752,70.27798564291456,3.604343720491029
315,0.09670249789020714,0.06635691528750555,748,72.33346842187494,3.7334494773519165
316,0.09641974246055221,0.0682730682230293,701,67.5902394648471,3.6046986721144023
317,0.10986764123936926,0.0885458139940671,611,67.12912879725462,3.70501138952164
318,0.0918096659828588,0.0647141432432364,743,68.21458182526409,3.6228571428571428
319,0.0957375197074943,0.070092949248396,743,71.13297714266827,3.6228571428571428
320,0.1014271307685048,0.077011779739837,743,75.36035816099907,3.6228571428571428
321,0.10869659278987195,0.084811467529562,743,80.76156844287486,3.6228571428571428
322,0.13297123295354807,0.1051062089473232,747,99.32951101630042,3.475510204081633
323,0.15903018762427598,0.1223135636471115,722,114.81979546472726,3.5116525423728815
324,0.15142632097410977,0.1132170913465174,765,115.84113554519398,3.4874623871614845
325,0.14710055927536425,0.11823277902736,765,112.53192784565366,3.4874623871614845
326,0.1404595357348428,0.1168526152108716,765,107.45154483715474,3.4874623871614845
327,0.14824695933031737,0.1275950028531315,724,107.33079855514978,3.539053905390539
328,0.14824695933031737,0.1275950028531315,724,107.33079855514978,3.539053905390539
329,0.14824695933031737,0.1275950028531315,724,107.33079855514978,3.539053905390539
330,0.14824695933031737,0.1275950028531315,724,107.33079855514978,3.539053905390539
331,0.14790599103185625,0.1260873543001405,724,107.08393750706392,3.576216216216216
332,0.1469796748008043,0.1240032727804009,724,106.41328455578231,3.5808189655172415
333,0.14683999635569217,0.1240032727804009,720,105.72479737609837,3.546961325966851
334,0.14641890577132943,0.1240032727804009,724,106.00728777844252,3.539053905390539
335,0.14755242612538055,0.1240032727804009,724,106.82795651477552,3.539053905390539
336,0.14715943335813647,0.1240032727804009,724,106.5434297512908,3.539053905390539
337,0.19537458478662537,0.15117750404801844,898,175.44637713838958,3.7948387096774194
338,0.34912038893265274,0.2684369810853592,842,293.9593674812936,3.7567185289957568
339,0.36849871849272503,0.28383483859833936,816,300.6949542900636,3.6847405112316034
340,0.35701913090854814,0.27451782370461125,816,291.3276108213753,3.6847405112316034
341,0.3626599864317835,0.2776372356967597,832,301.73310871124386,3.703484062268347
342,0.4039558392700066,0.31631796614605434,846,341.7466400224256,3.6949891067538125
343,0.344348957314976,0.2697959789427776,868,298.89489494939914,3.7045454545454546
344,0.27270501491210225,0.2063064190017785,833,227.16327742178117,3.710861423220974
345,0.44759671625529224,0.35060109118586497,886,396.5706906021889,3.8021091811414394
346,1.1467309563857717,0.8196777528555141,826,947.1997699746474,3.5701892744479493
347,1.5360890055455878,0.9887779346530758,864,1327.1809007913878,3.640416047548291
348,0.8775135416223745,0.6514586628299818,813,713.4185093389905,3.7084664536741214
349,0.9490954837163954,0.7626267161998617,743,705.1779444012818,3.6770293609671847
350,0.8598556307754078,0.6462404879430568,798,686.1647933587755,3.6794071762870515
351,0.567853592086357,0.432003996926624,824,467.91135987915817,3.68208516886931
352,0.38925692936733886,0.3123863615345881,727,282.98978765005535,3.5562130177514795
353,0.442543610429248,0.3642996952159022,727,321.7292047820633,3.5562130177514795
354,0.34677165691876227,0.2540324446701594,727,252.10299457994017,3.5562130177514795
355,0.36516691690436365,0.2973981680283356,663,242.1056659075931,3.6052921719955897
356,0.3318109644847307,0.25813870193434435,726,240.8947602159145,3.7397521448999047
357,0.35228620869587113,0.2410690993178226,653,230.04289427840385,3.7673684210526317
358,0.29252811340021223,0.2525416769938333,675,197.45647654514326,3.7424714434060227
359,0.281880507634016,0.2235733432159699,853,240.44407301181568,4.05123339658444
360,0.29683731006057307,0.2205655747319683,886,262.9978567136677,4.061988304093568
361,0.2891091947361175,0.2088407239917883,790,228.39626384153286,4.083395383469844
362,0.24140911168059173,0.1685430209855355,799,192.8858802327928,4.070953436807096
363,0.1646467563448758,0.06690397722655231,804,132.37599210128013,4.078045222465354
364,0.2810022418835358,0.2074741908321555,679,190.8005222389208,3.7091439688715955
365,0.33707798962941715,0.2915873181437189,632,213.03328944579164,3.647513812154696
366,0.32852140288076953,0.23060255058493428,698,229.30793921077714,3.6328740157480315
367,0.4344767896091319,0.32344921717466757,744,323.25073146919414,3.6969964664310955
368,0.627263067351372,0.49256741451487923,754,472.9563527829345,3.6906854130052724
369,0.8103794254072519,0.6630902785609197,606,491.0899317967947,3.788748564867968
370,0.8103794254072519,0.6630902785609197,606,491.0899317967947,3.788748564867968
371,0.517860557387062,0.4345278855225895,819,424.1277965000038,3.8154848046309695
372,0.38322928340420015,0.3099384257595864,778,298.1523824884677,3.792063492063492
373,0.30719942069874173,0.2420308161302393,760,233.47155973104373,3.798224374495561
374,0.30775610660423686,0.2420308161302393,760,233.89464101922002,3.764411027568922
375,0.30775610660423686,0.2420308161302393,760,233.89464101922002,3.764411027568922
376,0.30749956705784526,0.2420308161302393,760,233.6996709639624,3.764411027568922
377,0.20673360215775222,0.17169078777260124,760,157.11753763989168,3.764411027568922
378,0.30775610660423686,0.2420308161302393,760,233.89464101922002,3.764411027568922
379,0.296442953173535,0.2250726541075851,785,232.70771824122494,3.750401284109149
380,0.23251062570227515,0.1981534362091978,806,187.40356431603377,3.7564491654021244
381,0.13108855588285295,0.1121554043847772,744,97.52988557684259,3.732114467408585
382,0.1278920741373683,0.107505641973582,698,89.26866774788309,3.77071129707113
383,0.11730635519947705,0.0916142332907855,791,92.78932696278635,3.6656694091249067
384,0.09416218134718886,0.0692987951369009,842,79.28455669433302,3.7264957264957266
385,0.07703102097966665,0.0301068547653656,808,62.24106495157065,3.80078125
386,0.09560837352520764,0.0620692323593448,570,54.49677290936835,3.8168316831683167
387,0.09882072292719997,0.0671282902506133,544,53.758473272396785,3.786764705882353
388,0.08146299096540088,0.0513508163809555,781,63.62259594397809,3.6035686578743213
389,0.20314594372948344,0.1444646961059405,693,140.78013900453203,3.648214285714286
390,0.08715028546401528,0.0591046234461105,611,53.24882441851334,3.614830072090628
391,0.08453013293010077,0.0599548870132417,603,50.97167015685076,3.6231884057971016
392,0.10174424218826575,0.0689266805921026,763,77.63085678964677,3.7396061269146608
393,0.14955969962529145,0.1093958992981328,763,114.11405081409737,3.7396061269146608
394,0.15238952291038654,0.1080654531386042,754,114.90170027443146,3.738059701492537
395,0.1511575156421753,0.098432057079888,793,119.86790990424502,3.71090387374462
396,0.2159933288885676,0.1605523313863942,793,171.2827098086341,3.71090387374462
397,0.22207357037655837,0.1630970193133486,772,171.44079633070305,3.7237237237237237
398,0.2096798719467849,0.1524719164199846,841,176.34077230724608,3.7394179894179893
399,0.20434704502718484,0.1624308187367276,851,173.8993353181343,3.739921976592978
400,0.19328204230737112,0.1570358847032888,847,163.70988983434333,3.7346002621231977
401,0.10732984318624253,0.0748315592058775,775,83.18062846933796,3.4573304157549236
402,0.14456980073741868,0.1015437279437175,775,112.04159557149947,3.4573304157549236
403,0.1796550217771112,0.1301658177929478,775,139.2326418772612,3.4573304157549236
404,0.17302074657520528,0.1201365414878229,827,143.08815741769476,3.52
405,0.17364886912755179,0.1251642225162472,827,143.60761476848532,3.52
406,0.21004835142944547,0.151877675111628,827,173.7099866321514,3.52
407,0.21606679432142653,0.162292199018858,833,179.9836396697483,3.523941068139963
408,0.25798237652396655,0.20226561320733127,824,212.57747825574842,3.520263901979265
409,0.21252664132243296,0.16600247072568244,824,175.12195244968476,3.520263901979265
410,0.1583099776306746,0.12077623462052245,824,130.44742156767586,3.520263901979265
411,0.12356305427514126,0.0899177493255295,761,94.0314843033825,3.5166498486377398
412,0.11495403118812693,0.0814289019862611,646,74.26030414753,3.517811704834606
413,0.11495403118812693,0.0814289019862611,646,74.26030414753,3.517811704834606
414,0.10856732032321215,0.0779212125439581,684,74.2600471010771,3.4542168674698797
415,0.10445204455801985,0.0716793892514927,705,73.63869141340399,3.517357222844345
416,0.09249132802677083,0.0613683447864153,774,71.58828789272063,3.6255625562556255
417,0.09755188457187021,0.0709314266924594,743,72.48105023689956,3.6228571428571428
418,0.10721286517785898,0.0845701673426135,743,79.65915882714923,3.6228571428571428
419,0.1169792165584524,0.0963313963969284,698,81.65149315779978,3.5401129943502827
420,0.1169792165584524,0.0963313963969284,698,81.65149315779978,3.5401129943502827
421,0.12412565321902823,0.0984393448071828,744,92.349485994957,3.4825819672131146
422,0.15331157530597525,0.1166104292674329,744,114.06381202764558,3.4825819672131146
423,0.1487788659403351,0.1114551333897469,765,113.81583244435636,3.517821782178218
424,0.14278654750460454,0.1166490741045321,765,109.23170884102247,3.517821782178218
425,0.14824695933031737,0.1275950028531315,724,107.33079855514978,3.539053905390539
426,0.14824695933031737,0.1275950028531315,724,107.33079855514978,3.539053905390539
427,0.14824695933031737,0.1275950028531315,724,107.33079855514978,3.539053905390539
428,0.14824695933031737,0.1275950028531315,724,107.33079855514978,3.539053905390539
429,0.14824695933031737,0.1275950028531315,724,107.33079855514978,3.539053905390539
430,0.14824695933031737,0.1275950028531315,724,107.33079855514978,3.539053905390539
431,0.14820815369872914,0.1275950028531315,724,107.3027032778799,3.543859649122807
432,0.13917267558904636,0.1189250550153555,724,100.76101712646957,3.576216216216216
433,0.15136135769943987,0.1266627386376958,766,115.94279999777093,3.585249042145594
434,0.14635677618309129,0.1240032727804009,724,105.96230595655808,3.539053905390539
435,0.14811872098434448,0.1275682820463084,724,107.2379539926654,3.539053905390539
436,0.12512309534665406,0.0951824609196439,879,109.98320080970892,3.7364016736401675
437,0.29660303250889664,0.2241781168530685,879,260.71406557532015,3.7364016736401675
438,0.3674761433811251,0.27982319777590925,816,299.8605329989981,3.6847405112316034
439,0.3675911891582334,0.2802745312091802,816,299.9544103531185,3.6847405112316034
440,0.3674289587094308,0.2796380886792622,816,299.82203030689556,3.6847405112316034
441,0.3951221262836836,0.3270828878673031,835,329.9269754468758,3.680772086117298
442,0.43646594966768265,0.3864774345324008,869,379.28891026121624,3.699453551912568
443,0.4827942766862371,0.453266272180321,849,409.8923409066153,3.672727272727273
444,0.36826389752057886,0.2895012300090465,811,298.6620208891895,3.6839171974522293
445,0.4712701989087398,0.3878056753301971,873,411.41888364732984,3.7840616966580978
446,0.7814143727355549,0.6166144199661028,785,613.4102825974106,3.624792013311148
447,0.882866221290171,0.6876137757119829,864,762.7964151947077,3.640416047548291
448,0.998139878464518,0.7207467406729096,875,873.3723936564533,3.698099415204678
449,0.7925285500769713,0.582900633487099,824,653.0435252634244,3.6552511415525113
450,0.5434817009243557,0.4036887079403956,824,447.82892156166906,3.68208516886931
451,0.36000205367435484,0.2870168824039458,741,266.76152177269694,3.553435114503817
452,0.4823597247406398,0.3892336462384342,727,350.67551988644516,3.5562130177514795
453,0.3793571317142594,0.3080286430077961,727,275.7926347562666,3.5562130177514795
454,0.36516691690436365,0.2973981680283356,663,242.1056659075931,3.6052921719955897
455,0.36516691690436365,0.2973981680283356,663,242.1056659075931,3.6052921719955897
456,0.3397066529456281,0.2294555440851765,726,246.627030038526,3.7397521448999047
457,0.45347915740820177,0.33945680142854656,568,257.5761614078586,3.815028901734104
458,0.3815194482803091,0.2779643324719217,788,300.6373252448836,4.040832666132906
459,0.33527364535611714,0.2670947445825027,788,264.1956325406203,4.035655058043118
460,0.38221509659278063,0.3013646781012608,758,289.71904321732774,4.118670886075949
461,0.39005865971115317,0.2950693858656524,763,297.6147573596099,4.114779874213837
462,0.35783613019487304,0.2664518773596177,744,266.23008086498555,4.0995850622406635
463,0.31046907648096705,0.2043252900188212,821,254.89511179087395,4.092383638928068
464,0.3879159329943296,0.2657449380648365,811,314.5998216584013,4.043879907621247
465,0.4014592335974426,0.26792178581753573,828,332.4082454186825,4.044985250737463
466,0.44953910277752585,0.1669722038069959,813,365.4752905581285,4.026636225266362
467,0.6072958987788983,0.3160290309622677,626,380.1672326355903,3.591715976331361
468,0.45170570924379233,0.36566218101687564,692,312.5803507967043,3.6666666666666665
469,0.5991261794296898,0.5108287887699996,676,405.0092972944703,3.7040923399790135
470,0.5931847971205112,0.4790599781849093,717,425.3134995354065,3.75749063670412
471,0.4245691079675924,0.3329803173477187,841,357.0626198007452,3.845945945945946
472,0.26134978205258386,0.23075959313886574,822,214.82952084722393,3.817987152034261
473,0.25270843897475714,0.2128310912752167,822,207.72633683725036,3.8074127906976742
474,0.27905919536023027,0.2229310333460284,799,222.968297092824,3.758782201405152
475,0.27753703144709013,0.2333588388998708,785,217.86656968596574,3.750401284109149
476,0.26415880593774294,0.2253309596773906,785,207.3646626611282,3.750401284109149
477,0.24806951136121363,0.2115717110987473,785,194.7345664185527,3.750401284109149
478,0.2509518437294329,0.2213573977106394,785,196.99719732760485,3.750401284109149
479,0.2658087200030623,0.2277269427022279,785,208.65984520240394,3.750401284109149
480,0.21087753343748578,0.17706744029406635,772,162.79745581373902,3.7328714395688993
481,0.1278285329490446,0.1073200698001513,698,89.22431599843313,3.77071129707113
482,0.1278920741373683,0.107505641973582,698,89.26866774788309,3.77071129707113
483,0.10043035503147203,0.07183941416294035,904,90.78904094845072,3.7449625791594703
484,0.07608208419447395,0.0274350491433709,761,57.89846607199467,3.813852813852814
485,0.1018689241865418,0.0599548870132417,570,58.06528678632883,3.781477627471384
486,0.09935740588270747,0.0671282902506133,544,54.05042880019286,3.740863787375415
487,0.09935740588270747,0.0671282902506133,544,54.05042880019286,3.740863787375415
488,0.09935740588270747,0.0671282902506133,544,54.05042880019286,3.740863787375415
489,0.09935740588270747,0.0671282902506133,544,54.05042880019286,3.740863787375415
490,0.09935740588270747,0.0671282902506133,544,54.05042880019286,3.740863787375415
491,0.0896247043127223,0.0599548870132417,603,54.04369670057155,3.6231884057971016
492,0.07701238611990546,0.0506534518674884,647,49.82701381957884,3.6028846153846152
493,0.08786963271433207,0.0642723259785534,797,70.03209727332266,3.737021857923497
494,0.13517701357577408,0.094983201837404,787,106.3843096841342,3.7346796657381613
495,0.14510609502893246,0.1067038362856116,777,112.74743583748051,3.727668845315904
496,0.16939733582039923,0.1255176918352881,836,141.61617274585376,3.7208994708994707
497,0.1891242327088682,0.1511221101387061,839,158.6752312427404,3.7364238410596027
498,0.18932512689413827,0.1610098754728657,851,161.11568298691168,3.739921976592978
499,0.23174907090543803,0.1976018841624495,691,160.13860799565768,3.5428571428571427
500,0.23000801039757843,0.1976018841624495,691,158.9355351847267,3.5428571428571427
501,0.12063885545174692,0.0903861462111345,678,81.79314399628441,3.496954933008526
502,0.12063885545174692,0.0903861462111345,678,81.79314399628441,3.496954933008526
503,0.12063885545174692,0.0903861462111345,678,81.79314399628441,3.496954933008526
504,0.12063885545174692,0.0903861462111345,678,81.79314399628441,3.496954933008526
505,0.12063885545174692,0.0903861462111345,678,81.79314399628441,3.496954933008526
506,0.12063885545174692,0.0903861462111345,678,81.79314399628441,3.496954933008526
507,0.11939433295967158,0.0883081274165652,697,83.2178500728911,3.4785714285714286
508,0.12916540180870742,0.1081728050322943,697,90.02828506066908,3.4785714285714286
509,0.1358655941175059,0.115158079005843,670,91.02994805872895,3.482716049382716
510,0.1358655941175059,0.115158079005843,670,91.02994805872895,3.482716049382716
511,0.12938121295211397,0.10783096722780436,670,86.68541267791636,3.482716049382716
512,0.11228687826724942,0.07832675383762541,758,85.11345372657506,3.444326617179215
513,0.10681447899024668,0.0770440053446209,758,80.96537507460698,3.444326617179215
514,0.10545492519264435,0.075349235206642,692,72.97480823330989,3.541619156214367
515,0.09128843698851899,0.0646526848830156,705,64.35834807690588,3.5573951434878586
516,0.08907985762582683,0.0551044074892801,772,68.76965008713832,3.5918762088974856
517,0.11260364386916588,0.0899111133240077,716,80.62420901032277,3.58377239199157
518,0.1169792165584524,0.0963313963969284,698,81.65149315779978,3.5401129943502827
519,0.1169792165584524,0.0963313963969284,698,81.65149315779978,3.5401129943502827
520,0.11139721930428016,0.0887697507958827,744,82.87953116238444,3.4825819672131146
521,0.13360618135719338,0.09995972601244016,782,104.48003382132522,3.5
522,0.14712269499483185,0.1152096713059047,762,112.10749358606186,3.524850894632207
523,0.14027497416451148,0.1168733297174535,762,106.88953031335775,3.524850894632207
524,0.14619107720112198,0.1240032727804009,724,105.84233989361232,3.5748373101952278
525,0.14723170610304626,0.1240032727804009,724,106.59575521860549,3.5748373101952278
526,0.14775111873859645,0.1250092048739856,724,106.97180996674382,3.5748373101952278
527,0.14824111000702517,0.1275950028531315,724,107.32656364508622,3.5748373101952278
528,0.14824695933031737,0.1275950028531315,724,107.33079855514978,3.539053905390539
529,0.14824695933031737,0.1275950028531315,724,107.33079855514978,3.539053905390539
530,0.14824695933031737,0.1275950028531315,724,107.33079855514978,3.539053905390539
531,0.14816301832917603,0.1275950028531315,724,107.27002527032344,3.543859649122807
532,0.14683999635569217,0.1240032727804009,720,105.72479737609837,3.58414766558089
533,0.16054468391405063,0.1349878463660995,776,124.58267471730329,3.5921421889616463
534,0.1772989351362305,0.1457630365842911,776,137.58397366571486,3.56315289648623
535,0.13413869614789167,0.1151363624565566,724,97.11641601107357,3.539053905390539
536,0.188052881856806,0.1468591631151744,879,165.29848315213246,3.7364016736401675
537,0.36557841322697726,0.2756262736594791,814,297.5808283667595,3.688664596273292
538,0.3668570071554669,0.27784009469388,816,299.35531783886097,3.6847405112316034
539,0.36761454837982915,0.27784009469388,814,299.23824238118095,3.688664596273292
540,0.3668136867021879,0.27784009469388,816,299.3199683489853,3.6847405112316034
541,0.37537117854843866,0.2984093979269213,835,313.43493408794626,3.6856931060044476
542,0.40841533070122193,0.3572375942480335,835,341.0268011355203,3.680772086117298
543,0.4377313254061114,0.4018913460417096,876,383.4526410557536,3.6788475052705554
544,0.42227093881917205,0.3410301446539919,876,369.9093424055947,3.678621659634318
545,0.47857489527740704,0.4494998614452404,893,427.3673814827245,3.763488080301129
546,0.6848497902974069,0.5371402827857232,956,654.716399524321,3.8231368186874306
547,0.8558176901308305,0.6542094513547884,851,728.3008543013368,3.6803584764749813
548,0.771581149541122,0.5927546694162454,908,700.5956837833388,3.732130928523714
549,0.4424624050611027,0.3903211269367589,873,386.26967961834265,3.728940217391304
550,0.40456389880345905,0.3332103862600387,741,299.78184901336317,3.553435114503817
551,0.47756450522131033,0.3822927627168416,727,347.1893952958926,3.5562130177514795
552,0.37021506748094735,0.2973981680283356,727,269.14635405864874,3.5562130177514795
553,0.36516691690436365,0.2973981680283356,663,242.1056659075931,3.6052921719955897
554,0.36516691690436365,0.2973981680283356,663,242.1056659075931,3.6052921719955897
555,0.31952428757235146,0.2446433079886765,726,231.97463277752718,3.7397521448999047
556,0.32995139843605953,0.1853478665359691,823,271.550000912877,4.0165912518853695
557,0.3674728962601959,0.267613633255609,723,265.68290399612164,4.082191780821918
558,0.49901965668263143,0.35545926037613484,770,384.2451356456262,4.039199332777314
559,0.5737072217055903,0.3692156630538259,800,458.9657773644723,4.009779951100245
560,0.4511187746261939,0.31457978075035287,782,352.7748817576836,4.08288148721921
561,0.39055534471020903,0.2899638860136077,804,314.0064971470081,4.093492894540015
562,0.3610355498072839,0.2470857314760675,699,252.36384931529147,4.156010230179028
563,0.4068809464900677,0.2892877356151968,699,284.4097815965573,4.156010230179028
564,0.5229523085613207,0.3654808727438176,713,372.86499600422167,4.092069279854147
565,0.5396005511489405,0.3680185394125869,715,385.8143940714924,4.096451319381256
566,0.4678538129574362,0.284947079436338,802,375.21875799186387,4.036407766990291
567,0.5068812990406635,0.402165851178722,626,317.30769319945534,3.591715976331361
568,0.4579149991434504,0.377944763894856,601,275.2069144852137,3.646060606060606
569,0.3940008279391426,0.3204367519513575,698,275.0125779015215,3.781576448243115
570,0.4893439476803799,0.4172354858579113,700,342.54076337626594,3.764705882352941
571,0.32997879118204654,0.2844554599649576,707,233.2950053657069,3.682902584493042
572,0.276944269366653,0.232611192720589,679,188.04515889995739,3.6427015250544663
573,0.2308865552279621,0.1636405572395567,775,178.93708030167062,3.7959028831562973
574,0.22619028715879558,0.14867096075872,775,175.29747254806657,3.7959028831562973
575,0.23196205696900776,0.1800218556460036,775,179.77059415098103,3.7959028831562973
576,0.24246909710132697,0.2065173569983511,775,187.9135502535284,3.7959028831562973
577,0.24658507556431794,0.2134498369963771,757,186.66490220218867,3.787665886026542
578,0.24058193564867048,0.1986950127176549,781,187.89449174161163,3.772351615326822
579,0.22196535497153577,0.1767581787444667,835,185.34107140123237,3.728454172366621
580,0.2918619919361601,0.2094395102319403,880,256.83855290382087,3.655663430420712
581,0.12389235744835973,0.1002987134658031,715,88.58303557557721,3.814755412991179
582,0.08593108911384213,0.0622475321140739,764,65.6513520829754,3.816473988439306
583,0.06815825921822033,0.0231454028211792,785,53.50423348630296,3.809264305177112
584,0.0993193128123704,0.0418126152049135,604,59.98886493867172,3.708080808080808
585,0.09641693858372782,0.063529984192758,570,54.95765499272486,3.781477627471384
586,0.09935740588270747,0.0671282902506133,544,54.05042880019286,3.740863787375415
587,0.09935740588270747,0.0671282902506133,544,54.05042880019286,3.740863787375415
588,0.09935740588270747,0.0671282902506133,544,54.05042880019286,3.740863787375415
589,0.09935740588270747,0.0671282902506133,544,54.05042880019286,3.740863787375415
590,0.09935740588270747,0.0671282902506133,544,54.05042880019286,3.740863787375415
591,0.08564357037458384,0.0575566179476545,620,53.09901363224198,3.644488579940417
592,0.0756727806332852,0.0511153242598042,620,46.917123992636824,3.644488579940417
593,0.0869212422685556,0.0655692667758435,532,46.24210088687158,3.7205882352941178
594,0.08782418070705912,0.0631661352738787,749,65.78031134958728,3.758493353028065
595,0.1446084869960987,0.10948957845249364,944,136.51041172431718,3.7848101265822787
596,0.16626477182656518,0.1434256348305989,832,138.33229015970224,3.7459893048128343
597,0.1772006460965066,0.1508640272782613,841,149.02574336716205,3.798753894080997
598,0.24842874037057486,0.2092429707718617,673,167.19254226939688,3.543524416135881
599,0.2411124878592117,0.2033976954026584,691,166.60872911071527,3.5428571428571427
600,0.2356714346862771,0.2022737743066631,691,162.8489613682175,3.5428571428571427
601,0.12063885545174692,0.0903861462111345,678,81.79314399628441,3.496954933008526
602,0.12063885545174692,0.0903861462111345,678,81.79314399628441,3.496954933008526
603,0.12063885545174692,0.0903861462111345,678,81.79314399628441,3.496954933008526
604,0.12063885545174692,0.0903861462111345,678,81.79314399628441,3.496954933008526
605,0.12063885545174692,0.0903861462111345,678,81.79314399628441,3.496954933008526
606,0.12063885545174692,0.0903861462111345,678,81.79314399628441,3.496954933008526
607,0.1103371555249577,0.07883177030477154,754,83.1942152658181,3.7054478301015696
608,0.11820159664373979,0.095241108725683,765,90.42422143246094,3.6998175182481754
609,0.1358655941175059,0.115158079005843,670,91.02994805872895,3.482716049382716
610,0.1358655941175059,0.115158079005843,670,91.02994805872895,3.482716049382716
611,0.1297876578835824,0.1093879669628932,692,89.81305925543903,3.541619156214367
612,0.12923306421906341,0.069739229988504,1093,141.25173919143631,3.8220108695652173
613,0.09003645914952739,0.0547682474473438,1027,92.46744354656462,3.6925177498634625
614,0.09469747614128685,0.0692808781526338,692,65.5306534897705,3.541619156214367
615,0.10028137450980742,0.0711403801019432,609,61.07135707647272,3.647727272727273
616,0.09307029501552329,0.0665214938745086,655,60.96104323516776,3.578125
617,0.10489940227925999,0.0834878762835661,744,78.04515529576943,3.5736196319018405
618,0.1169792165584524,0.0963313963969284,698,81.65149315779978,3.5401129943502827
619,0.1169792165584524,0.0963313963969284,698,81.65149315779978,3.5401129943502827
620,0.1307458894390419,0.10079278822946569,782,102.24328554133076,3.5
621,0.1372108369861305,0.113826508495987,782,107.29887452315407,3.5
622,0.14683999635569217,0.1240032727804009,720,105.72479737609837,3.582788671023965
623,0.14683999635569217,0.1240032727804009,720,105.72479737609837,3.582788671023965
624,0.14683999635569217,0.1240032727804009,720,105.72479737609837,3.582788671023965
625,0.14683999635569217,0.1240032727804009,720,105.72479737609837,3.582788671023965
626,0.14683999635569217,0.1240032727804009,720,105.72479737609837,3.582788671023965
627,0.14699912607970014,0.1240032727804009,724,106.4273672817029,3.5748373101952278
628,0.14810333644886498,0.1274611820108551,724,107.22681558897824,3.5748373101952278
629,0.14824695933031737,0.1275950028531315,724,107.33079855514978,3.539053905390539
630,0.14798691015349907,0.1266506758777309,724,107.14252295113333,3.5748373101952278
631,0.14753274973853797,0.1240032727804009,724,106.8137108107015,3.576216216216216
632,0.14649093915799344,0.1240032727804009,724,106.05943995038724,3.543859649122807
633,0.14607436322645173,0.1240032727804009,724,105.75783897595106,3.576216216216216
634,0.18186834399822185,0.14870795205413434,770,140.03862487863083,3.5782442748091605
635,0.12541306289869694,0.09389289392310425,878,110.11266922505591,3.7386759581881535
636,0.28370138736323536,0.21430340322864483,878,249.08981810492065,3.7386759581881535
637,0.35596017637131305,0.2715989354374889,814,289.7515835662488,3.7084615384615383
638,0.3653363980452455,0.2819887679474966,835,305.05589236777996,3.6834692364714603
639,0.36761454837982915,0.27784009469388,814,299.23824238118095,3.688664596273292
640,0.36761454837982915,0.27784009469388,814,299.23824238118095,3.688664596273292
641,0.361858226151283,0.27651663238762375,846,306.1320593239854,3.688475836431227
642,0.3589675983653455,0.2765948648328894,846,303.68658821708226,3.6833084947839048
643,0.37765660832964043,0.3244348693585529,876,330.827188896765,3.678621659634318
644,0.4992096175240768,0.4162748307124101,978,488.2270059385471,3.879027997886952
645,0.5902110212820817,0.5539911455616289,850,501.67936808976947,3.71521268925739
646,0.776283412323771,0.5703938400603917,1057,820.5315668262259,3.886686772942697
647,1.1415753507958681,0.9901273555819214,830,947.5075411605706,3.7211246200607904
648,0.9988526504614045,0.862465144671747,851,850.0236055426552,3.7221818181818183
649,0.843034276517118,0.746854113383288,802,676.1134897667287,3.574275362318841
650,0.7323848727247042,0.599663671437621,842,616.6680628342009,3.6579804560260585
651,0.48309960304232674,0.4060122200232094,803,387.92898124298836,3.5738585496866606
652,0.40693758474260633,0.3260305685846072,680,276.7175576249723,3.5837837837837836
653,0.39137440339891505,0.3133438804975264,680,266.1345943112622,3.5837837837837836
654,0.3824571709931619,0.3080286430077961,680,260.0708762753501,3.5837837837837836
655,0.3199810447655742,0.2535014239732677,843,269.74402073737906,4.014925373134329
656,0.4483606448074878,0.3146356933245892,723,324.1647461958137,4.082191780821918
657,0.44692192275595916,0.309998861036676,723,323.12455015255847,4.082191780821918
658,0.44212278503778313,0.319367313801857,759,335.5711938436774,4.041702867072111
659,0.5859659163895848,0.4310421224710103,726,425.41125529883857,4.06875
660,0.5869133682736638,0.4310421224710103,739,433.72897915423755,4.115953947368421
661,0.5392024423342539,0.3662821266931743,753,406.01943907769316,4.0741687979539645
662,0.3730726687770787,0.2487062472899883,683,254.80863277474475,4.107407407407408
663,0.4037210061162632,0.28770732478932,683,275.7414471774078,4.107407407407408
664,0.5230320535946487,0.3414537898913624,706,369.26062983782197,4.097895699908508
665,0.5488864150713648,0.3436285036644688,700,384.2204905499554,4.105166051660516
666,0.5191820748290357,0.3685133815765465,870,451.688405101261,4.095302013422819
667,0.46277034012282836,0.3808980756312869,717,331.80633386806795,3.8179396092362343
668,0.4128504875534996,0.3371769843179122,747,308.3993142024642,3.8724614134849715
669,0.3495599150422062,0.3117018742768901,689,240.84678146408007,3.6783505154639173
670,0.31298319720022993,0.2604250936547448,683,213.76752368775706,3.676715176715177
671,0.2765769950088156,0.2341279398001522,679,187.7957796109858,3.6427015250544663
672,0.2823854016828528,0.2162429331117,628,177.33803225683158,3.710059171597633
673,0.2823854016828528,0.2162429331117,628,177.33803225683158,3.710059171597633
674,0.2823854016828528,0.2162429331117,628,177.33803225683158,3.710059171597633
675,0.2823854016828528,0.2162429331117,628,177.33803225683158,3.710059171597633
676,0.2683165744598465,0.2071759707900692,679,182.18695405823578,3.6427015250544663
677,0.2968331279641852,0.24955403125521,649,192.6447000487562,3.6444188722669737
678,0.25948100581582,0.21515160327297633,722,187.34528619902204,3.5613346418056917
679,0.17398988310579988,0.1358150250981536,813,141.4537749650153,3.7397454031117396
680,0.1534758851606906,0.1216399428561457,815,125.08284640596284,3.8036935704514363
681,0.10915654050847994,0.0788867652276559,779,85.03294505610587,3.7593543653705064
682,0.075587735846743,0.032314854478136354,732,55.33022263981588,3.6099547511312218
683,0.09675188545331544,0.0408707114961134,592,57.27711618836274,3.7209797657082
684,0.10410697670425992,0.0565918455950094,570,59.340976721428156,3.781477627471384
685,0.09487484841624277,0.0669606710678211,570,54.078663597258384,3.781477627471384
686,0.09935740588270747,0.0671282902506133,544,54.05042880019286,3.740863787375415
687,0.09935740588270747,0.0671282902506133,544,54.05042880019286,3.740863787375415
688,0.09935740588270747,0.0671282902506133,544,54.05042880019286,3.740863787375415
689,0.09935740588270747,0.0671282902506133,544,54.05042880019286,3.740863787375415
690,0.09935740588270747,0.0671282902506133,544,54.05042880019286,3.740863787375415
691,0.08124602636528368,0.052882181166632,620,50.372536346475876,3.644488579940417
692,0.09584821146128727,0.0728203375842085,483,46.294686135801754,3.7851140456182475
693,0.09584821146128727,0.0728203375842085,483,46.294686135801754,3.7851140456182475
694,0.19914420630079824,0.1641286816018715,805,160.3110860721426,3.607898448519041
695,0.3377788379458593,0.2968530901917622,869,293.5298101749517,3.641025641025641
696,0.17977077829587382,0.15492461415619696,730,131.23266815598788,3.541108986615679
697,0.2030972207847216,0.1805484369689346,739,150.08884615990925,3.545284780578898
698,0.24842874037057486,0.2092429707718617,673,167.19254226939688,3.543524416135881
699,0.24842874037057486,0.2092429707718617,673,167.19254226939688,3.543524416135881
700,0.24146439930178884,0.2007441413827697,673,162.5055407301039,3.543524416135881
701,0.12063885545174692,0.0903861462111345,678,81.79314399628441,3.496954933008526
702,0.11188700116271214,0.08149956157021196,754,84.36279887668495,3.7054478301015696
703,0.12063885545174692,0.0903861462111345,678,81.79314399628441,3.496954933008526
704,0.12063885545174692,0.0903861462111345,678,81.79314399628441,3.496954933008526
705,0.12063885545174692,0.0903861462111345,678,81.79314399628441,3.496954933008526
706,0.12063885545174692,0.0903861462111345,678,81.79314399628441,3.496954933008526
707,0.10877340045814049,0.077760053767706,754,82.01514394543793,3.7054478301015696
708,0.11553542708880611,0.0898778250371351,765,88.38460172293668,3.6998175182481754
709,0.1303283487732982,0.1111502646532098,692,90.18721735112237,3.541619156214367
710,0.12241731532932851,0.10115625371293155,692,84.71278220789533,3.541619156214367
711,0.113994827858584,0.088627452062907,692,78.88442087814013,3.541619156214367
712,0.26491199934682386,0.182474744037201,1048,277.6277753154714,3.6732623033992895
713,0.1409571203836573,0.1025824036125025,963,135.74170692946197,3.723263506063947
714,0.10610347385625912,0.07828948384029905,728,77.24332896735665,3.753514526710403
715,0.0938840774240577,0.0674583540391638,728,68.347608364714,3.778703703703704
716,0.08553773310826775,0.0544701785684877,715,61.15947917241144,3.7908067542213884
717,0.09349796239755613,0.0693379879114224,744,69.56248402378176,3.5736196319018405
718,0.11125068944175295,0.0882206025516786,734,81.65800605024667,3.519607843137255
719,0.12285849497605429,0.0978794569349914,744,91.4067202621844,3.4825819672131146
720,0.13735492194957397,0.1144461299235854,782,107.41154896456685,3.5
721,0.14683999635569217,0.1240032727804009,720,105.72479737609837,3.582788671023965
722,0.14683999635569217,0.1240032727804009,720,105.72479737609837,3.582788671023965
723,0.14683999635569217,0.1240032727804009,720,105.72479737609837,3.582788671023965
724,0.14683999635569217,0.1240032727804009,720,105.72479737609837,3.582788671023965
725,0.14628040817625876,0.1240032727804009,724,105.90701551961135,3.576216216216216
726,0.14623527280670442,0.1240032727804009,724,105.87433751205401,3.576216216216216
727,0.14683999635569217,0.1240032727804009,720,105.72479737609837,3.582788671023965
728,0.1462800201417036,0.1240032727804009,724,105.9067345825934,3.5748373101952278
729,0.14706300385903456,0.1240032727804009,724,106.47361479394102,3.5748373101952278
730,0.14617828780866235,0.1240032727804009,724,105.83308037347153,3.5748373101952278
731,0.1461806004634557,0.1240032727804009,724,105.83475473554194,3.576216216216216
732,0.14624069326161696,0.1240032727804009,724,105.87826192141067,3.576216216216216
733,0.14683999635569217,0.1240032727804009,720,105.72479737609837,3.551762114537445
734,0.13595940650907093,0.1129198374994269,779,105.91237767056624,3.5907441016333936
735,0.18711544194801252,0.13948248721654405,878,164.287358030355,3.7386759581881535
736,0.36700691991513,0.2771794407709969,814,298.7436328109158,3.691711851278079
737,0.36761454837982915,0.27784009469388,814,299.23824238118095,3.688664596273292
738,0.36761454837982915,0.27784009469388,814,299.23824238118095,3.688664596273292
739,0.36761454837982915,0.27784009469388,814,299.23824238118095,3.688664596273292
740,0.36761454837982915,0.27784009469388,814,299.23824238118095,3.688664596273292
741,0.35438433536719877,0.2754921818356589,846,299.8091477206502,3.6833084947839048
742,0.4283881249574898,0.3363960565020804,862,369.2705637133562,3.686513629842181
743,0.5151852164199228,0.4298449972176551,943,485.8196590839871,3.893081761006289
744,0.9065799573045467,0.7871860354463495,970,879.3825585854103,3.9040043883708173
745,0.7362535540866505,0.6984862977624087,864,636.1230707308661,3.7929255711127485
746,0.8946912209156827,0.7705739142886942,957,856.2194984163083,3.9016759776536314
747,1.1603096460981805,1.004240509036412,942,1093.0116866244862,3.9072696050372064
748,1.0165020903497475,0.8847732719587934,915,930.0994126700189,3.8139085640695427
749,1.1488922116731646,1.0127932737829275,809,929.4537992435902,3.6677966101694914
750,1.2920238684418792,1.0360131256258391,847,1094.3442165702718,3.6874500399680255
751,1.2967175744754889,1.0377759533525475,772,1001.0659674950774,3.5106167846309404
752,1.09762999745381,0.9015517733678999,772,847.3703580343413,3.5106167846309404
753,0.6423063411550567,0.5259655257414135,808,518.9835236532858,4.023144453312051
754,0.620714513903468,0.439540351602617,757,469.8808870249253,4.03143585386576
755,0.6610509204452304,0.3991133253560397,794,524.874430833513,4.078401229823213
756,0.5375654174911102,0.3953172646618484,710,381.6714464186882,4.149176062445793
757,0.5253341461430721,0.3802940983012124,565,296.8137925708357,3.8621495327102804
758,0.4577417310669039,0.2467546705629824,787,360.2427423496534,4.023890784982935
759,0.5531343170840608,0.36993453229249,751,415.4038721301296,4.051011433597186
760,0.5566437736454068,0.3938089929781725,751,418.0394740077005,4.051011433597186
761,0.6546809194779365,0.4293855855818248,830,543.3851631666873,4.13620324629499
762,0.4523998248384461,0.3170207430272847,815,368.7058572433336,4.117261471230881
763,0.4408719039262005,0.323617953856713,787,346.9661883899198,4.15625
764,0.5571482126247649,0.3642735230959243,787,438.47564333568994,4.15625
765,0.9665090437283315,0.6838709081955293,834,806.0685424694284,4.111594202898551
766,1.535544827847563,1.048463144431023,869,1334.3884553995322,4.094885598923284
767,1.5592280350139323,1.1738448840415494,770,1200.6055869607278,3.784197111299915
768,0.7568247665816136,0.5923260553891362,866,655.4102478596774,3.7750540735400144
769,0.5677512875441046,0.4339874120236843,723,410.48418089438763,3.6221562809099903
770,0.78576199383686,0.5457665357953327,694,545.3188237227808,3.577633007600434
771,0.4501344324532584,0.3524472834537712,718,323.1965225014395,3.5869565217391304
772,0.2823854016828528,0.2162429331117,628,177.33803225683158,3.710059171597633
773,0.2823854016828528,0.2162429331117,628,177.33803225683158,3.710059171597633
774,0.2823854016828528,0.2162429331117,628,177.33803225683158,3.710059171597633
775,0.2823854016828528,0.2162429331117,628,177.33803225683158,3.710059171597633
776,0.26453937569129066,0.18718790048007444,718,189.9392717463467,3.5869565217391304
777,0.21621098304421896,0.1796274013670211,746,161.29339335098734,3.575871819038643
778,0.18208388607676468,0.1420711079881629,722,131.4645657474241,3.5613346418056917
779,0.19288178775774115,0.1506443828919511,668,128.84503422217108,3.615873015873016
780,0.15980186012520825,0.1214779501693978,749,119.69159323378098,3.6893617021276595
781,0.15089203983263796,0.1089447122728285,540,81.4817015096245,3.6654589371980677
782,0.12582335341120626,0.069250109949777,642,80.77859288999443,3.6020833333333333
783,0.0938074346840363,0.0411055100502232,695,65.19616710540522,3.621495327102804
784,0.10196969780008602,0.0599548870132417,570,58.12272774604903,3.781477627471384
785,0.09935740588270747,0.0671282902506133,544,54.05042880019286,3.740863787375415
786,0.09935740588270747,0.0671282902506133,544,54.05042880019286,3.740863787375415
787,0.09864914486176181,0.0671282902506133,544,53.66513480479843,3.740863787375415
788,0.09885657967019695,0.0671282902506133,544,53.777979340587144,3.740863787375415
789,0.09935740588270747,0.0671282902506133,544,54.05042880019286,3.740863787375415
790,0.09652660859263384,0.0671282902506133,560,54.05490081187495,3.7065217391304346
791,0.0787345310715369,0.055322730825822,620,48.81540926435287,3.644488579940417
792,0.09584821146128727,0.0728203375842085,483,46.294686135801754,3.7851140456182475
793,0.07672783619318829,0.0581049777842783,607,46.57379656926529,3.668122270742358
794,0.4621819946966374,0.3804899911788809,805,372.0565057307931,3.607898448519041
795,0.5537009629789525,0.4725942311590899,849,470.0921175691307,3.6188881446751506
796,0.18345507646829576,0.1552502595824414,849,155.7533599215831,3.6188881446751506
797,0.25625163787706795,0.2375093195488117,745,190.90747021841563,3.596585804132974
798,0.29049056056317396,0.264219145720535,722,209.7341847266116,3.588235294117647
799,0.24842874037057486,0.2092429707718617,673,167.19254226939688,3.543524416135881
800,0.23362785003168096,0.1976018841624495,673,157.23154307132128,3.543524416135881
801,0.11410884881789488,0.08184413819523251,754,86.03807200869274,3.7054478301015696
802,0.10712640093599135,0.0763618169407754,765,81.95169671603338,3.6998175182481754
803,0.1087080960319476,0.0777039680328049,754,81.96590440808849,3.7054478301015696
804,0.10867170920753597,0.07767160182269456,754,81.93846874248212,3.7054478301015696
805,0.12063885545174692,0.0903861462111345,678,81.79314399628441,3.496954933008526
806,0.11035297185168677,0.07885425673907995,754,83.20614077617182,3.7054478301015696
807,0.11280669025926826,0.08143469045175644,754,85.05624445548827,3.7054478301015696
808,0.11980834948998201,0.0907126432790463,776,92.97127920422604,3.746294681778553
809,0.1162577447051525,0.09313247688378165,692,80.45035933596553,3.541619156214367
810,0.12200783853867034,0.0898459816431239,638,77.84100098767168,3.5457920792079207
811,0.12200783853867034,0.0898459816431239,638,77.84100098767168,3.5457920792079207
812,0.12200783853867034,0.0898459816431239,638,77.84100098767168,3.5457920792079207
813,0.10801000645587062,0.0803638298830005,728,78.63128469987382,3.753514526710403
814,0.27897528293103974,0.2073581552276501,808,225.4120286082801,3.8027734976887517
815,0.07431056120931409,0.0555211606259308,767,56.99620044754391,3.8690379951495553
816,0.08431167457923244,0.05457618984633795,728,61.37889909368122,3.778703703703704
817,0.09237240401323023,0.06859824456922181,718,66.32338608149931,3.6126984126984127
818,0.10761128729091603,0.0898772155629299,773,83.1835250758781,3.470705064548163
819,0.12688472076816218,0.1011231179664476,806,102.26908493913872,3.4915572232645404
820,0.13881200319016185,0.11337828896713695,762,105.77474643090333,3.524850894632207
821,0.14683999635569217,0.1240032727804009,720,105.72479737609837,3.582788671023965
822,0.14683999635569217,0.1240032727804009,720,105.72479737609837,3.582788671023965
823,0.14683999635569217,0.1240032727804009,720,105.72479737609837,3.582788671023965
824,0.14607755417034884,0.1240032727804009,724,105.76014921933256,3.5748373101952278
825,0.14763117667315864,0.1240032727804009,731,107.91839014807897,3.5637727759914255
826,0.14616748234525606,0.1240032727804009,731,106.84842959438218,3.5637727759914255
827,0.14689743097392902,0.1240032727804009,724,106.35374002512461,3.576216216216216
828,0.14616491477337853,0.1240032727804009,724,105.82339829592607,3.576216216216216
829,0.14683999635569217,0.1240032727804009,720,105.72479737609837,3.582788671023965
830,0.14509054808452687,0.12203023783619485,732,106.20628119787368,3.5952380952380953
831,0.1672859567376262,0.1253545714493312,783,130.98490412556131,3.597537878787879
832,0.14683999635569217,0.1240032727804009,720,105.72479737609837,3.58414766558089
833,0.14683999635569217,0.1240032727804009,720,105.72479737609837,3.551762114537445
834,0.14436020919747214,0.1172657070935471,803,115.92124798557013,3.5762564991334487
835,0.28309116552764035,0.213267735080744,851,240.91058186402194,3.7278617710583153
836,0.3672873632558549,0.2774843573507166,814,298.9719136902659,3.691711851278079
837,0.36761454837982915,0.27784009469388,814,299.23824238118095,3.691711851278079
838,0.36761454837982915,0.27784009469388,814,299.23824238118095,3.688664596273292
839,0.36761454837982915,0.27784009469388,814,299.23824238118095,3.688664596273292
840,0.36761454837982915,0.27784009469388,814,299.23824238118095,3.688664596273292
841,0.37499273911723496,0.28808998174450684,846,317.2438572931808,3.6833084947839048
842,0.43036908415370734,0.33223196537280186,846,364.0922451940364,3.6833084947839048
843,0.4490206829181742,0.39571948043580496,862,387.05582867546616,3.686513629842181
844,0.5173109872181029,0.4643372679159765,905,468.16644343238306,3.7574750830564785
845,0.6194774086903487,0.5340806626777067,872,540.1843003779841,3.747826086956522
846,1.23835030901588,1.054933010925522,948,1173.9560929470542,3.9098786828422876
847,1.6764437511296342,1.3989102805410665,963,1614.4153323378378,3.9074792243767313
848,1.5251111895281722,1.1526594064163764,1019,1554.0883021292075,3.9018199233716473
849,1.8321863280797903,1.4080404221282325,914,1674.6183038649283,3.851921865154379
850,2.048739031836493,1.5348290219049687,860,1761.9155673793837,3.677621283255086
851,2.249158591723124,1.6931615864611664,828,1862.3033139467466,3.5925297113752124
852,1.7424196318755432,1.3225717066700484,838,1460.1476515117051,3.98921639108555
853,1.1987133261572729,0.9142109690351552,847,1015.31018725521,3.9842969307637404
854,0.8302985434762679,0.6024363233802491,747,620.2330119767721,4.09887250650477
855,0.897257754102345,0.6141396612191278,618,554.5052920352492,4.139026812313803
856,0.7899037499605993,0.5790891452644611,708,559.2518549721043,4.155672823218997
857,0.6446021047520132,0.2478758091374307,645,415.7683575650485,4.196750902527076
858,0.46292391749429124,0.1664215388920924,737,341.17492719329266,4.084078711985689
859,0.34273567754377854,0.259582119790504,722,247.45515918660809,4.089928057553957
860,0.31727805223321065,0.22385119734169528,780,247.47688074190432,4.032285471537808
861,0.4752034437576548,0.3886373739173167,833,395.84446865012643,4.114184397163121
862,0.6422472863373135,0.5190406883576613,774,497.09939962508065,4.12442748091603
863,0.5624916886669344,0.4097730457476071,849,477.55544367822733,4.029202279202279
864,0.9008917748039953,0.6717480693086733,873,786.4785194038878,4.016220028208744
865,1.6152850292663476,1.1104458000502402,872,1408.5285455202552,4.020509193776521
866,1.6165132081751719,1.1331009591970198,866,1399.9004382796988,4.019957234497506
867,1.448629725340478,1.1969792308580636,794,1150.2120019203396,3.6818980667838312
868,1.0522312106305025,0.9099230517207972,838,881.7697545083612,3.7405956112852663
869,0.9017443421571437,0.6416229459555887,657,592.4460327972434,3.610526315789474
870,0.9017443421571437,0.6416229459555887,657,592.4460327972434,3.610526315789474
871,0.4077704309372986,0.3243242672354854,688,280.5460564848614,3.6052921719955897
872,0.2823854016828528,0.2162429331117,628,177.33803225683158,3.710059171597633
873,0.2823854016828528,0.2162429331117,628,177.33803225683158,3.710059171597633
874,0.2823854016828528,0.2162429331117,628,177.33803225683158,3.710059171597633
875,0.2823854016828528,0.2162429331117,628,177.33803225683158,3.710059171597633
876,0.46294743536485,0.35022075833746985,752,348.1364713943672,3.5564053537284894
877,0.18197893602706885,0.14238022250698912,710,129.20504457921888,3.6036036036036037
878,0.19288178775774115,0.1506443828919511,668,128.84503422217108,3.615873015873016
879,0.16432098333230832,0.1247249551369129,736,120.94024373257892,3.6377952755905514
880,0.14486752474862355,0.1024244424675933,764,110.6787889079484,3.685737976782753
881,0.15176173103832602,0.1188715437179513,672,101.98388325775508,3.6454630495790457
882,0.1314273685295653,0.0890033826152013,672,88.31919165186788,3.6454630495790457
883,0.12745937507585992,0.0859932901834149,625,79.66210942241244,3.674871794871795
884,0.08370375619448099,0.0528854173236392,686,57.42077674941396,3.653636363636364
885,0.09935740588270747,0.0671282902506133,544,54.05042880019286,3.740863787375415
886,0.09935740588270747,0.0671282902506133,544,54.05042880019286,3.740863787375415
887,0.09557228608878256,0.0671282902506133,544,51.991323632297714,3.740863787375415
888,0.09576468562150749,0.0671282902506133,544,52.095988978100074,3.740863787375415
889,0.09935740588270747,0.0671282902506133,544,54.05042880019286,3.740863787375415
890,0.08716060412774658,0.0587404629662007,620,54.039574559202876,3.644488579940417
891,0.08068691623225965,0.0626879698808238,584,47.12115907963964,3.685416666666667
892,0.09584821146128727,0.0728203375842085,483,46.294686135801754,3.7851140456182475
893,0.21205091120244532,0.1745557326532297,835,177.06251085404185,3.6175271739130435
894,0.44513333097700314,0.3608726139778459,808,359.66773142941855,3.61484593837535
895,0.5923127557377855,0.4898884958295844,787,466.1501387656372,3.5833333333333335
896,0.5827352673088899,0.4701808609738296,896,522.1307995087653,3.7583854462762933
897,0.9006791650254228,0.7099231839650773,796,716.9406153602365,3.759796806966618
898,0.9301275910075447,0.7429164568697808,786,731.0802865319301,3.759217456734387
899,0.5963174066546264,0.4928806625128804,786,468.7054816305363,3.759217456734387
900,0.318278102499821,0.277650197106046,786,250.16658856485932,3.759217456734387
901,0.12063885545174692,0.0903861462111345,678,81.79314399628441,3.496954933008526
902,0.12063885545174692,0.0903861462111345,678,81.79314399628441,3.496954933008526
903,0.10912030838296423,0.0779362649994867,754,82.27671252075503,3.7054478301015696
904,0.11216489479246505,0.08150694221975455,754,84.57233067351865,3.7054478301015696
905,0.11153760792855921,0.08118315052558135,754,84.09935637813365,3.7054478301015696
906,0.11924530588544559,0.08464369145445036,754,89.91096063762598,3.7054478301015696
907,0.12538181992422398,0.0895348779568597,767,96.16785588187979,3.75
908,0.11644318689383741,0.084468861510479,776,90.35991302961783,3.746294681778553
909,0.12200783853867034,0.0898459816431239,638,77.84100098767168,3.5457920792079207
910,0.11794850356953412,0.08976508390165924,660,77.84601235589253,3.5407047387606316
911,0.11794470707845761,0.08980553277239331,660,77.84350667178202,3.5407047387606316
912,0.1142395292404572,0.09074238805723255,728,83.16637728705284,3.753514526710403
913,0.11422342812873014,0.0906621219551592,728,83.15465567771554,3.753514526710403
914,0.1281794256993166,0.09538249898356504,728,93.31462190910247,3.753514526710403
915,0.12551094021520065,0.09281583211710985,728,91.37196447666607,3.778703703703704
916,0.08625679207936912,0.056564310608129456,728,62.794944633780716,3.778703703703704
917,0.08565397198990299,0.05543311315082735,718,61.49955188875035,3.6126984126984127
918,0.10498034791398812,0.08525204941010345,740,77.68545745635122,3.585095669687815
919,0.1251310767724135,0.1056759396258959,771,96.4760601915308,3.5468277945619335
920,0.14125337031867272,0.1175221739848817,745,105.23376088741117,3.5522233712512925
921,0.14683999635569217,0.1240032727804009,720,105.72479737609837,3.582788671023965
922,0.14683999635569217,0.1240032727804009,720,105.72479737609837,3.582788671023965
923,0.14339380152313755,0.1203366584494995,737,105.68123172255238,3.60082304526749
924,0.14487097605321597,0.1234594286095248,744,107.78400618359268,3.5887755102040817
925,0.15216561992352667,0.13112125658707496,744,113.21122122310385,3.5887755102040817
926,0.14896419454801332,0.12763432379550285,748,111.42521752191396,3.54788877445932
927,0.14511110993192763,0.1237721230736315,748,108.54311022908186,3.54788877445932
928,0.15003865700476948,0.1275950028531315,731,109.6782582704865,3.5637727759914255
929,0.128155134840614,0.1033927355440556,833,106.75322732223145,3.6256038647342996
930,0.14683999635569217,0.1240032727804009,720,105.72479737609837,3.582788671023965
931,0.18734555492516286,0.1541660877712129,809,151.56255393445676,3.809897879025923
932,0.14683999635569217,0.1240032727804009,720,105.72479737609837,3.58414766558089
933,0.15577670741480582,0.1208122903779657,893,139.1085997214216,3.8058124174372523
934,0.2007982107010363,0.1416753152011354,942,189.15191448037618,3.7010974822466105
935,0.3459255444637104,0.2629432548813815,851,294.38263833861754,3.7278617710583153
936,0.36761454837982915,0.27784009469388,814,299.23824238118095,3.691711851278079
937,0.36761454837982915,0.27784009469388,814,299.23824238118095,3.691711851278079
938,0.36761454837982915,0.27784009469388,814,299.23824238118095,3.691711851278079
939,0.36761454837982915,0.27784009469388,814,299.23824238118095,3.688664596273292
940,0.3641362610874952,0.2819217342462184,846,308.05927688002095,3.6833084947839048
941,0.43990252899828214,0.33481521544689785,846,372.1575395325467,3.6833084947839048
942,0.4675653546184221,0.3644564092436799,804,375.92254511321136,3.665562913907285
943,0.43357038197113357,0.3329888158063282,862,373.7376692591171,3.686513629842181
944,0.4777316560908029,0.3972039401798262,823,393.1731529627308,3.6642913697545527
945,0.6303399837636435,0.5355140379412924,913,575.5004051762065,3.8948339483394836
946,1.493675915727837,1.2866224642716866,929,1387.6249257111606,3.9060442848593655
947,1.437733887828115,1.19981141781443,961,1381.6622662028185,3.9437206878582596
948,1.7222154003617531,1.4331103569697272,942,1622.3269071407715,3.9072696050372064
949,1.9150377891598127,1.664011767100396,889,1702.4685945630736,3.810886252616888
950,1.8678765635059245,1.3998871893764702,922,1722.1821915524624,3.798032786885246
951,2.5853587063755903,1.9580944486745755,793,2050.189454155843,3.5635673624288424
952,2.427690994801893,1.8094001212643105,793,1925.1589588779011,3.5635673624288424
953,1.5559259178021307,1.214912648452877,808,1257.1881415841217,4.008566978193146
954,1.3753358908594657,1.1267998119273115,763,1049.3812847257723,4.06079295154185
955,1.7661529974813106,1.0891594499076689,686,1211.580956272179,4.094804010938924
956,1.555832476591367,1.0100692918215004,723,1124.8668805755583,4.080035971223022
957,0.8692832188458939,0.6146202725731225,796,691.9494422013315,4.193198263386397
958,0.6806678163401245,0.4905492760402371,809,550.6602634191607,4.180972818311874
959,0.2744517587103193,0.190890449188066,802,220.11031048567608,4.183567727609178
960,0.38168525553857646,0.2887420323050208,825,314.89033581932557,4.144957983193278
961,0.47466294752124966,0.3665622915930311,904,429.0953045592097,4.128115942028986
962,0.6646646528990919,0.5478055386815325,771,512.4564473851999,4.12826420890937
963,0.8431562199994016,0.6825212555332761,840,708.2512247994973,4.029581529581529
964,1.23440470301359,1.0155170777575302,833,1028.2591176103206,4.045321637426901
965,1.2472006567340908,1.0264967837589911,867,1081.3229693884566,4.015636105188344
966,1.253314442276149,1.0888440066120522,794,995.1316671672623,3.6818980667838312
967,1.1799587778613898,0.9828915335499062,819,966.3862390684783,3.679539852095316
968,0.96970076386697,0.7722802076216153,893,865.9427821332042,3.8296107211231654
969,0.7313749459202021,0.4612422776641874,812,593.8764560872041,3.7267716535433073
970,0.870454188454043,0.6114820856497067,681,592.7793023372033,3.570135746606335
971,0.3648991525167333,0.2808963003215784,708,258.3485999818472,3.5728051391862956
972,0.2813873413762406,0.2162429331117,628,176.7112503842791,3.710059171597633
973,0.2823854016828528,0.2162429331117,628,177.33803225683158,3.710059171597633
974,0.2823854016828528,0.2162429331117,628,177.33803225683158,3.710059171597633
975,0.2600269405902255,0.1825443739329603,746,193.98009768030823,3.492015968063872
976,0.3220917724271799,0.2293384281327292,803,258.6396932590255,3.4761484098939928
977,0.19288178775774115,0.1506443828919511,668,128.84503422217108,3.615873015873016
978,0.16910267242041038,0.12699882282206448,736,124.45956690142205,3.6377952755905514
979,0.15039882882037886,0.1089447122728285,736,110.69353801179885,3.6377952755905514
980,0.17163866315590628,0.1237710066047857,651,111.736769714495,3.5972894482090996
981,0.18082355894119398,0.1507244805718312,626,113.19554789718744,3.6485148514851486
982,0.17247111275734592,0.1349586329571193,651,112.27869440503218,3.6908396946564888
983,0.15862008485077594,0.1178245852769594,651,103.26167523785514,3.6908396946564888
984,0.09402689250383657,0.0652648883635752,744,69.9560080228544,3.6904948939512963
985,0.09832351590156663,0.0671282902506133,544,53.48799265045225,3.740863787375415
986,0.09935740588270747,0.0671282902506133,544,54.05042880019286,3.740863787375415
987,0.09935740588270747,0.0671282902506133,544,54.05042880019286,3.740863787375415
988,0.09935740588270747,0.0671282902506133,544,54.05042880019286,3.740863787375415
989,0.09935740588270747,0.0671282902506133,544,54.05042880019286,3.740863787375415
990,0.08544830252610194,0.05714473305206355,620,52.977947566183204,3.644488579940417
991,0.09584821146128727,0.0728203375842085,483,46.294686135801754,3.7851140456182475
992,0.08898053881881848,0.0636563812175229,499,44.40128887059042,3.7783018867924527
993,0.06857409294509992,0.0316210117419966,499,34.21847237960486,3.7783018867924527
994,0.09474206899523653,0.056836840063702,346,32.78075587235184,4.016616314199395
995,0.08865962592360713,0.056836840063702,787,69.77512560187881,3.5833333333333335
996,0.6896849260764315,0.5041456432474977,856,590.3702967214253,3.7504587155963303
997,1.1796360553790262,0.9835280751750172,743,876.4695891466165,3.7502034174125307
998,1.246540946019188,1.066471923353715,723,901.249103971873,3.753899480069324
999,1.2457218766623508,1.0656761867976905,723,900.6569168268796,3.753899480069324
1000,1.0967881880973256,0.8723846209414394,779,854.3979985278166,3.7603369065849925
1001,0.12063885545174692,0.0903861462111345,678,81.79314399628441,3.496954933008526
1002,0.09637475610762847,0.062259574267116896,864,83.267789276991,3.616911764705882
1003,0.11064272235325343,0.0797886420309774,719,79.55211737198921,3.5642701525054465
1004,0.12315233114120669,0.08863228505959656,754,92.85685768046984,3.7054478301015696
1005,0.09150008566170206,0.0586311666749722,975,89.21258352015951,3.9128902316213496
1006,0.08554301007446441,0.05279645071557725,928,79.38391334910297,3.699475065616798
1007,0.07683623577495398,0.0540771719053051,864,66.38650770956023,3.86323155216285
1008,0.1567644081853267,0.1097688551799039,913,143.12590467320328,3.8442808607021517
1009,0.10902581119410505,0.0850174965157241,737,80.35202285005542,3.7551020408163267
1010,0.11176829466512413,0.0844177024689641,737,82.37323316819648,3.7551020408163267
1011,0.1157560301977021,0.0874956697367574,737,85.31219425570644,3.7551020408163267
1012,0.12476708919191254,0.0884983390174527,737,91.95334473443954,3.7551020408163267
1013,0.12985127957604325,0.0916114186186828,737,95.70039304754388,3.7551020408163267
1014,0.13151480066732035,0.0952957991913951,725,95.34823048380726,3.764319248826291
1015,0.12849609071694792,0.0937573265975427,739,94.95861103982452,3.7919642857142857
1016,0.09349858489130206,0.0709392260049335,791,73.95738064901992,3.8980362537764353
1017,0.087364625312321,0.0573515636991452,715,62.465707098309515,3.7908067542213884
1018,0.09750974658731597,0.07598110459876134,740,72.15721247461381,3.585095669687815
1019,0.12076846062716248,0.0996626530830062,691,83.45100629336928,3.5575418994413406
1020,0.11501249031697108,0.0941234715578756,745,85.68430528614346,3.5522233712512925
1021,0.11534330813904968,0.0979516420107029,762,87.89160080195586,3.573529411764706
1022,0.10529517289219101,0.0917773634694974,737,77.60254242154477,3.60082304526749
1023,0.09476908119695247,0.0828876108416242,737,69.84481284215397,3.60082304526749
1024,0.37251376138009934,0.25057333094481515,960,357.6132109248954,3.5699414443721533
1025,0.10040592535289942,0.0903985691581271,690,69.2800884935006,3.5564245810055866
1026,0.10040592535289942,0.0903985691581271,690,69.2800884935006,3.5564245810055866
1027,0.09832935029678035,0.0899107763344455,748,73.5503540219917,3.54788877445932
1028,0.09928395256608953,0.08650047233098895,846,83.99422387091174,3.621473354231975
1029,0.09796696630934412,0.08032129632253546,896,87.77840181317234,3.679312813171081
1030,0.09735097459409976,0.0809022444824238,741,72.13707217422792,3.5944841675178756
1031,0.13385821632789538,0.1151898189522606,737,98.65350543365889,3.602051282051282
1032,0.1378393253192614,0.1166104292674329,737,101.58758276029566,3.60082304526749
1033,0.14649221193582015,0.1132066403798198,864,126.5692711125486,3.663027656477438
1034,0.2926544622040851,0.2156678453295267,908,265.73025168130926,3.7523510971786833
1035,0.36761454837982915,0.27784009469388,814,299.23824238118095,3.691711851278079
1036,0.36761454837982915,0.27784009469388,814,299.23824238118095,3.691711851278079
1037,0.36761454837982915,0.27784009469388,814,299.23824238118095,3.691711851278079
1038,0.36761454837982915,0.27784009469388,814,299.23824238118095,3.691711851278079
1039,0.36761454837982915,0.27784009469388,814,299.23824238118095,3.688664596273292
1040,0.41713844602562733,0.3225797980489513,846,352.89912533768074,3.6833084947839048
1041,0.4675653546184221,0.3644564092436799,804,375.92254511321136,3.665562913907285
1042,0.4675653546184221,0.3644564092436799,804,375.92254511321136,3.665562913907285
1043,0.4534046044436596,0.35056047625646247,804,364.5373019727023,3.783113865220759
1044,0.43492744652411847,0.3719445741479031,823,357.9452884893495,3.8066618392469227
1045,0.9181757452626829,0.8011285620352474,913,838.2944554248295,3.913095238095238
1046,1.6005692432285907,1.3731956348013563,879,1406.9003647979312,3.8415622697126013
1047,2.0287604425803996,1.8193714889086603,879,1783.2804290281713,3.8415622697126013
1048,2.0328422265328143,1.846882823526295,836,1699.4561013814327,3.850079744816587
1049,2.0374133525266336,1.8509331270035956,836,1703.2775627122655,3.850079744816587
1050,1.8800792476847599,1.5909288293077395,901,1693.9514021639686,3.795485636114911
1051,2.8651421714470597,2.1730618517724487,737,2111.609780356483,3.545360824742268
1052,2.5681117645076497,1.951648809696028,793,2036.5126292545663,3.5635673624288424
1053,1.9613414708377939,1.482494934102906,841,1649.4881769745846,4.000694444444444
1054,1.2018748680809836,1.0051349549265824,797,957.894269860544,4.055905511811024
1055,1.7806325721085507,1.1492509606812988,677,1205.488251317489,4.083969465648855
1056,1.5023810272818503,1.1033774417687436,718,1078.7095775883686,4.078026905829597
1057,1.140066350024457,0.8239093127132462,769,876.7110231688075,4.2034405385190725
1058,1.2050654828045602,0.8893241667553591,769,926.6953562767068,4.2034405385190725
1059,0.5746167108401354,0.44363275142070546,848,487.2749707924349,4.210425937698665
1060,0.5197398983702549,0.426292445544409,809,420.46957778153626,4.162237762237762
1061,0.6341797296377967,0.5267408328177986,775,491.4892904692924,4.125463994060876
1062,0.657544104590069,0.5404491437576008,771,506.96650463894315,4.12826420890937
1063,0.9375295026044573,0.7636857569443478,839,786.5872526851397,4.034008683068017
1064,1.2107635821748177,1.0027782423349516,833,1008.5660639516232,4.045321637426901
1065,1.0954998068800728,0.8613579093991833,878,961.8488304407039,4.038754325259515
1066,1.0626455543212314,0.8823457553641658,861,914.9378222705802,3.7932460372157135
1067,0.838841513533082,0.7498275489342826,861,722.2425431519836,3.7932460372157135
1068,0.7401124124901203,0.632173027933314,809,598.7509417045073,3.847272727272727
1069,0.7319459437177238,0.635024715644284,822,601.659565735969,3.7216174183514776
1070,0.849524429233409,0.6115588187556832,747,634.5947486373565,3.761622992392223
1071,0.8192115524734722,0.4154823233231891,694,568.5328174165898,3.6222684703433923
1072,0.2546158509180405,0.1993897242725716,694,176.7034005371201,3.6222684703433923
1073,0.23100029472908082,0.1783442199117966,667,154.0771965842969,3.6724137931034484
1074,0.223060507346708,0.1735021619874954,667,148.78135840025422,3.6724137931034484
1075,0.4678094105076169,0.3379260716902466,899,420.56066004634755,3.447954055994257
1076,0.1841259704026441,0.12632191816769733,914,168.2911369480167,3.43466107617051
1077,0.17305824254866256,0.12872148347829104,736,127.37086651581564,3.6377952755905514
1078,0.1513079056430703,0.1089447122728285,751,113.63223713794581,3.635434412265758
1079,0.1736712094733805,0.1358603251555168,651,113.05995736717071,3.5972894482090996
1080,0.17387774813734166,0.1379772988036155,651,113.19441403740943,3.5972894482090996
1081,0.18082355894119398,0.1507244805718312,626,113.19554789718744,3.6485148514851486
1082,0.17147483498657196,0.1314513335359157,663,113.68781559609721,3.637750238322212
1083,0.18162490598066297,0.1496881183369705,663,120.41731266517955,3.637750238322212
1084,0.15103059744107905,0.1156697277898142,755,114.02810106801469,3.6499215070643642
1085,0.08078523898602122,0.0506157197841177,670,54.126110120634216,3.7027729636048528
1086,0.09130139509347601,0.0601008237132554,592,54.050425895337796,3.687958115183246
1087,0.09935740588270747,0.0671282902506133,544,54.05042880019286,3.740863787375415
1088,0.09935740588270747,0.0671282902506133,544,54.05042880019286,3.740863787375415
1089,0.07607898494596874,0.0418590508079705,719,54.70079017615152,3.588285960378984
1090,0.07332142037813966,0.0485129825993255,747,54.771101022470326,3.5913891145410237
1091,0.09584821146128727,0.0728203375842085,483,46.294686135801754,3.7851140456182475
1092,0.19587991107901134,0.1585069830323842,808,158.27096815184117,3.61484593837535
1093,0.0956047202438338,0.056836840063702,346,33.079233204366496,4.016616314199395
1094,0.09408221902778241,0.056836840063702,346,32.55244778361271,4.016616314199395
1095,0.0956047202438338,0.056836840063702,346,33.079233204366496,4.016616314199395
1096,0.5671805406018753,0.4767313593580426,710,402.69818382733143,3.7356223175965666
1097,1.1796360553790262,0.9835280751750172,743,876.4695891466165,3.7502034174125307
1098,1.2446883178706898,1.0620512957914567,723,899.9096538205088,3.753899480069324
1099,1.1833944419195512,1.0036456847052533,723,855.5941815078355,3.753899480069324
1100,1.246540946019188,1.066471923353715,723,901.249103971873,3.753899480069324
1101,0.1100169294601557,0.0784685268532639,754,82.9527648129574,3.7054478301015696
1102,0.09674936215980967,0.0611119946705672,937,90.65415234374166,3.6824242424242426
1103,0.11039783176984369,0.0789180351131611,754,83.23996515446214,3.7054478301015696
1104,0.124651675847857,0.0903370900172628,773,96.35574543039345,3.7587412587412588
1105,0.10435747312712437,0.0723344456103178,864,90.16485678183545,3.6745860331173508
1106,0.057729252573141196,0.0333608800020004,895,51.66768105296137,3.7401055408970976
1107,0.04395447508166516,0.0288335167702022,691,30.372542281430626,3.8019417475728154
1108,0.11344916719142469,0.08078929099384755,720,81.68340037782578,3.7737089201877936
1109,0.1291962347340677,0.0935280077059034,711,91.85852289592212,3.781279847182426
1110,0.13216818525160817,0.0937396296809073,711,93.97157971389342,3.781279847182426
1111,0.1327318788099005,0.0946648802894929,711,94.37236583383927,3.781279847182426
1112,0.13527050810411417,0.0951523515326073,711,96.17733126202518,3.781279847182426
1113,0.13951575707810732,0.1007568919199132,691,96.40538814097216,3.8019417475728154
1114,0.13259780631911663,0.0942063613429757,725,96.13340958135956,3.764319248826291
1115,0.1316333071288965,0.0943829439888294,725,95.43414766844997,3.764319248826291
1116,0.13053876133986103,0.09556488913998826,728,95.03221825541884,3.753514526710403
1117,0.11939403076855983,0.0847559293908239,739,88.23218873796571,3.75695067264574
1118,0.09239513500292644,0.0662196011962216,793,73.26934205732067,3.778861788617886
1119,0.12076846062716248,0.0996626530830062,691,83.45100629336928,3.5575418994413406
1120,0.12039223799035746,0.0999333724764936,697,83.91338987927915,3.5448504983388704
1121,0.1040651985146772,0.0874578219505747,716,74.51068213650888,3.5626304801670146
1122,0.08947715711786769,0.0728815182921455,683,61.112898311503635,3.6117908787541713
1123,0.08947715711786769,0.0728815182921455,683,61.112898311503635,3.6117908787541713
1124,0.08861329142669888,0.0729680119290558,690,61.14317108442223,3.595814977973568
1125,0.09099457917381178,0.0778099312491654,690,62.78625962993012,3.595814977973568
1126,0.09423267377396977,0.08168648397005225,690,65.02054490403914,3.595814977973568
1127,0.09432705692339396,0.0845874859276862,742,69.99067623715833,3.7721866422689843
1128,0.08013335539346554,0.05974253202356555,920,73.7226869619883,3.6729032258064516
1129,0.055248177850102505,0.037998682676129,1035,57.181864074856094,3.75481520041645
1130,0.10136574036394101,0.0805215454807474,874,88.59365707808445,3.8375900458415195
1131,0.44101791648223626,0.2739572541051891,1003,442.34097023168295,3.5311920938851142
1132,0.08426974351214886,0.0728815182921455,737,62.106800968453705,3.60082304526749
1133,0.10170414781971057,0.0757761284547673,911,92.65247866375633,3.7673846153846156
1134,0.31862642362815713,0.2344670564486181,911,290.26867192525117,3.7673846153846156
1135,0.33922934246153075,0.25044255665682924,878,297.843362681224,3.77027027027027
1136,0.36761454837982915,0.27784009469388,814,299.23824238118095,3.691711851278079
1137,0.36761454837982915,0.27784009469388,814,299.23824238118095,3.691711851278079
1138,0.36761454837982915,0.27784009469388,814,299.23824238118095,3.691711851278079
1139,0.362648591294098,0.27588001664320183,846,306.8007082348069,3.6833084947839048
1140,0.4424624797325235,0.33569344192202394,846,374.3232578537149,3.6833084947839048
1141,0.4675653546184221,0.3644564092436799,804,375.92254511321136,3.665562913907285
1142,0.4325123508338291,0.3314656363095369,828,358.1202264904105,3.748489425981873
1143,0.338642434982307,0.252076214343144,828,280.3959361653502,3.7719167904903417
1144,0.2372283284542128,0.1636647267168191,823,195.23891431781712,3.821300929235168
1145,0.30321907218712324,0.2312820318863761,834,252.88470620406076,3.8725341426403643
1146,1.7438638221142582,1.5791968944089227,861,1501.4667508403763,3.8594436310395315
1147,2.755670536344439,2.3725860382552977,895,2466.3251300282727,3.8345968297725705
1148,1.9440362317553477,1.7054114694861109,875,1701.0317027859292,3.8134441087613293
1149,2.0374133525266336,1.8509331270035956,836,1703.2775627122655,3.850079744816587
1150,2.9826134092998937,2.502154651313095,912,2720.143429281503,3.802013422818792
1151,3.266004138889342,2.519789118298399,897,2929.6057125837397,3.788381742738589
1152,2.321818428070113,1.709906800726847,839,1948.0056611508248,3.6476190476190475
1153,1.1971432128414128,0.9097344734849271,840,1005.6002987867867,3.6495659037095503
1154,0.9572453206457766,0.600124600339106,749,716.9767451636867,4.047302904564315
1155,0.984399484022333,0.7664325989535735,738,726.4868192084817,4.064243448858833
1156,1.0517679600031882,0.6910369789036783,699,735.1858040422285,4.086050724637682
1157,1.21300770907184,0.9527589730329012,686,832.1232884232822,4.100824931255729
1158,1.1512037508405837,0.8461799771237992,769,885.2756843964088,4.2034405385190725
1159,0.9797164568834926,0.7162265969535393,838,821.0023908683668,4.213316095669037
1160,0.6661051004771668,0.5479140600514536,816,543.5417619893681,4.232588699080158
1161,0.6646646528990919,0.5478055386815325,771,512.4564473851999,4.12826420890937
1162,0.6646646528990919,0.5478055386815325,771,512.4564473851999,4.12826420890937
1163,0.780960515527477,0.6157630663392757,840,656.0068330430807,4.029581529581529
1164,1.0881181101166817,0.8340068012175366,929,1010.8617242983973,4.024419297200715
1165,0.9869676429150808,0.7015970175973629,960,947.4889371984775,4.021726700971984
1166,0.7076696156167412,0.5873583364670144,861,609.3035390460142,3.7932460372157135
1167,0.7793054161232346,0.6744703946107691,764,595.3893379181512,3.6819383259911893
1168,0.7793054161232346,0.6744703946107691,764,595.3893379181512,3.6819383259911893
1169,0.7724553498332904,0.6588692898346822,776,599.4253514706334,3.6721595836947096
1170,0.8544145512865364,0.5285055257479845,798,681.8228119266561,3.7408
1171,0.7291963705194329,0.3718286956566338,745,543.2512960369775,3.763048881524441
1172,0.20029226623618332,0.1421349729901011,763,152.82299913820788,3.74206672091131
1173,0.2211389377431034,0.1620211202703187,719,158.99889623729135,3.5796418473138547
1174,0.21728428667949468,0.160214407961125,719,156.22740212255667,3.5796418473138547
1175,0.22830160849462916,0.1665357915747476,620,141.54699726667008,3.707373271889401
1176,0.16992181660180758,0.1269526168728503,777,132.0292514996045,3.6463414634146343
1177,0.15571587038318402,0.1204497115890187,751,116.94261865777119,3.635434412265758
1178,0.17377661556428747,0.1369407132655178,651,113.12857673235115,3.5972894482090996
1179,0.18082355894119398,0.1507244805718312,626,113.19554789718744,3.6485148514851486
1180,0.18082355894119398,0.1507244805718312,626,113.19554789718744,3.6485148514851486
1181,0.17099142277044715,0.1303867585833766,663,113.36731329680647,3.637750238322212
1182,0.19094224758858386,0.1507244805718312,663,126.5947101512311,3.637750238322212
1183,0.20921485892652605,0.1634170684092428,634,132.64222055941752,3.656126482213439
1184,0.18608884566114398,0.1506434486651222,700,130.26219196280078,3.6458149779735685
1185,0.16188260200516152,0.1149682527095065,815,131.93432063420664,3.6803751803751803
1186,0.10834441979559713,0.0718425555919558,704,76.27447153610038,3.669619131975199
1187,0.09660992387567906,0.0671282902506133,592,57.193074934402006,3.687958115183246
1188,0.09935740588270747,0.0671282902506133,544,54.05042880019286,3.740863787375415
1189,0.09643141024721816,0.0699689378728762,719,69.33418396774985,3.588285960378984
1190,0.07302702802850278,0.0464510656652552,882,64.40983872113945,3.641701617735171
1191,0.3832303348120999,0.3189385777197263,851,326.129014925097,3.647281921618205
1192,0.5213779758407151,0.4287718242556527,808,421.27340447929777,3.61484593837535
1193,0.06633130390668233,0.0352021420405696,787,52.202736174559,3.5833333333333335
1194,0.09530310585649948,0.056836840063702,346,32.97487462634882,4.016616314199395
1195,0.0956047202438338,0.056836840063702,346,33.079233204366496,4.016616314199395
1196,0.46458385681603676,0.38268621843800454,750,348.43789261202755,3.752205292702486
1197,1.2112127087449904,1.0034383424809066,743,899.931042597528,3.7502034174125307
1198,1.246540946019188,1.066471923353715,723,901.249103971873,3.753899480069324
1199,1.240989796547092,1.057000415183922,723,897.2356229035474,3.753899480069324
1200,1.170661897921273,0.9370100627988712,767,897.8976757056165,3.790022338049144
1201,0.12063885545174692,0.0903861462111345,678,81.79314399628441,3.496954933008526
1202,0.11438688897309869,0.08234326527459415,754,86.24771428571641,3.7054478301015696
1203,0.1148733150009455,0.0811859162584675,773,88.79707249573087,3.7587412587412588
1204,0.12058027988317803,0.083438904117352,773,93.20855634969662,3.7587412587412588
1205,0.11300852205230506,0.06967043768330031,892,100.80360167065612,3.7393302692055155
1206,0.06909925496078419,0.04398227637600175,892,61.636535425019495,3.7393302692055155
1207,0.020169431775491815,0.009628382766108,691,13.937077356864844,3.8019417475728154
1208,0.1113714408200133,0.079232287914281,691,76.95766560662919,3.8019417475728154
1209,0.13951575707810732,0.1007568919199132,691,96.40538814097216,3.8019417475728154
1210,0.12699694586377547,0.0867280243447761,816,103.62950782484077,3.874239350912779
1211,0.13937391320601208,0.1019813814858179,726,101.18546098756477,3.754435107376284
1212,0.2198031949026969,0.17904613062743374,804,176.7217687017683,3.9267399267399266
1213,0.13951575707810732,0.1007568919199132,691,96.40538814097216,3.8019417475728154
1214,0.13951575707810732,0.1007568919199132,691,96.40538814097216,3.8019417475728154
1215,0.1324971721111691,0.0947189944468682,725,96.0604497805976,3.764319248826291
1216,0.1273402114508036,0.0925209082418588,749,95.3778183766519,3.7289048473967683
1217,0.13069612902544647,0.0941602006857323,739,96.58443934980494,3.732304900181488
1218,0.11629101023911474,0.0827148768985795,779,90.59069697627038,3.7859504132231403
1219,0.1242742806227628,0.1002567196669495,716,88.98038492589816,3.5913312693498454
1220,0.13102193494431036,0.1118674842154377,697,91.32228865618431,3.5448504983388704
1221,0.12125900566153736,0.10067915453540754,716,86.82144805366075,3.5626304801670146
1222,0.08561389730663226,0.0728815182921455,716,61.29955047154869,3.5626304801670146
1223,0.08926446828461335,0.07463250631891855,690,61.59248311638321,3.595814977973568
1224,0.08865264805146561,0.07304560070359589,690,61.17032715551127,3.595814977973568
1225,0.08947715711786769,0.0728815182921455,683,61.112898311503635,3.6117908787541713
1226,0.08947715711786769,0.0728815182921455,683,61.112898311503635,3.6117908787541713
1227,0.091281452950479,0.0747040508524721,742,67.73083808925541,3.7721866422689843
1228,0.11422523590116977,0.0815193200994679,802,91.60863919273815,3.8223076923076924
1229,0.08602824707687513,0.065856456794369,906,77.94159185164887,3.8405710886377156
1230,0.1776759808002932,0.1395581861201932,819,145.51662827544013,3.629453681710214
1231,0.08947715711786769,0.0728815182921455,683,61.112898311503635,3.6117908787541713
1232,0.08947715711786769,0.0728815182921455,683,61.112898311503635,3.6117908787541713
1233,0.17281365028453977,0.1356164447092637,819,141.53437958303806,3.769465648854962
1234,0.305020385126169,0.2314543788743946,825,251.64181772908944,3.725722757598221
1235,0.3417899041753199,0.25000531539317616,888,303.50943490768407,3.796273291925466
1236,0.36761454837982915,0.27784009469388,814,299.23824238118095,3.691711851278079
1237,0.36761454837982915,0.27784009469388,814,299.23824238118095,3.691711851278079
1238,0.36761454837982915,0.27784009469388,814,299.23824238118095,3.688664596273292
1239,0.3629076972744132,0.2765563997845506,846,307.01991189415355,3.6833084947839048
1240,0.4211729023605176,0.3238969546287255,846,356.31227539699785,3.75320970042796
1241,0.30657999417237647,0.2212469130212916,804,246.4903153145907,3.743690851735016
1242,0.24486976534839627,0.1653037294792958,804,196.8752913401106,3.743690851735016
1243,0.2949958840283888,0.2212469130212916,598,176.4075386489765,3.7155067155067156
1244,0.2949958840283888,0.2212469130212916,598,176.4075386489765,3.7420118343195266
1245,0.2649505109578349,0.2212469130212916,679,179.9013969403699,3.6052631578947367
1246,1.7796919577154127,1.4320071963197047,861,1532.3147755929704,3.8595464520848575
1247,2.866875282771491,2.4666303296533227,875,2508.5158724250546,3.8246614397719174
1248,2.1477414142897686,1.93483856896514,875,1879.2737375035476,3.8134441087613293
1249,1.9902856916961207,1.782068741227973,889,1769.3639799178513,3.8023426061493413
1250,4.564708910969603,3.5662785383469364,872,3980.4261703654943,3.838709677419355
1251,4.860262108626491,3.300567775052393,937,4554.065595783022,3.8315151515151515
1252,1.250220793096704,0.9477496892574493,794,992.675309718783,3.6229648671808055
1253,1.3340899392165,1.0514815411757246,665,887.1698095789725,3.6098360655737705
1254,1.3453101115133423,0.9124084725787298,741,996.8747926313868,3.5566311713455954
1255,1.138424189869437,0.8866649756598306,777,884.5555955285525,4.007042253521127
1256,1.0658573022994917,0.828062890163052,811,864.4102721648878,4.041666666666667
1257,1.0601948719105838,0.8107879109689713,805,853.4568718880199,4.046121593291405
1258,1.0906492897854516,0.8313983018513336,825,899.7856640729976,4.098208360982084
1259,1.1340918993522233,0.8536154548923953,863,978.7213091409687,4.058457711442786
1260,1.0790254060842543,0.6805878703559912,970,1046.6546439017268,4.0713926596279535
1261,0.5731498635048039,0.451992339694617,804,460.81249025786235,4.091168091168091
1262,0.5193510530681774,0.3924745487810777,863,448.19995879783716,4.126159554730983
1263,0.5428524409286564,0.34993778249041096,848,460.3388699075006,4.113924050632911
1264,0.6733438317201698,0.4823296912416115,941,633.6165456486798,4.007566938300349
1265,0.7436845909212801,0.6067848354963125,845,628.4134793284817,4.019299499642602
1266,0.7753139889521562,0.670492171380146,764,592.3398875594473,3.6819383259911893
1267,0.7793054161232346,0.6744703946107691,764,595.3893379181512,3.6819383259911893
1268,0.7793054161232346,0.6744703946107691,764,595.3893379181512,3.6819383259911893
1269,0.7793054161232346,0.6744703946107691,764,595.3893379181512,3.6819383259911893
1270,0.761062362507839,0.6451350391460451,795,605.044578193732,3.667771333885667
1271,0.3670345703384364,0.2872837972984074,735,269.77040919875077,3.6836555360281196
1272,0.2937443694470582,0.2220685522106423,763,224.1269538881054,3.74206672091131
1273,0.22461043763785943,0.1710303493628197,741,166.43633428965384,3.7607973421926912
1274,0.2188806074734153,0.1662424512825619,654,143.1479172876136,3.61784140969163
1275,0.21480467783391918,0.1579890033722207,670,143.91913414872585,3.6180851063829786
1276,0.1703547480222446,0.1260140178333204,777,132.36563921328406,3.6463414634146343
1277,0.18082355894119398,0.1507244805718312,626,113.19554789718744,3.6485148514851486
1278,0.18082355894119398,0.1507244805718312,626,113.19554789718744,3.6485148514851486
1279,0.18082355894119398,0.1507244805718312,626,113.19554789718744,3.6485148514851486
1280,0.20318473018514885,0.1634170684092428,750,152.38854763886164,3.5892116182572615
1281,0.17237429153868733,0.1286638902302928,700,120.66200407708112,3.563302752293578
1282,0.18022102353657107,0.1398176156222506,683,123.09095907547804,3.6935185185185184
1283,0.17558913308351945,0.1330957799431339,683,119.92737789604378,3.660731021555764
1284,0.2049676553646784,0.1627243829026991,777,159.2598682183551,3.687448728465956
1285,0.5498959100171079,0.3274467423027262,769,422.869954803156,3.635373009220453
1286,0.5900898505977563,0.4096765553900372,690,407.16199691245185,3.674567000911577
1287,0.36829570201416323,0.2656380788748172,704,259.2801742179709,3.669619131975199
1288,0.11473666029911725,0.08003739494656725,782,89.72406835390969,3.6623963828183874
1289,0.107675693649237,0.0843299914115278,744,80.11071607503233,3.593954248366013
1290,0.2551427110996274,0.2153305023255117,881,224.78072847877172,3.6424278846153846
1291,0.6086901959505703,0.5212574348050913,830,505.2128626389734,3.6207598371777476
1292,0.6286199973499438,0.5077886467159508,784,492.8380779223559,3.5744843391902217
1293,0.3227820145995297,0.2763618815283493,787,254.02944548982987,3.5833333333333335
1294,0.0956047202438338,0.056836840063702,346,33.079233204366496,4.016616314199395
1295,0.0956047202438338,0.056836840063702,346,33.079233204366496,4.016616314199395
1296,0.1587163145477192,0.1300332405310886,812,128.877647412748,3.724212034383954
1297,1.246540946019188,1.066471923353715,723,901.249103971873,3.753899480069324
1298,1.246540946019188,1.066471923353715,723,901.249103971873,3.753899480069324
1299,1.2433048462165563,1.0587501406563458,723,898.9094038145702,3.753899480069324
1300,1.202190775406641,1.011434033492433,744,894.4299369025408,3.7324301439458085
1301,0.12063885545174692,0.0903861462111345,678,81.79314399628441,3.496954933008526
1302,0.10729395087529249,0.0807129612458033,711,76.28599907233296,3.5617352614015574
1303,0.11448475473674587,0.0773157310786438,773,88.49671541150455,3.7587412587412588
1304,0.13317804748324774,0.09429850666193759,720,95.88819418793837,3.7737089201877936
1305,0.13951575707810732,0.1007568919199132,691,96.40538814097216,3.8019417475728154
1306,0.09906345295453883,0.0759508288090123,787,77.96293747522206,3.8114241001564944
1307,0.0439786050821328,0.0321030145775861,709,31.180831003232154,3.7803738317757007
1308,0.12485749100245984,0.0885032064824781,691,86.27652628269975,3.8019417475728154
1309,0.13951575707810732,0.1007568919199132,691,96.40538814097216,3.8019417475728154
1310,0.0918614068153041,0.065359963361478,709,65.1297374320506,3.7803738317757007
1311,0.15444654095075191,0.11126847361692216,738,113.9815472216549,3.718491260349586
1312,0.13951575707810732,0.1007568919199132,691,96.40538814097216,3.8019417475728154
1313,0.13951575707810732,0.1007568919199132,691,96.40538814097216,3.8019417475728154
1314,0.13951575707810732,0.1007568919199132,691,96.40538814097216,3.8019417475728154
1315,0.13951575707810732,0.1007568919199132,691,96.40538814097216,3.8019417475728154
1316,0.1282827189763629,0.0910413246817388,749,96.08375651329581,3.7289048473967683
1317,0.13810255291824933,0.1006676797357267,701,96.80988959569278,3.769014084507042
1318,0.11538387280436095,0.072839212911903,849,97.96090801090244,3.843582887700535
1319,0.11144058323598836,0.0859130220910351,885,98.6249161638497,3.857858484658735
1320,0.13144647987857422,0.1118674842154377,697,91.61819647536623,3.504494382022472
1321,0.127831815160147,0.1024356296097268,716,91.52757965466525,3.524867724867725
1322,0.09783938562007156,0.0878074499485614,716,70.05300010397124,3.5626304801670146
1323,0.10040592535289942,0.0903985691581271,690,69.2800884935006,3.5564245810055866
1324,0.0991497032661829,0.0874578219505747,690,68.4132952536662,3.595814977973568
1325,0.0944871456890095,0.0821881571739877,690,65.19613052541655,3.595814977973568
1326,0.08985002608943214,0.0778099312491654,690,61.99651800170818,3.595814977973568
1327,0.10878439854973142,0.08160111083574034,736,80.06531733260232,3.781767955801105
1328,0.11629084559291493,0.0758126995713187,736,85.59006235638539,3.781767955801105
1329,0.11720379996554414,0.0890226771529906,860,100.79526797036796,3.786747905559787
1330,0.08947715711786769,0.0728815182921455,683,61.112898311503635,3.6117908787541713
1331,0.08947715711786769,0.0728815182921455,683,61.112898311503635,3.6117908787541713
1332,0.08222728103344375,0.0680181614885102,749,61.58823349404937,3.694043321299639
1333,0.21083755868664206,0.1560315256428645,864,182.16365070525873,3.818855218855219
1334,0.2494646700825122,0.2023928192296031,826,206.05781748815508,3.782106782106782
1335,0.2700181327916865,0.2016504944218315,850,229.51541287293352,3.7487821851078635
1336,0.36681995719758675,0.2769761625179958,814,298.5914451588356,3.691711851278079
1337,0.36761454837982915,0.27784009469388,814,299.23824238118095,3.691711851278079
1338,0.3721503483433221,0.2847765144793596,863,321.165750620287,3.744039270687237
1339,0.5414992436982594,0.4366580295811533,863,467.31384731159784,3.7968960863697707
1340,0.5589805904925649,0.4212130527388417,888,496.3747643573976,3.7415196743554953
1341,0.382749914029154,0.2952789683770512,713,272.9006887027868,3.5934182590233545
1342,0.2949958840283888,0.2212469130212916,598,176.4075386489765,3.7155067155067156
1343,0.2949958840283888,0.2212469130212916,598,176.4075386489765,3.7155067155067156
1344,0.2591538143718045,0.1595365956044617,692,179.33443954528872,3.5714285714285716
1345,0.47549679999282735,0.4053320977257116,692,329.0437855950365,3.601063829787234
1346,2.061259284228087,1.749059943554924,745,1535.6381667499247,3.5744897959183675
1347,1.8035691069628426,1.4740416440966386,875,1578.1229685924873,3.8175235336712525
1348,2.0999338841280735,1.8447489098447132,853,1791.2436031612465,3.8268365817091454
1349,2.3398323661097953,2.0847376395602133,872,2040.3338232477415,3.798937784522003
1350,2.6173176907397444,2.252144309792664,830,2172.373683313988,3.8808208366219414
1351,2.289926840785489,1.892139726057959,893,2044.9046688214416,3.893026404874746
1352,1.2266346427513277,0.9593293345156146,719,881.9503081382046,3.652445369406868
1353,1.158960853434337,0.8647550691621209,736,852.995188127672,3.6720575022461817
1354,1.2837804805752968,1.0713061368783312,764,980.8082871595268,3.6596283783783785
1355,1.2010444770990272,0.9880428184989989,734,881.566646190686,3.6790780141843973
1356,1.0478057803531329,0.8937671259409616,766,802.6192277504997,3.68294701986755
1357,0.8828636737817095,0.6626923011660271,796,702.7594843302408,4.04140350877193
1358,0.7968592449197993,0.6491879142640554,749,596.8475744449297,4.042056074766355
1359,0.6438606027445971,0.5031761868400421,785,505.4305731545087,3.994156318480643
1360,0.30166136011298295,0.23538600096344964,806,243.13905625106423,4.073698444895199
1361,0.2265652858193862,0.1704633333281177,817,185.10383851443854,4.068041237113402
1362,0.32858042348387173,0.2243464998071833,879,288.82219224232324,4.104254044337927
1363,0.40069432166820435,0.2782337827480738,819,328.16864944625934,4.043018335684062
1364,0.6743871505749885,0.5073834883110373,866,584.0192723979401,3.995145631067961
1365,0.7145449885271246,0.5862058620611827,845,603.7905153054203,4.019299499642602
1366,0.753568869533734,0.6485898008703577,764,575.7266163237728,3.6819383259911893
1367,0.7793054161232346,0.6744703946107691,764,595.3893379181512,3.6819383259911893
1368,0.7793054161232346,0.6744703946107691,764,595.3893379181512,3.6819383259911893
1369,0.7793054161232346,0.6744703946107691,764,595.3893379181512,3.6819383259911893
1370,0.7410415292771115,0.6268886275814253,783,580.2355174239783,3.6770395290159796
1371,0.33314743659965473,0.250800902763696,783,260.85444285752965,3.6770395290159796
1372,0.3657248768844416,0.2844171381876485,659,241.01269386684703,3.77882797731569
1373,0.31377496332789545,0.2342501231732112,733,229.99704811934737,3.774247491638796
1374,0.27995271349282547,0.213615396074174,753,210.80439326009758,3.758024691358025
1375,0.19548845205063625,0.1325730955027879,803,156.9772269966609,3.938888888888889
1376,0.20798285622017226,0.15395491779215437,832,173.04173637518332,3.8079947575360418
1377,0.22213885730672012,0.17323342072681547,770,171.04692012617448,3.7623252391464312
1378,0.16071869704423336,0.12149279147649475,770,123.7533967240597,3.7623252391464312
1379,0.17119388722303303,0.13495327180708394,696,119.15094550723099,3.8017241379310347
1380,0.17105792468244801,0.1323507952253981,696,119.05631557898381,3.8017241379310347
1381,0.16708897510551482,0.1310668847990741,696,116.2939266734383,3.8017241379310347
1382,0.13543071403137744,0.0867115818379208,735,99.54157481306243,3.8404494382022474
1383,0.22224008925562438,0.0545672192972835,574,127.5658112327284,3.7074030552291424
1384,0.28877725362555945,0.1663006143737638,686,198.10119598713376,3.6866866866866865
1385,0.6408318013554338,0.4425023879829719,634,406.287362059345,3.7431693989071038
1386,0.7270402594739553,0.5225799156740908,617,448.58384009543045,3.6894553881807646
1387,0.7536595496022291,0.5551822537440866,594,447.6737724637241,3.7393364928909953
1388,0.5453964029584804,0.32757695017871236,776,423.22760869578076,3.6581986143187066
1389,0.2824378843525495,0.20092513865086653,924,260.97260514175576,3.7380297193175562
1390,0.6026913140893387,0.5140174220520093,850,512.2876169759379,3.6480659480025364
1391,0.6282133498137746,0.5448922859785904,830,521.417080345433,3.6207598371777476
1392,0.6097108061204228,0.5226729135797834,830,506.059969079951,3.6207598371777476
1393,0.5724214023343108,0.4901024613843575,833,476.8270281444809,3.6262626262626263
1394,0.30478795423986244,0.24776159851954677,830,252.97400201908582,3.591374269005848
1395,0.3409203562470404,0.2401032984141438,871,296.9416302911722,3.6106973595125256
1396,0.8137133061355234,0.5722489185358032,837,681.078037235433,3.720701754385965
1397,1.0918422409119162,0.9636415840785304,816,890.9432685841235,3.711725168035848
1398,1.1142486258433095,0.899848419472776,816,909.2268786881406,3.711725168035848
1399,1.1887164774093277,1.0082000574416337,744,884.4050591925399,3.7324301439458085
1400,1.1516905541237858,1.0107822300061764,744,856.8577722680966,3.7324301439458085
1401,0.09846602541139209,0.0686658818749904,773,76.11423764300608,3.7587412587412588
1402,0.11464838611920404,0.0778549489924471,773,88.62320247014472,3.7587412587412588
1403,0.09538306983165684,0.06325193613323865,720,68.67581027879292,3.7737089201877936
1404,0.12967666116906848,0.0920949858618849,720,93.36719604172931,3.7737089201877936
1405,0.13951575707810732,0.1007568919199132,691,96.40538814097216,3.8019417475728154
1406,0.12094039865470554,0.0881505783754171,796,96.26855732914561,3.8296910324039186
1407,0.11244949633634164,0.0806659095514688,731,82.20058182186574,3.795863309352518
1408,0.13951575707810732,0.1007568919199132,691,96.40538814097216,3.8019417475728154
1409,0.13951575707810732,0.1007568919199132,691,96.40538814097216,3.8019417475728154
1410,0.13951575707810732,0.1007568919199132,691,96.40538814097216,3.8019417475728154
1411,0.15490438006521282,0.1138157061370483,776,120.20579893060514,3.8359310910582445
1412,0.13951575707810732,0.1007568919199132,691,96.40538814097216,3.8019417475728154
1413,0.13951575707810732,0.1007568919199132,691,96.40538814097216,3.8019417475728154
1414,0.11679307233244433,0.0751353228733929,887,103.59545515887812,3.6751137102014293
1415,0.13983428203075984,0.1006544546950456,704,98.44333454965494,3.8048327137546467
1416,0.13443803168938714,0.09597258450015081,720,96.79538281635875,3.7534626038781163
1417,0.14947105313277395,0.1104759319857826,845,126.30303989719398,3.8451742627345844
1418,0.19904310425620184,0.1561777904945799,845,168.19142309649055,3.8451742627345844
1419,0.17099391015341286,0.13355666734447014,878,150.1326531146965,3.8377504848093085
1420,0.10488165727625436,0.0688275212028222,1055,110.65014842644834,3.8135593220338984
1421,0.1381059043414524,0.1121570608838055,765,105.65101682121107,3.717834960070985
1422,0.11823284427447425,0.0965850872260389,765,90.4481258699728,3.717834960070985
1423,0.10774020751182534,0.09068312007116319,742,79.9432339737744,3.7453703703703702
1424,0.10812945180583473,0.09156009984278671,742,80.23205323992937,3.7453703703703702
1425,0.11241651030990726,0.0931982275999018,742,83.41305064995119,3.7453703703703702
1426,0.10545189627108877,0.0908568298397602,742,78.24530703314787,3.7721866422689843
1427,0.11585603789116855,0.07932015865731096,742,85.96518011524707,3.7721866422689843
1428,0.11196126885541595,0.0792263454302768,736,82.40349387758614,3.781767955801105
1429,0.10017332415683795,0.0806055703899756,736,73.72756657943273,3.781767955801105
1430,0.10223622346189433,0.0807309360367169,736,75.24586046795423,3.781767955801105
1431,0.09145701607294555,0.0699883320163621,791,72.34249971369994,3.81640625
1432,0.0904472684212319,0.0549208466719828,749,67.74500404750269,3.694043321299639
1433,0.12013415207866482,0.0942264517554196,568,68.23619838068161,3.8498367791077257
1434,0.19705258498305572,0.1378948288734587,995,196.06732205814043,3.7607655502392343
1435,0.18636176447914948,0.13853382669529055,882,164.37107627060985,3.7917737789203083
1436,0.22452627675539186,0.1240249940744206,1073,240.91669495853546,3.604898828541001
1437,0.2929243546358444,0.174721530171182,1069,313.13613510571764,3.6520657043305125
1438,0.2927036311713086,0.20351896044686862,1056,309.0950345169019,3.6295294753921037
1439,0.6573428260855169,0.4681897831530492,888,583.720429563939,3.4536621823617337
1440,0.7971803717686411,0.5877005133741505,888,707.8961701305533,3.4536621823617337
1441,0.5295780409817823,0.3914020620512362,921,487.7413757442215,3.734206033010814
1442,0.27036580853989356,0.2044657402576676,733,198.178137659742,3.6989651928504235
1443,0.5542609470991612,0.4350462611582397,767,425.11814642505664,3.614100185528757
1444,0.8380840033591274,0.697064732739101,759,636.1057585495777,3.5456349206349205
1445,1.3556607103207434,0.9191759167969008,557,755.103015648654,3.756723716381418
1446,1.085951319744362,0.9213031522692384,699,759.079972501309,3.5712707182320442
1447,1.0852586482499018,0.9696921063426226,787,854.0985561726727,3.548141086749285
1448,0.9634119572436743,0.7241676699093885,853,821.7903995288542,3.8645066273932254
1449,1.3499736620874336,1.0687143868498798,872,1177.1770333402421,3.8337061894108873
1450,1.4755648135730357,1.0811320257933856,832,1227.6699248927657,3.878835562549174
1451,1.3260407374709717,0.9607845144787333,779,1032.985734489887,3.803006329113924
1452,1.6877847383849147,1.450322428419197,782,1319.8476654170033,3.7882547559966913
1453,1.502494496606006,1.172486490738166,739,1110.3434329918384,3.6737967914438503
1454,1.6242572289210373,1.2640983433676902,677,1099.6221439795422,3.6479591836734695
1455,1.2362423765272368,0.9684342353217276,773,955.615357055554,3.7768339768339767
1456,1.1731794214400832,1.028068189537587,805,944.4094342592671,3.8242591316333563
1457,1.0993677982297922,0.9546371185392908,787,865.2024572068465,3.768421052631579
1458,0.9717680190445415,0.7736746714974032,819,795.8780075974795,4.065203357004519
1459,0.8595502036189749,0.7012259627468537,797,685.061512284323,4.047745358090186
1460,0.3147100738622681,0.2454291960744565,858,270.02124337382605,3.6489932885906042
1461,0.15104509465294735,0.1189336447605744,753,113.73695627366935,3.990074441687345
1462,0.25114841473549265,0.1936978615101953,758,190.37049836950345,3.986820428336079
1463,0.2829055185320279,0.2097671195292079,821,232.26543071479492,4.040056219255095
1464,0.317944778346199,0.22229011239128185,946,300.7757603155043,3.883155397390273
1465,0.7300047283919947,0.611139494773667,793,578.8937496148518,3.6568544995794787
1466,0.7620813188554836,0.6471098515808402,779,593.6613473884217,3.658894645941278
1467,0.7640999699337824,0.6515963819062457,777,593.7056766385489,3.660884648742411
1468,0.7640999699337824,0.6515963819062457,777,593.7056766385489,3.660884648742411
1469,0.7640999699337824,0.6515963819062457,777,593.7056766385489,3.660884648742411
1470,0.7640999699337824,0.6515963819062456,777,593.7056766385489,3.660884648742411
1471,0.4449605100715593,0.3708758808219553,795,353.74360550688965,3.6592039800995027
1472,0.33865344940573694,0.2651100739691371,680,230.2843455959011,3.7370848708487086
1473,0.3231425639805052,0.2431737487581936,714,230.72379068208073,3.7073608617594256
1474,0.345473258281051,0.24317764025151115,714,246.66790641267042,3.7073608617594256
1475,0.21996665432374227,0.1579349163623871,785,172.67382364413768,3.8655578655578657
1476,0.33589066725406763,0.2534480968487659,669,224.71085639297124,3.790990990990991
1477,0.3669306147688406,0.2791759117521663,632,231.90014853390724,3.8179190751445087
1478,0.3004866243702464,0.23225026988715586,716,215.14842304909644,3.739167374681393
1479,0.21739031993006422,0.1738985953661987,716,155.65146906992598,3.739167374681393
1480,0.21121236233209115,0.1738985953661987,647,136.65439842886298,3.7815884476534296
1481,0.2788041190067786,0.1861231696280005,666,185.68354325851456,3.7802294792586055
1482,0.2981297788275646,0.18176872603502864,690,205.70954739101956,3.8143100511073254
1483,0.2433202915306319,0.057820276344965296,606,147.45209666756293,3.901904761904762
1484,0.2927508502663194,0.1172122585296704,655,191.75180692443922,3.9968203497615264
1485,0.5790073014689189,0.43269127026843934,682,394.8829796018027,4.00748502994012
1486,0.7015146396780737,0.5099544469448972,663,465.10420610656286,3.983695652173913
1487,0.7266026497627532,0.524937589985115,617,448.3138349036187,3.6894553881807646
1488,0.5377422937167737,0.2968705914014978,865,465.14708406500927,3.7106069895769465
1489,0.8162888397640987,0.5591940424354529,1010,824.4517281617397,3.756086357372531
1490,0.5656630026201663,0.4335559563201949,997,563.9660136123058,3.724679029957204
1491,0.8191149002894522,0.7025403291058312,864,707.7152738500868,3.6184210526315788
1492,0.941280138385781,0.7803551957859585,864,813.2660395653147,3.6184210526315788
1493,0.8906493336929632,0.7492122990541297,874,778.4275176476498,3.6217447916666665
1494,0.9323760418698758,0.764448039988084,858,799.9786439243534,3.588612099644128
1495,1.0712417738370246,0.7656130677797841,848,908.4130242137969,3.601585014409222
1496,1.2701030907183477,0.9726901524832356,716,909.393812954337,3.4883977900552487
1497,1.2701030907183477,0.9726901524832356,716,909.393812954337,3.4883977900552487
1498,1.0653004232668695,0.8157084552218701,829,883.1340508882348,3.7019089574155655
1499,0.9488787736012693,0.8106665751541519,807,765.7451702962243,3.7016491754122938
1500,0.8800956920339871,0.7331665503179418,832,732.2396157722773,3.7235376044568245
1501,0.10294277551807846,0.0681742718698011,745,76.69236776096845,3.7557182067703567
1502,0.13951575707810732,0.1007568919199132,691,96.40538814097216,3.8019417475728154
1503,0.10028363740363763,0.06565178865352936,842,84.43882269386289,3.8657219973009447
1504,0.10497020137435299,0.0681420489276373,842,88.38490955720522,3.8657219973009447
1505,0.13951575707810732,0.1007568919199132,691,96.40538814097216,3.8019417475728154
1506,0.15722700312484483,0.1162232702197064,788,123.89487846237773,3.8256450351837374
1507,0.15715005388792563,0.11244269791851086,718,112.83373869153061,3.7885338345864663
1508,0.13951575707810732,0.1007568919199132,691,96.40538814097216,3.8019417475728154
1509,0.13951575707810732,0.1007568919199132,691,96.40538814097216,3.8019417475728154
1510,0.13951575707810732,0.1007568919199132,691,96.40538814097216,3.8019417475728154
1511,0.14577898834975897,0.10654861467446561,776,113.12449495941297,3.8359310910582445
1512,0.13951575707810732,0.1007568919199132,691,96.40538814097216,3.8019417475728154
1513,0.13951575707810732,0.1007568919199132,691,96.40538814097216,3.8019417475728154
1514,0.12081062954106195,0.0764147851440063,887,107.15902840292195,3.6751137102014293
1515,0.1348377897126561,0.0934761330352864,857,115.55598578374627,3.8524271844660194
1516,0.1851976288789539,0.1454692643875738,850,157.41798454711082,3.8462050599201065
1517,0.20268858023326095,0.1581727673881399,845,171.2718502971055,3.8451742627345844
1518,0.20552527432380424,0.1616679734205848,837,172.02465460902414,3.8181818181818183
1519,0.18989610574379537,0.1491731194110405,841,159.7026249305319,3.8166089965397925
1520,0.12495486501761537,0.0732911627250166,1019,127.32900745295005,3.8083923154701718
1521,0.17955690439754393,0.1516062953965056,646,115.99376024081337,3.7327586206896552
1522,0.15368451355360824,0.125040042113859,671,103.12230859447114,3.7262626262626264
1523,0.1493091863315503,0.1148125809291507,628,93.76616901621358,3.7974137931034484
1524,0.1493091863315503,0.1148125809291507,628,93.76616901621358,3.7974137931034484
1525,0.1493091863315503,0.1148125809291507,628,93.76616901621358,3.7974137931034484
1526,0.1493091863315503,0.1148125809291507,628,93.76616901621358,3.7974137931034484
1527,0.14809399347150995,0.1148125809291507,628,93.00302790010825,3.8278427205100956
1528,0.1388009521667852,0.1137047215473792,628,87.16699796074111,3.8278427205100956
1529,0.14101973448800104,0.1137047215473792,607,85.59897883421662,3.882608695652174
1530,0.14101973448800104,0.1137047215473792,607,85.59897883421662,3.882608695652174
1531,0.1090093043498324,0.0835786151487435,702,76.52453165358234,3.836965998256321
1532,0.12013415207866482,0.0942264517554196,568,68.23619838068161,3.8498367791077257
1533,0.11072837582864346,0.0746480767755898,1004,111.17128933195804,3.6372093023255814
1534,0.05928152964436804,0.0451500745249762,811,48.07732054158248,3.816931982633864
1535,0.32194523230001204,0.2539005895021089,860,276.8728997780104,3.7842069434989787
1536,0.10927004384842118,0.0775033362379839,1037,113.31303547081276,3.5864232743867657
1537,0.13732174541236566,0.087255349813896,1100,151.05391995360222,3.9941291585127203
1538,0.18306426503710227,0.1385602411250843,831,152.126404245832,3.9904076738609113
1539,0.1303723786624658,0.0819336265854372,831,108.33944666850907,4.020608899297424
1540,0.42329903170752153,0.2075209953432838,1130,478.32790582949934,3.557272242940863
1541,0.3870949522461843,0.1650204173948941,888,343.74031759461167,3.7276933245208195
1542,0.29719560915898036,0.1911784620320926,220,65.38303401497568,4.3244444444444445
1543,0.10851876627217008,0.0130328550782422,655,71.0797919082714,3.6481481481481484
1544,0.5836016662106799,0.4806020977286376,734,428.363622998639,3.5582329317269075
1545,1.2410004030927941,0.912019886355204,603,748.3232430649549,3.6857798165137616
1546,1.1735833381326395,0.9139841197540992,639,749.9197530667566,3.6570477247502775
1547,0.8540822116332736,0.7280299888205828,751,641.4157409365885,3.53420523138833
1548,0.8775704859929976,0.7206260203961108,731,641.5040252608812,3.667001003009027
1549,0.9314472261471556,0.6378857170918022,749,697.6539723842195,3.5902335456475583
1550,1.0154139874494497,0.7103169634334265,748,759.5296626121883,3.6398429833169774
1551,1.695679875215641,1.3539955432407518,759,1287.0210252886716,3.643809523809524
1552,2.20151615161353,1.7131018069365231,749,1648.935597558534,3.768760907504363
1553,1.8951793021100625,1.5740526173574023,743,1408.1182214677765,3.6398230088495573
1554,1.5275828293908196,1.150651879900805,900,1374.8245464517377,3.712121212121212
1555,2.8057140195826493,1.9653886817720068,870,2440.971197036905,3.6925151719487523
1556,1.8508895128562786,1.532105733059863,831,1538.0891851835675,3.6265965439519157
1557,1.5123221077126021,1.3785880684105951,717,1084.3349512299358,3.753401360544218
1558,1.3521749714597713,1.1909135708194678,717,969.509454536656,3.753401360544218
1559,1.0327603341132157,0.8325909227693115,781,806.5858209424214,3.7190661478599223
1560,0.19148081800626054,0.1452174969782809,693,132.69620687833856,3.543877551020408
1561,0.19085935338836277,0.1403116547924693,597,113.94303397285258,3.605080831408776
1562,0.2085610513672008,0.1556004074391329,597,124.51094766621888,3.605080831408776
1563,0.17393017779570538,0.13737762064683415,728,126.62116943527352,3.6939843068875327
1564,0.1971233587849986,0.15150349064413848,848,167.1606082496788,3.605762473647224
1565,0.38768003967420483,0.3079137622967884,823,319.06067265187056,3.634204275534442
1566,0.6243024984038952,0.4894487527424344,858,535.651543630542,3.6666666666666665
1567,0.5953023032192248,0.4781453409306991,836,497.672725491272,3.6821646341463414
1568,0.5475718412354067,0.43542480575902665,836,457.7700592728,3.6821646341463414
1569,0.56117125724968,0.4494933005641661,813,456.23223214398985,3.668562144597888
1570,0.5380362190446197,0.4345253708138865,813,437.42344608327585,3.668562144597888
1571,0.44989913188648795,0.3527720004480638,845,380.1647664440823,3.6605222734254994
1572,0.36404134306094643,0.2829996749184071,774,281.7679995291725,3.696843853820598
1573,0.35629391687554274,0.2632376806581826,759,270.42708290853693,3.7195945945945947
1574,0.2944853153960885,0.2223520143343281,805,237.06067889385128,3.87913571910871
1575,0.28314032594785726,0.21959949551612246,770,218.0180509798501,3.8876404494382024
1576,0.3669306147688406,0.2791759117521663,632,231.90014853390724,3.8179190751445087
1577,0.3669306147688406,0.2791759117521663,632,231.90014853390724,3.8179190751445087
1578,0.3669306147688406,0.2791759117521663,632,231.90014853390724,3.8179190751445087
1579,0.3147235953424331,0.2336822425275982,726,228.48933021860643,3.7322175732217575
1580,0.29364659933998993,0.19211541538525656,738,216.71119031291258,3.7409539473684212
1581,0.38533107902366565,0.2653331960324606,574,221.18003935958407,3.868951612903226
1582,0.3925808416028287,0.26003503189521016,574,225.34140308002367,3.868951612903226
1583,1.3666783170257262,0.9309277231216436,651,889.7075843837478,4.10183299389002
1584,2.2719795074906455,1.471237933007477,666,1513.13835198877,3.9953632148377127
1585,1.666633120853198,1.3481654929552085,646,1076.644996071166,3.97429718875502
1586,1.1392224205184471,0.835243866734211,663,755.3044648037304,3.983695652173913
1587,0.9928474277724035,0.7292969918348924,649,644.3579806242899,4.002349256068912
1588,0.9956750259284555,0.7923108774657343,929,924.9820990875352,3.904672015101463
1589,1.5646560665549614,1.3804364967817029,897,1403.4964916998003,3.659548505186089
1590,1.2284536052030952,1.028887047848908,997,1224.768244387486,3.724679029957204
1591,1.1921363598945345,0.9259653881881704,888,1058.6170875863465,3.620140216698534
1592,1.2251103253538602,0.9402473349873884,853,1045.0191075268428,3.616860863605209
1593,1.2468044041866087,0.9779118943328616,853,1063.524156771177,3.616860863605209
1594,1.111507572201939,0.9427853827893944,869,965.9000802434849,3.6281102891728314
1595,1.0669914846444886,0.8564981799153266,848,904.8087789785263,3.601585014409222
1596,1.2701030907183477,0.9726901524832356,716,909.393812954337,3.4883977900552487
1597,1.2560811131837977,0.9580671497400594,720,904.3784014923343,3.4819277108433737
1598,1.047442513541349,0.8360686671039558,742,777.2023450476809,3.457627118644068
1599,0.8562201669925672,0.6818302875136077,795,680.695032759091,3.4416289592760183
1600,0.5496008304824215,0.422107756264656,808,444.0774710297966,3.5281923714759538
1601,0.12628799936007531,0.08844351936435105,720,90.92735953925423,3.7737089201877936
1602,0.13951575707810732,0.1007568919199132,691,96.40538814097216,3.8019417475728154
1603,0.13951575707810732,0.1007568919199132,691,96.40538814097216,3.8019417475728154
1604,0.13951575707810732,0.1007568919199132,691,96.40538814097216,3.8019417475728154
1605,0.13351231462273846,0.0946563349542369,691,92.25700940431229,3.8019417475728154
1606,0.11775795513045367,0.0806143828113244,691,81.37074699514349,3.8019417475728154
1607,0.12912784695041152,0.0909620451635068,691,89.22734224273437,3.8019417475728154
1608,0.13951575707810732,0.1007568919199132,691,96.40538814097216,3.8019417475728154
1609,0.13951575707810732,0.1007568919199132,691,96.40538814097216,3.8019417475728154
1610,0.15546917563228171,0.1148577611485857,717,111.47139892834599,3.7644276253547777
1611,0.14434345823102904,0.0934224292687022,794,114.60870583543705,3.7566742944317313
1612,0.17453130566192285,0.1236920631140508,717,125.13894615959867,3.7644276253547777
1613,0.15607531428994076,0.1156171589817616,717,111.90600034588752,3.7644276253547777
1614,0.12966119415289953,0.0867235077513273,857,111.1196433890349,3.8409846972721224
1615,0.521804865803381,0.3387367895624067,884,461.2755013701888,3.824729126832377
1616,0.20552527432380424,0.1616679734205848,837,172.02465460902414,3.8181818181818183
1617,0.18399600254051174,0.1305152415515689,936,172.22025837791898,3.7610881135422827
1618,0.17796654539126788,0.12441255362030651,970,172.62754902952986,3.777841233580811
1619,0.20552527432380424,0.1616679734205848,837,172.02465460902414,3.8181818181818183
1620,0.1588465861347222,0.1246548133108684,881,139.94384238469024,3.930513595166163
1621,0.14610384213575509,0.1117966267475157,765,111.76943923385264,3.7465870307167237
1622,0.12852290156871934,0.08297533686944561,930,119.52629845890898,3.7868663594470044
1623,0.1493091863315503,0.1148125809291507,628,93.76616901621358,3.7974137931034484
1624,0.1493091863315503,0.1148125809291507,628,93.76616901621358,3.7974137931034484
1625,0.1493091863315503,0.1148125809291507,628,93.76616901621358,3.7974137931034484
1626,0.14045515541903456,0.1137047215473792,674,94.66677475242929,3.7293156281920328
1627,0.20752133219174765,0.11855509674627375,990,205.44611886983017,3.682366456059736
1628,0.08797927844935435,0.0507720446715214,977,85.9557550450192,3.701814058956916
1629,0.14907184438098903,0.1137047215473792,662,98.68556098021473,3.783673469387755
1630,0.09848073661539547,0.060042258389521055,906,89.2235473735483,3.8677685950413223
1631,0.09849766693816184,0.0681202271473436,702,69.14536219058961,3.836965998256321
1632,0.12013415207866482,0.0942264517554196,568,68.23619838068161,3.8498367791077257
1633,0.15006734162012444,0.094917023815827,1041,156.22010262654956,3.6411609498680737
1634,0.1059487176611342,0.0782061961130526,721,76.38902543367776,3.6681943171402382
1635,0.12013415207866482,0.0942264517554196,568,68.23619838068161,3.8498367791077257
1636,0.1372324514962538,0.1071564751028158,989,135.722894529795,3.9388489208633093
1637,0.21005482421117588,0.1638672531708745,957,201.02246677009532,3.936982520699172
1638,0.24487332573965823,0.1638672531708745,831,203.489733689656,3.9525222551928785
1639,0.21433552583032056,0.1638672531708745,831,178.11282196499639,4.003362151777138
1640,0.21416553055330576,0.1072764820875886,1118,239.43706315859583,3.9541425818882465
1641,1.071110010291648,0.2625527315673224,1036,1109.6699706621473,3.5462653288740245
1642,0.3322173172168383,0.1402277963410515,761,252.81737840201393,3.8149190710767065
1643,0.29719560915898036,0.1911784620320926,220,65.38303401497568,4.3244444444444445
1644,0.29719560915898036,0.1911784620320926,220,65.38303401497568,4.334841628959276
1645,0.3002747902570924,0.2312519327553923,603,181.06569852502673,3.6857798165137616
1646,0.7081649318571864,0.5194535688335195,671,475.1786692761721,3.614736842105263
1647,1.2096619776514281,0.6196230510524299,377,456.04256557458837,4.086770981507824
1648,0.8983484490793587,0.6196230510515717,565,507.5668737298377,3.8688524590163933
1649,1.4398004229714823,1.2392461021001948,414,596.0773751101937,4.040601503759398
1650,0.7798870945519766,0.4778996544070017,512,399.302192410612,3.8071625344352618
1651,0.7729968424142012,0.5860104094769507,690,533.3678212657989,3.64033264033264
1652,2.565766536165507,2.0649591087693393,666,1708.8005130862277,3.5821389195148843
1653,2.427589917323063,1.8858469776714213,677,1643.4783740277137,3.5694444444444446
1654,3.3404446357220827,2.5311368213640586,863,2882.8037206281574,3.6701680672268906
1655,4.405112241097453,3.4046198181196887,792,3488.848894949183,3.6441082802547773
1656,3.9610558938652147,2.8946236223361685,831,3291.6374478019934,3.6265965439519157
1657,2.0066253267812084,1.6353663752533838,831,1667.505646555184,3.6265965439519157
1658,1.452231219248189,1.2991784408939648,717,1041.2497842009516,3.753401360544218
1659,0.9849303577528875,0.8206002704918811,781,769.2306094050051,3.7190661478599223
1660,0.2063735200610225,0.148556477721107,709,146.31882572326495,3.5798076923076922
1661,0.20270458942692687,0.1556004074391329,597,121.01463988787535,3.605080831408776
1662,0.2102474133703056,0.1556004074391329,597,125.51770578207245,3.5464547677261615
1663,0.2102474133703056,0.1556004074391329,597,125.51770578207245,3.5464547677261615
1664,0.2102474133703056,0.1556004074391329,597,125.51770578207245,3.5464547677261615
1665,0.17386827521040238,0.13737310400296898,728,126.57610435317292,3.6939843068875327
1666,0.39032502827646376,0.3024264560181756,821,320.45684821497673,3.684328358208955
1667,0.4354205793302757,0.3264682724402332,764,332.66132260833064,3.7239669421487602
1668,0.4201157367706904,0.31537392574099504,764,320.9684228928075,3.7239669421487602
1669,0.41480222730209665,0.3220561841383421,839,348.0190687064591,3.6820940819423367
1670,0.40323223862755875,0.3075503906424632,839,338.3118482085218,3.6820940819423367
1671,0.43501056264953675,0.335804688780304,782,340.17825999193775,3.708840227088402
1672,0.4494077967493507,0.3452431836625274,782,351.43689705799227,3.708840227088402
1673,0.45627631868865864,0.3459371155372659,773,352.70159434633314,3.719672131147541
1674,0.35660050901253876,0.2754516029910472,805,287.0634097550937,3.87913571910871
1675,0.35365244309673055,0.2692221756614427,677,239.4227039764866,3.7639405204460967
1676,0.3669306147688406,0.2791759117521663,632,231.90014853390724,3.8179190751445087
1677,0.3669306147688406,0.2791759117521663,632,231.90014853390724,3.8179190751445087
1678,0.3669306147688406,0.2791759117521663,632,231.90014853390724,3.8179190751445087
1679,0.35516548744837495,0.2673547064763134,648,230.14723586654696,3.800755429650614
1680,0.3306239261279905,0.2693358198663117,662,218.8730390967297,3.804066543438078
1681,0.37731101790852994,0.24022454895928474,574,216.5765242794962,3.868951612903226
1682,0.4201223556999907,0.3296614443975291,548,230.2270509235949,3.8787564766839377
1683,1.566148812768888,1.206615776060487,606,949.0861805379462,4.094017094017094
1684,2.6894273279153302,2.040174643800222,594,1597.519832781706,3.967051070840198
1685,1.641089339873272,1.2432098578784923,662,1086.401142996106,3.9528672427336997
1686,1.277511453671476,0.9636990531669224,635,811.2197730813873,3.9735318444995866
1687,1.0223049525681835,0.737611287163152,883,902.695273117706,3.8905109489051095
1688,1.5428655535584817,1.3631743870072546,919,1417.8934437202447,3.8891050583657587
1689,1.6989586718793241,1.5202306621315858,870,1478.094044535012,3.648206419131529
1690,1.5209979603230692,1.3025957582777248,962,1463.2000378307926,3.7181409295352323
1691,1.153429626846432,0.8850309944649936,981,1131.5144639363498,3.718213058419244
1692,1.2397301651202899,0.9690371671540292,853,1057.4898308476072,3.616860863605209
1693,1.2349612937199606,0.9647489278430704,853,1053.4219835431263,3.616860863605209
1694,1.2596818422130251,1.0354839210723945,876,1103.48129377861,3.6247518199867637
1695,1.1961090909770937,1.0615241426338167,874,1045.3993455139798,3.6105407255304587
1696,1.2593771205968989,1.009388183248678,867,1091.8799635575112,3.611576011157601
1697,1.4511599409262261,1.179505528550064,750,1088.3699556946697,3.4932502596053996
1698,0.9929950117753461,0.7363159863940287,649,644.4537626421996,3.5273573923166475
1699,0.647642634102119,0.4413513604281138,778,503.8659693314485,3.5238938053097346
1700,0.4263932541711767,0.3452447635724632,756,322.3533001534096,3.5374531835205993
1701,0.10375569283232007,0.071446315660208,745,77.29799116007845,3.7607142857142857
1702,0.12748202265804842,0.0889733432297571,735,93.6992866536656,3.7618164967562557
1703,0.11863903027624055,0.0843875314201359,725,86.0132969502744,3.7983501374885424
1704,0.13255453991435162,0.0950859459079367,709,93.9811687992753,3.8105849582172704
1705,0.12559348675174986,0.0872218317657555,691,86.78509934545916,3.8019417475728154
1706,0.13856014494579885,0.0997858213560526,691,95.745060157547,3.8019417475728154
1707,0.13909960704043756,0.1003340100433987,691,96.11782846494235,3.8019417475728154
1708,0.13951575707810732,0.1007568919199132,691,96.40538814097216,3.8019417475728154
1709,0.15670774201339382,0.1157918222701176,717,112.35945102360337,3.7644276253547777
1710,0.1940857067959453,0.1346499520320316,717,139.1594517726928,3.7644276253547777
1711,0.21052442766377666,0.1420252203000746,841,177.05104366523616,3.743954480796586
1712,0.19941998290330942,0.14216881333830472,698,139.19514806650997,3.7778846153846155
1713,0.1811309089363617,0.1139630950815247,840,152.14996350654383,3.8463630183548605
1714,0.26596006399262406,0.194838486062939,857,227.92777484167883,3.8409846972721224
1715,0.4139255313811483,0.2757852538716854,874,361.7709144271236,3.798675496688742
1716,0.227677024565151,0.1774215133026648,851,193.7531479049435,3.8155737704918034
1717,0.16856610171222244,0.1142436029232932,996,167.89183730537354,3.743961352657005
1718,0.16626335060435188,0.0932371493705718,1111,184.71858252143494,3.750463821892393
1719,0.20552527432380424,0.1616679734205848,837,172.02465460902414,3.8181818181818183
1720,0.1535476846821657,0.1164893193759907,861,132.20455651134466,3.866840731070496
1721,0.14306404843580392,0.1043245550739435,765,109.44399705338999,3.7465870307167237
1722,0.1224245609845302,0.0964546496279276,803,98.30692247057775,3.774193548387097
1723,0.1493091863315503,0.1148125809291507,628,93.76616901621358,3.7974137931034484
1724,0.12531801829079703,0.0997592931203692,748,93.73787768151617,3.7797619047619047
1725,0.11740609292228664,0.08385172140507341,916,107.54398111681456,3.7068298969072164
1726,0.14932115049927455,0.1137047215473792,674,100.64245543651106,3.7293156281920328
1727,0.17548165395112564,0.1104396128932659,925,162.32052990479121,3.6379417234965903
1728,0.13176604101168343,0.0866518849143931,861,113.45056131105945,3.6655518394648827
1729,0.1667198127953386,0.1266444270823785,662,110.36851607051415,3.75387797311272
1730,0.14203449257374332,0.11130192481647455,738,104.82145551942256,3.803030303030303
1731,0.1301733124544119,0.095467606572271,653,85.00317303273097,3.720720720720721
1732,0.11897290504299475,0.0942264517554196,593,70.55093269049588,3.789585547290117
1733,0.12013415207866482,0.0942264517554196,568,68.23619838068161,3.8498367791077257
1734,0.12013415207866482,0.0942264517554196,568,68.23619838068161,3.8498367791077257
1735,0.11375184815413024,0.0814927764601557,871,99.07785974224744,3.4541420118343193
1736,0.18610579817522488,0.1434827135910294,989,184.05863439529742,3.9388489208633093
1737,0.24487332573965823,0.1638672531708745,831,203.489733689656,3.952428146679881
1738,0.24487332573965823,0.1638672531708745,831,203.489733689656,3.952428146679881
1739,0.24487332573965823,0.1638672531708745,831,203.489733689656,3.9554455445544554
1740,0.17829718968499578,0.1344720681451044,831,148.1649646282315,4.004798464491363
1741,0.766324345050967,0.2030019776470987,1011,774.7539128465277,3.5626772546795236
1742,1.3364807652838837,0.4746615865682833,761,1017.0618623810356,3.80386542591267
1743,0.17328600778415928,0.0497422826846525,761,131.8706519237452,3.8149190710767065
1744,0.29719560915898036,0.1911784620320926,220,65.38303401497568,4.325862068965518
1745,0.29719560915898036,0.1911784620320926,220,65.38303401497568,4.334841628959276
1746,0.42499794000978564,0.3385404999464249,470,199.74903180459924,3.9193548387096775
1747,1.2096619776514281,0.6196230510524299,377,456.04256557458837,4.086770981507824
1748,0.8198988396314074,0.6396631891109261,637,522.2755608452065,3.805526036131775
1749,1.4398004229714823,1.2392461021001948,414,596.0773751101937,4.040601503759398
1750,0.7605518826888474,0.5019424679444588,512,389.4025639366899,3.8438709677419354
1751,0.5926862963609786,0.2601151527869358,725,429.6975648617095,3.6781076066790352
1752,2.332679458277679,1.8498682806050355,709,1653.8697359188745,3.706603773584906
1753,2.376137046278975,2.008265997305723,716,1701.3141251357458,3.6201329534662867
1754,2.9203768052245453,2.372750838746333,886,2587.4538494289473,3.6919555264879005
1755,4.378605761175456,3.3699254019764746,792,3467.8557628509616,3.6730621642363777
1756,4.111892865321795,3.091763684448969,831,3416.9829710824115,3.6545718432510887
1757,3.7241265187098245,2.791321578395416,831,3094.749137047864,3.6545718432510887
1758,1.4540469851654587,1.2164772468264295,853,1240.3020783461363,3.6423049894588897
1759,0.7644050089384924,0.6302992349264794,781,597.0003119809626,3.7190661478599223
1760,0.19300914853725357,0.1495449476261946,597,115.22646167674039,3.605080831408776
1761,0.20967148754410975,0.1556004074391329,597,125.17387806383351,3.605080831408776
1762,0.2102474133703056,0.1556004074391329,597,125.51770578207245,3.5464547677261615
1763,0.2102474133703056,0.1556004074391329,597,125.51770578207245,3.5464547677261615
1764,0.2102474133703056,0.1556004074391329,597,125.51770578207245,3.5464547677261615
1765,0.20973500745518087,0.1556004074391329,597,125.21179945074297,3.5464547677261615
1766,0.41625814028010905,0.31480104731461145,770,320.518768015684,3.4833024118738405
1767,0.4738292994798111,0.3629591094029913,701,332.1543389353476,3.5166487647690654
1768,0.47357664838452723,0.362137556739846,701,331.9772305175536,3.5166487647690654
1769,0.47134658327632306,0.3629591094029913,701,330.41395487670246,3.5166487647690654
1770,0.46112078307600307,0.3514177647648446,727,335.23480929625424,3.4958246346555324
1771,0.47970605905641284,0.3629591094029913,727,348.74630493401213,3.4958246346555324
1772,0.4939493157461139,0.3842224190242556,727,359.1011525474248,3.4958246346555324
1773,0.4337160176532176,0.3286977605668251,793,343.93680199900155,3.7289433384379786
1774,0.33914830920668093,0.2665608707972715,839,284.5454314244053,3.8705882352941177
1775,0.35365244309673055,0.2692221756614427,677,239.4227039764866,3.7639405204460967
1776,0.3669306147688406,0.2791759117521663,632,231.90014853390724,3.8179190751445087
1777,0.3666135969930741,0.2785275129357119,632,231.69979329962283,3.8179190751445087
1778,0.36338410398730986,0.2719222068527248,632,229.6587537199798,3.8179190751445087
1779,0.36409312720575954,0.273372377318939,632,230.10685639404002,3.8179190751445087
1780,0.34688933918606724,0.258375208189772,662,229.6407425411765,3.804066543438078
1781,0.3116998099445707,0.2390756103770218,703,219.1249663910332,3.7477558348294435
1782,0.4415112496246537,0.3437091441391832,685,302.4352059928878,3.7830913748932535
1783,1.1063732533341546,0.7897299013097797,705,779.9931436005791,4.02851711026616
1784,1.3386030650791372,0.9920641392840097,660,883.4780229522305,3.9377811094452775
1785,1.2392502102555383,0.9133282745782272,699,866.2358969686213,3.9300956585724798
1786,0.9834379742090513,0.6728709454097481,792,778.8828755735686,3.851424694708277
1787,1.3831364421217847,1.2383839312898695,898,1242.0565250253626,3.8875192604006163
1788,1.68106073306585,1.4955825484257348,876,1472.6092021656846,3.663771712158809
1789,1.6989586718793241,1.5202306621315858,870,1478.094044535012,3.648206419131529
1790,1.6989586718793241,1.5202306621315858,870,1478.094044535012,3.648206419131529
1791,1.417253461654506,1.2074697390952736,981,1390.3256458830704,3.718213058419244
1792,1.1134472009494953,0.7931471401291468,950,1057.7748409020205,3.714064914992272
1793,1.2152345933850714,0.932081265130611,853,1036.595108157466,3.616860863605209
1794,1.3129070618529346,0.9553413333884928,861,1130.4129802553766,3.6136210384356033
1795,1.360092428809462,1.0282634477137509,846,1150.6381947728048,3.626098715348208
1796,1.3282146290536188,1.0908587779158243,847,1124.9977908084152,3.5982966643009227
1797,1.3293522189159195,1.031593319972532,848,1127.2906816406996,3.599290780141844
1798,0.7463050509211319,0.5171112250086295,863,644.0612589449368,3.6398671096345514
1799,0.26739937874002495,0.20204974868147701,900,240.65944086602246,3.729955456570156
1800,0.14328313731295833,0.10872497031444575,724,103.73699141458182,3.5686274509803924
1801,0.0766757396521606,0.0575589496575458,658,50.45263669112167,3.587892898719441
1802,0.11109676042226865,0.0750518304010406,745,82.76708651459015,3.7607142857142857
1803,0.1034833924786187,0.0693117311963321,736,76.16377686426335,3.7882882882882885
1804,0.09596724066395562,0.0641315050923651,709,68.04077363074454,3.8105849582172704
1805,0.1160816407321956,0.0781285744100804,691,80.21241374594716,3.8019417475728154
1806,0.13661416936257645,0.0978083667560428,691,94.40039102954033,3.8019417475728154
1807,0.11124949375052597,0.0754445382354203,717,79.76588701912712,3.7644276253547777
1808,0.13753116015121694,0.0992148598334841,717,98.60984182842255,3.7644276253547777
1809,0.18640584343978125,0.1333723768334984,717,133.65298974632316,3.7644276253547777
1810,0.19941998290330942,0.14216881333830472,698,139.19514806650997,3.7778846153846155
1811,0.20315548921263787,0.14266463006361774,760,154.39817180160478,3.830249396621078
1812,0.25964937816289385,0.1869715070252298,760,197.33352740379934,3.830249396621078
1813,0.2624446458653656,0.1783628199407196,868,227.80195261113735,3.8823529411764706
1814,0.3057417810390107,0.21959225020452416,874,267.21831662809535,3.8616822429906543
1815,0.35453449880446836,0.251611410774524,831,294.6181685065132,3.8333333333333335
1816,0.299262566454779,0.2171816728434852,851,254.67244405301693,3.8155737704918034
1817,0.20552527432380424,0.1616679734205848,837,172.02465460902414,3.8181818181818183
1818,0.20552527432380424,0.1616679734205848,837,172.02465460902414,3.8181818181818183
1819,0.20552527432380424,0.1616679734205848,837,172.02465460902414,3.8181818181818183
1820,0.1605985878094223,0.1179938405207964,861,138.2753841039126,3.866840731070496
1821,0.13561469310627317,0.0976745696239475,717,97.23573495719786,3.8050770625566637
1822,0.1277617219664711,0.0995319608840791,712,90.96634604012742,3.7766450417052826
1823,0.12258438632914669,0.1051345161529952,679,83.2347983174906,3.811650485436893
1824,0.12047066355403349,0.10135275031440305,728,87.70264306733638,3.7731397459165152
1825,0.15559499844389432,0.0980226646899824,923,143.61418356371445,3.6105544422177687
1826,0.16039266529814164,0.1200684938586278,674,108.10465641094747,3.7293156281920328
1827,0.1667198127953386,0.1266444270823785,662,110.36851607051415,3.75387797311272
1828,0.1667198127953386,0.1266444270823785,662,110.36851607051415,3.75387797311272
1829,0.1667198127953386,0.1266444270823785,662,110.36851607051415,3.75387797311272
1830,0.1327125300484176,0.1027494412600557,747,99.13625994616795,3.774767146486029
1831,0.13753220192477653,0.1137311683708685,653,89.80852785687907,3.6954314720812182
1832,0.130452124761154,0.0981266288549197,653,85.18523746903357,3.720720720720721
1833,0.12545324212383707,0.0942264517554196,593,74.39377257943538,3.789585547290117
1834,0.12013415207866482,0.0942264517554196,568,68.23619838068161,3.8498367791077257
1835,0.12054321867910997,0.089640879311602,871,104.99314346950479,3.4541420118343193
1836,0.20335866449488413,0.1638672531708745,957,194.6142419216041,3.936982520699172
1837,0.24487332573965823,0.1638672531708745,831,203.489733689656,3.952428146679881
1838,0.24487332573965823,0.1638672531708745,831,203.489733689656,3.952428146679881
1839,0.24487332573965823,0.1638672531708745,831,203.489733689656,3.952428146679881
1840,0.2429661740891354,0.1638672531708745,831,201.90489066807152,4.004798464491363
1841,0.6069686274913566,0.215724892368232,1011,613.6452823937615,3.5626772546795236
1842,1.575740308190896,0.5379673001394736,726,1143.9874637465905,3.8411764705882354
1843,0.9305037483667848,0.32056969601269,761,708.1133525071233,3.817415730337079
1844,0.09868529144523575,0.0072693164632163,761,75.0995067898244,3.8149190710767065
1845,0.29719560915898036,0.1911784620320926,220,65.38303401497568,4.325862068965518
1846,0.2275688216483946,0.1594480692845825,563,128.12124658804615,3.781111111111111
1847,0.7786488546231982,0.5721134006725797,651,506.90040435970207,3.687179487179487
1848,1.0143127366978264,0.765407635558652,637,646.1172132765154,3.805526036131775
1849,1.1371267001993488,0.930869592795141,555,631.1053186106386,3.8518518518518516
1850,0.5804275980560621,0.4266176661734498,702,407.46017383535565,3.643008474576271
1851,0.6942187019821672,0.5473298401405715,678,470.68027994390934,3.6435536294691224
1852,2.2022337435171884,1.7121711440508642,680,1497.518945591688,3.7386587771203157
1853,2.4421872124956345,1.860013208900164,680,1660.6873044970316,3.656472986748216
1854,1.8149533771141209,1.3601889444942146,949,1722.3907548813006,3.780829596412556
1855,3.590269114676211,2.4571091671055054,874,3137.895206227008,3.7761664564943254
1856,3.9869919105658513,3.011474464097929,826,3293.2553181273934,3.6781524926686218
1857,3.435211508528484,2.6545216502990985,831,2854.66076358717,3.6545718432510887
1858,1.0043723244605776,0.8103995990458616,853,856.7295927648727,3.6423049894588897
1859,0.6410260054423641,0.5206728171334783,739,473.7182180219071,3.7429284525790347
1860,0.19838022367646352,0.1556004074391329,597,118.43299353484872,3.605080831408776
1861,0.2102474133703056,0.1556004074391329,597,125.51770578207245,3.5464547677261615
1862,0.2102474133703056,0.1556004074391329,597,125.51770578207245,3.5464547677261615
1863,0.2102474133703056,0.1556004074391329,597,125.51770578207245,3.5464547677261615
1864,0.2102474133703056,0.1556004074391329,597,125.51770578207245,3.5464547677261615
1865,0.20985004366841892,0.1556004074391329,597,125.28047607004609,3.5464547677261615
1866,0.41625814028010905,0.31480104731461145,770,320.518768015684,3.4833024118738405
1867,0.47231981742995166,0.3629591094029913,701,331.0961920183961,3.5166487647690654
1868,0.47480253363361064,0.3629591094029913,701,332.83657607716106,3.5166487647690654
1869,0.47480253363361064,0.3629591094029913,701,332.83657607716106,3.5166487647690654
1870,0.46439303316414143,0.3514177647648446,727,337.6137351103308,3.4958246346555324
1871,0.48863296338260825,0.374903049760544,727,355.2361643791562,3.4958246346555324
1872,0.476880250076561,0.37144283572979353,742,353.84514555680823,3.5392061955469507
1873,0.3797080797575216,0.30148406805175176,742,281.743395180081,3.5392061955469507
1874,0.34210958121817014,0.2713229977851751,753,257.6085146572821,3.7421180274858528
1875,0.33351908256173785,0.2617694009881666,748,249.4722737561799,3.742128935532234
1876,0.3226555546363778,0.2539943493341443,723,233.27996600210113,3.747528517110266
1877,0.331230975661555,0.2621138956922372,723,239.47999540330426,3.747528517110266
1878,0.35090302840139714,0.2809101645282807,697,244.5794107957738,3.733278955954323
1879,0.3604199460172865,0.2858416478814738,697,251.2127023740487,3.733278955954323
1880,0.3636489963295884,0.2790669434617578,720,261.8272773573037,3.717741935483871
1881,0.38237861060655737,0.175632144041065,743,284.10730768067214,3.7246835443037973
1882,0.4932910955855119,0.2891250579646432,745,367.50186621120633,3.7267311988086376
1883,1.1981268287530789,0.7994102838121666,709,849.4719215859329,3.52516010978957
1884,1.5555075904995959,1.1663492725686226,573,891.3058493562685,3.6527293844367015
1885,1.1924754965015225,0.817778475844632,709,845.4651270195794,3.905755395683453
1886,0.4568434513307278,0.3121304594111757,801,365.93160451591297,3.843225806451613
1887,0.6982054338703768,0.5893089186495168,875,610.9297546365797,3.889063317634746
1888,1.6055911470801518,1.4370245754165705,892,1432.1873031954954,3.6676792223572297
1889,1.6989586718793241,1.5202306621315858,870,1478.094044535012,3.648206419131529
1890,1.6989586718793241,1.5202306621315858,870,1478.094044535012,3.648206419131529
1891,1.5874268208802376,1.3395384656827278,931,1477.894370239501,3.6656976744186047
1892,0.8232395350813468,0.6051091182273858,1066,877.5733443967157,3.728540305010893
1893,0.8606696315706006,0.7184681360491609,957,823.6608374130648,3.657792567942318
1894,0.911687777378583,0.5083927656759819,984,897.1007729405256,3.647497337593184
1895,0.8066270881985647,0.5486504953123716,949,765.4891067004379,3.66013437849944
1896,0.8555123230890996,0.6663319567532333,974,833.2690026887831,3.666311300639659
1897,0.9470860611375611,0.6359846579910589,974,922.4618235479845,3.666311300639659
1898,0.3359575429494227,0.2921909826547912,951,319.495623344901,3.707627118644068
1899,0.3224077610599315,0.23201132625524307,936,301.7736643520959,3.702104695089045
1900,0.1326810254395373,0.108402027637797,721,95.66301934190639,3.5827996340347665
1901,0.07608714861847753,0.0541151154029578,555,42.22836748325503,3.697674418604651
1902,0.07837456621272904,0.0594831905327741,658,51.570464567975705,3.587892898719441
1903,0.10008637053086748,0.06667921215886,684,68.45907744311336,3.605060506050605
1904,0.1037163571828963,0.0697999017944825,650,67.4156321688826,3.638855780691299
1905,0.10442859929443364,0.0714373992819636,607,63.38815977172122,3.6825
1906,0.11083489666813737,0.0821405025629189,561,62.17837703082506,3.7105978260869565
1907,0.1496326613923178,0.1053263799592359,717,107.28661821829185,3.7644276253547777
1908,0.16084702575856907,0.10963232677996886,878,141.22368861602365,3.6949602122015914
1909,0.18398806536759207,0.11219186293345665,906,166.69318722303842,3.760647870425915
1910,0.24552634989202096,0.17827468344120834,760,186.60002591793594,3.830249396621078
1911,0.31198775825936004,0.22568454909713687,760,237.11069627711365,3.830249396621078
1912,0.3308477786084034,0.2410577887636631,745,246.48159506326053,3.8065601345668627
1913,0.2273099939490556,0.1196981990324158,1021,232.08350382198577,3.7785536159601
1914,0.3392624169524298,0.1933970827046396,1046,354.86848813224157,3.7828185328185326
1915,0.35453449880446836,0.251611410774524,831,294.6181685065132,3.8333333333333335
1916,0.4038847903778309,0.27505438807758964,878,354.61084595173554,3.8102664067576346
1917,0.23155440059894952,0.1706154614114162,857,198.44212131329974,3.8229792919171675
1918,0.2093770144169626,0.1656615950932941,843,176.50482315349947,3.827001356852103
1919,0.20552527432380424,0.1616679734205848,837,172.02465460902414,3.8181818181818183
1920,0.1634445713540654,0.1187011079181428,857,140.07199765043404,3.868455497382199
1921,0.14199381034569575,0.1028931210025699,717,101.80956201786385,3.8050770625566637
1922,0.15377290079266248,0.1270330613014076,619,95.18542559065807,3.654462242562929
1923,0.12271057629826576,0.0976745696239475,619,75.9578467286265,3.654462242562929
1924,0.13272611709971865,0.110738387832023,679,90.12103351070897,3.811650485436893
1925,0.15591139240774846,0.1200239390621947,674,105.08427848282246,3.7293156281920328
1926,0.1667198127953386,0.1266444270823785,662,110.36851607051415,3.75387797311272
1927,0.1667198127953386,0.1266444270823785,662,110.36851607051415,3.75387797311272
1928,0.1667198127953386,0.1266444270823785,662,110.36851607051415,3.75387797311272
1929,0.1478423487610356,0.1133758771115222,738,109.10765338564428,3.7838297872340427
1930,0.12188934620835133,0.0941586484056413,747,91.05134161763844,3.774767146486029
1931,0.14477512468121734,0.1137311683708685,593,85.85164893596188,3.763754045307443
1932,0.14477512468121734,0.1137311683708685,593,85.85164893596188,3.763754045307443
1933,0.13291141092403852,0.0974703330533066,654,86.92406274432119,3.7316326530612245
1934,0.18324615511993755,0.1434076518303605,814,149.16237026762917,3.580226904376013
1935,0.12529263946307834,0.0983483842416112,1011,126.67085849717219,3.934811529933481
1936,0.21115877419174428,0.1638672531708745,957,202.07894690149928,3.936982520699172
1937,0.24487332573965823,0.1638672531708745,831,203.489733689656,3.952428146679881
1938,0.24487332573965823,0.1638672531708745,831,203.489733689656,3.9540059347181007
1939,0.24487332573965823,0.1638672531708745,831,203.489733689656,3.9540059347181007
1940,0.24413531058221638,0.1634963478670736,831,202.87644309382182,4.040352504638219
1941,0.3348328145358307,0.1326721189026457,1118,374.34308665105874,3.9906015037593985
1942,1.575740308190896,0.5379673001394736,726,1143.9874637465905,3.8411764705882354
1943,1.575740308190896,0.5379673001394736,726,1143.9874637465905,3.8411764705882354
1944,0.9848500504859223,0.3411972785833392,761,749.4708884197869,3.817415730337079
1945,0.20956882632718085,0.0716715978867728,947,198.46167853184028,3.7089508002371074
1946,0.5208043037336877,0.0342074024568059,724,377.06231590318987,3.5136861313868613
1947,0.9042346801655214,0.7159464908650057,513,463.8723909249125,3.797082228116711
1948,0.9774376760486971,0.6795522662847566,639,624.5826749951175,3.6301369863013697
1949,0.9471964478478773,0.7162504322152492,686,649.7767632236438,3.6198704103671706
1950,0.8334405937742706,0.6513407530978707,686,571.7402473291496,3.713097713097713
1951,0.846139382610002,0.5533816741205424,665,562.6826894356514,3.715811965811966
1952,1.7223384400007389,1.3696406736615567,736,1267.6410918405438,3.6886617100371746
1953,1.803399700027875,1.2874007688942917,817,1473.377554922774,3.76747608535688
1954,1.2297363765814406,0.8568241637342422,970,1192.8442852839974,3.7703296703296703
1955,1.3598837190278263,1.050076489928392,933,1268.771509852962,3.757235676314235
1956,1.673966695651177,1.222825393623927,898,1503.2220926947568,3.76751394916305
1957,1.433286612272041,1.1589616862618461,886,1269.8919384730282,3.654607508532423
1958,0.9045437148797248,0.7229229830366766,824,745.3440210608933,3.73589001447178
1959,0.3986531695715601,0.34704498232442327,786,313.34139128324625,3.7584650112866815
1960,0.17288283958593226,0.1298376447614616,704,121.7095190684963,3.576998050682261
1961,0.2102474133703056,0.1556004074391329,597,125.51770578207245,3.5464547677261615
1962,0.2102474133703056,0.1556004074391329,597,125.51770578207245,3.5464547677261615
1963,0.2102474133703056,0.1556004074391329,597,125.51770578207245,3.5464547677261615
1964,0.2102474133703056,0.1556004074391329,597,125.51770578207245,3.5464547677261615
1965,0.2102474133703056,0.1556004074391329,597,125.51770578207245,3.5464547677261615
1966,0.41625814028010905,0.31480104731461145,770,320.518768015684,3.4833024118738405
1967,0.47480253363361064,0.3629591094029913,701,332.83657607716106,3.5166487647690654
1968,0.47480253363361064,0.3629591094029913,701,332.83657607716106,3.5166487647690654
1969,0.47480253363361064,0.3629591094029913,701,332.83657607716106,3.5166487647690654
1970,0.46447420845777637,0.3514177647648446,727,337.67274954880344,3.4958246346555324
1971,0.4651450151941402,0.3675673713463785,742,345.13760127405203,3.5392061955469507
1972,0.3764406310159742,0.2874792422269451,779,293.2472515614439,3.5079513564078577
1973,0.4468556502388564,0.3374959979512969,757,338.2697272308143,3.49402390438247
1974,0.49609112973548397,0.34740936680255097,774,383.9745344152646,3.468208092485549
1975,0.367949168682101,0.2864620281783175,780,287.00035157203877,3.4960629921259843
1976,0.30897308940860707,0.24841412646900551,706,218.1350011224766,3.530330882352941
1977,0.36467443258564136,0.27673356241182057,706,257.4601494054628,3.530330882352941
1978,0.4064170667268243,0.344512822947967,663,269.45451523988453,3.512690355329949
1979,0.40259653938821965,0.344512822947967,663,266.9215056143896,3.512690355329949
1980,0.3880210001599328,0.305677040922201,707,274.3308471130725,3.479371316306483
1981,0.49581586176434156,0.3572769473164287,632,313.35562463506386,3.505364806866953
1982,0.5094808505591565,0.2640392357173843,610,310.7833188410855,3.4933035714285716
1983,0.671889653802684,0.501283072931053,771,518.0269230818693,3.5559210526315788
1984,1.0652214207740036,0.753509489985311,690,735.0027803340625,3.5689320388349515
1985,0.6260290143784671,0.4406067162821192,744,465.7655866975795,3.560888888888889
1986,0.5504992683199403,0.3385257644775693,433,238.36618318253414,3.891654465592972
1987,0.5504992683199403,0.3385257644775693,433,238.36618318253414,3.891654465592972
1988,0.8826336816663856,0.8168585664180306,953,841.1498986280654,3.7529963522668055
1989,1.4711319428286553,1.3814531471820084,936,1376.9794984876214,3.734584450402145
1990,1.5730883017735964,1.3743164241129602,936,1472.4106504600861,3.734584450402145
1991,1.33571711605081,1.1704441046964198,976,1303.6599052655904,3.682472029834843
1992,0.7337825726910625,0.5946929162858466,939,689.0218357569076,3.677690582959641
1993,0.8041726488766477,0.6888247258229216,830,667.4632985676176,3.5849923430321593
1994,0.6248459484568042,0.5623939182660904,869,542.9911292089629,3.5712230215827336
1995,0.6083288444109828,0.5350189702218235,821,499.43798126141684,3.5689519306540585
1996,0.6129814653096122,0.531047297520331,869,532.680893354053,3.5829787234042554
1997,0.5789713825675689,0.5232906056058775,854,494.4415607127038,3.574626865671642
1998,0.2908394636621328,0.2804015948598684,791,230.05401575674705,3.5898058252427183
1999,0.23416438991821448,0.2245031429025057,787,184.2873748656348,3.6449612403100775
2000,0.13926235534572154,0.1095342665216486,668,93.02725337094199,3.6314741035856573
2001,0.060878585698452885,0.0410208226383784,704,42.85852433171083,3.7630057803468207
2002,0.06169999337466461,0.04181500506638755,704,43.43679533576389,3.7630057803468207
2003,0.08152501955724939,0.059374366150220154,756,61.63291478528053,3.7519858781994704
2004,0.10762820193901544,0.0787269838842743,673,72.43377990495739,3.602088167053364
2005,0.09456363770839274,0.0621269948931052,697,65.91085548274974,3.9725058915946585
2006,0.10485894787792688,0.0746904864044565,561,58.825869759516976,3.7105978260869565
2007,0.13555242695317676,0.09318127198936114,786,106.54420758519694,3.8231611893583723
2008,0.24774592337119783,0.17379237678002402,786,194.7282957697615,3.8231611893583723
2009,0.31717451952191444,0.2251634798081688,760,241.052634836655,3.830249396621078
2010,0.3308477786084034,0.2410577887636631,745,246.48159506326053,3.8065601345668627
2011,0.31906953326296933,0.2315677327108384,745,237.70680228091214,3.8065601345668627
2012,0.3308477786084034,0.2410577887636631,745,246.48159506326053,3.8065601345668627
2013,0.28597098094692247,0.182448885963114,861,246.22101459530023,3.864353312302839
2014,0.3108807700092705,0.2176096098013121,881,273.8859583781673,3.863858363858364
2015,0.311563209805522,0.2290530495996291,839,261.40153302683296,3.838598901098901
2016,0.4114075751856245,0.3024952326910567,861,354.22192223482267,3.8251001335113486
2017,0.2698130859133323,0.1868493397391901,825,222.59579587849916,3.844972067039106
2018,0.26164892250953814,0.1796063298730584,843,220.57004167554064,3.827001356852103
2019,0.2198821804291981,0.1565060123750957,902,198.3337267471367,3.9057258530942742
2020,0.18495953602837364,0.11287386233137445,1026,189.76848396511136,3.8519579751671444
2021,0.15087866474866868,0.1129361598925242,717,108.18000262479543,3.8050770625566637
2022,0.19180536008946478,0.1491579946851868,833,159.77386495452416,3.6498168498168497
2023,0.17326614607806862,0.1345248154515144,732,126.83081892914623,3.686257562662057
2024,0.12364166269895706,0.1014158639332848,710,87.78558051625951,3.7801683816651077
2025,0.13875614108391235,0.10706463614597744,792,109.89486373845858,3.803875968992248
2026,0.12395226952383055,0.0988268882940527,765,94.82348618573037,3.7611940298507465
2027,0.1667198127953386,0.1266444270823785,662,110.36851607051415,3.75387797311272
2028,0.1667198127953386,0.1266444270823785,662,110.36851607051415,3.75387797311272
2029,0.137891748126053,0.1060161291292289,747,103.00513585016161,3.774767146486029
2030,0.1065874375050852,0.081678693695969,831,88.57416056672581,3.7708039492242595
2031,0.14477512468121734,0.1137311683708685,593,85.85164893596188,3.763754045307443
2032,0.14477512468121734,0.1137311683708685,593,85.85164893596188,3.763754045307443
2033,0.1508376369180258,0.11788021099312,708,106.79304693796226,3.615740740740741
2034,0.27624251434323166,0.1895804730772231,749,206.90564324308053,3.6156583629893237
2035,0.1727636516925097,0.0835953331456095,1014,175.18234281620485,3.929401251117069
2036,0.21745920034225744,0.1616790724662839,938,203.97672992103747,3.909005186232909
2037,0.2284902819731808,0.1638672531708745,895,204.49880236599682,3.9224430441105187
2038,0.24487332573965823,0.1638672531708745,831,203.489733689656,3.9540059347181007
2039,0.24487332573965823,0.1638672531708745,831,203.489733689656,3.9418199900546993
2040,0.17306557176773676,0.1314189341863182,1033,178.7767356360721,3.9130056546324488
2041,0.30073129239079377,0.1154400107551266,1129,339.5256291092062,3.6274309109518934
2042,0.8572949381752968,0.4347498510694528,900,771.5654443577671,3.823529411764706
2043,1.2551067772820539,0.5265217720842487,900,1129.5960995538485,3.823529411764706
2044,1.575740308190896,0.5379673001394736,726,1143.9874637465905,3.8411764705882354
2045,2.778698781672487,0.7155119455999477,1011,2809.264468270884,3.780673181324647
2046,3.755189240843043,1.3941319044452016,690,2591.0805761816996,3.5543893129770994
2047,1.008364279639406,0.449116716102611,777,783.4990452798185,3.48961937716263
2048,1.140800501438903,0.8749983207616292,571,651.3970863216136,3.816
2049,1.5042943208617137,1.1965134778916506,484,728.0784512970694,3.9125
2050,0.9408348190459964,0.7598014412738413,649,610.6017975608517,3.7406616862326576
2051,0.9900393350940154,0.8261640680706182,568,562.3423423334008,3.8317647058823527
2052,0.8405084189848188,0.6280877428728177,761,639.6269068474471,3.8298204527712723
2053,0.9988292356377788,0.8613204117004013,797,796.0669008033097,3.7675134719014625
2054,1.0370605158486443,0.9267122486624468,773,801.6477787510021,3.7245065789473686
2055,0.9602114610257005,0.8528037921601093,741,711.5166926200441,3.7393526405451447
2056,0.9715438271226213,0.8775788009552454,807,784.0358684879554,3.8528198074277853
2057,1.1588716925296245,0.9199830989630702,989,1146.1241039117986,3.7618059159315
2058,0.49680996602663197,0.3933308204927713,862,428.2501907149568,3.7976111479761117
2059,0.30509191568784416,0.2354633239819298,685,208.98796224617325,3.671539961013645
2060,0.31788497283581063,0.2443507580650938,731,232.37391514297755,3.608735213830755
2061,0.2513038790302652,0.214306000206421,704,176.9179308373067,3.5310907237512743
2062,0.19660514062053203,0.1526353954972743,704,138.41001899685455,3.5310907237512743
2063,0.2102474133703056,0.1556004074391329,597,125.51770578207245,3.5464547677261615
2064,0.19732512552318968,0.1510172163841217,666,131.41853359844433,3.564516129032258
2065,0.31526510186820195,0.2280612483023771,676,213.11920886290451,3.550158394931362
2066,0.43932948588974335,0.34179870873954776,794,348.8276117964562,3.561433447098976
2067,0.4552351155797521,0.3507028749863098,736,335.05304506669756,3.5876089060987417
2068,0.47480253363361064,0.3629591094029913,701,332.83657607716106,3.5166487647690654
2069,0.45652705106941643,0.34867933028244386,726,331.4386390763963,3.5386119257087
2070,0.42624878351242074,0.3344055675603772,751,320.11283641782796,3.5262655205348614
2071,0.3616963310528589,0.2744532264805218,779,281.7614418901771,3.5079513564078577
2072,0.5045795421576855,0.37047005134910316,734,370.3613839437412,3.4731296101159117
2073,0.5736843520807031,0.4102796859670145,694,398.13694034400794,3.5099118942731278
2074,0.5697828976305241,0.3934584859323086,737,419.9299955536963,3.466251298026999
2075,0.34279692216050445,0.2566301257708268,736,252.2985347101313,3.4985915492957744
2076,0.22796677764398673,0.1495124986602534,630,143.61906991571163,3.556
2077,0.30418430272767516,0.2384652431399404,713,216.8834078448324,3.55625
2078,0.37262088842833924,0.3032940575920722,674,251.14647880070066,3.5417895771878074
2079,0.37167323585001844,0.308831774431719,674,250.50776096291244,3.5417895771878074
2080,0.42740067488655675,0.33125113856517835,680,290.6324589228586,3.4975074775672983
2081,0.5457083557245769,0.2184425401123058,632,344.8876808179326,3.505364806866953
2082,0.531431539277428,0.369262770842567,701,372.53350903347706,3.5437743190661477
2083,0.6998880631102105,0.4417577583270691,681,476.6237709780533,3.5578635014836797
2084,0.9720367509572638,0.8567627372576224,500,486.0183754786319,3.7392996108949417
2085,0.5127159803389771,0.3820326868340941,623,319.42205575118277,3.6166666666666667
2086,0.5504992683199403,0.3385257644775693,433,238.36618318253414,3.891654465592972
2087,0.5504992683199403,0.3385257644775693,433,238.36618318253414,3.891654465592972
2088,1.267214644679412,1.1857117943009947,794,1006.1684278754531,3.699544764795144
2089,1.6912911093237317,1.593878649664433,765,1293.8376986326548,3.674737691686844
2090,1.4236048541912483,1.2369360373932707,936,1332.4941435230085,3.734584450402145
2091,0.9352801892641772,0.8071429027367432,1023,956.7916336172533,3.7484777517564405
2092,0.8092798876139828,0.6975743373604861,830,671.7023067196058,3.5849923430321593
2093,0.8125539140694289,0.6999770945117154,830,674.419748677626,3.5849923430321593
2094,0.6436246744472122,0.5876307168152213,869,559.3098420946274,3.5712230215827336
2095,0.6108696504284995,0.5387483197477307,821,501.5239830017981,3.5689519306540585
2096,0.6108696504284995,0.5387483197477307,821,501.5239830017981,3.5689519306540585
2097,0.591319767982427,0.5201961492492728,822,486.064849281555,3.566823899371069
2098,0.2876168383795216,0.2688376881953519,766,220.31449819871355,3.580944350758853
2099,0.2576981415290112,0.2423335235711127,787,202.80843738333184,3.6449612403100775
2100,0.11601801057905377,0.0943137348625349,802,93.04644448440112,3.659590043923865
2101,0.07303047104768066,0.0505247322245615,555,40.53191143146277,3.697674418604651
2102,0.07608714861847753,0.0541151154029578,555,42.22836748325503,3.697674418604651
2103,0.06972711330279528,0.04750067350895385,756,52.71369765691323,3.7519858781994704
2104,0.1035060895970359,0.0813161618344771,769,79.59618290012061,3.761864406779661
2105,0.12003692072554555,0.087555603406197,780,93.62879816592553,3.9927344782034346
2106,0.2396603513091307,0.1590362015298352,793,190.05065858814064,3.984996738421396
2107,0.3743932039312886,0.2485936470653748,769,287.90837382316096,3.8441971383147853
2108,0.315144948211666,0.2136158212265257,769,242.34646517477117,3.7960526315789473
2109,0.31374420183962626,0.2251762947324214,745,233.73943037052157,3.8065601345668627
2110,0.3308477786084034,0.2410577887636631,745,246.48159506326053,3.8065601345668627
2111,0.32569012876039743,0.2376397749538762,745,242.6391459264961,3.8065601345668627
2112,0.32698589345290896,0.2390386164581441,745,243.6044906224172,3.8065601345668627
2113,0.27698077260517306,0.18397469750389295,868,240.41931062129024,3.8677379480840544
2114,0.26010095616649087,0.1851086053592915,854,222.1262165661832,3.818673883626522
2115,0.2698130859133323,0.1868493397391901,825,222.59579587849916,3.844972067039106
2116,0.2698130859133323,0.1868493397391901,825,222.59579587849916,3.844972067039106
2117,0.20532119783281857,0.1292684653049839,987,202.65202226099194,3.7540279269602577
2118,0.2548325475704777,0.17386532335639765,866,220.68498619603366,3.879278158058494
2119,0.25767864232088167,0.1780373426299903,845,217.73845276114503,3.892763157894737
2120,0.19467701243366856,0.1472760091379443,782,152.2374237231288,3.800632911392405
2121,0.2738179241347254,0.1807762267490776,961,263.1390250934711,3.660331085223789
2122,0.14885542552767783,0.0747271809546899,1072,159.57301616567062,3.646556058320764
2123,0.13900729953931948,0.09860421652837985,794,110.37179583421967,3.5682624113475176
2124,0.12154308573707887,0.0863349142695577,785,95.41132230360691,3.6904388714733543
2125,0.13784805026540162,0.0939961906801454,811,111.7947687652407,3.8129032258064517
2126,0.13325850952763324,0.0944800403821233,782,104.20815445060919,3.7751524390243905
2127,0.1438024740190643,0.1065376064369755,782,112.45353468290828,3.7751524390243905
2128,0.1667198127953386,0.1266444270823785,662,110.36851607051415,3.75387797311272
2129,0.13137042040332628,0.1020658824071105,747,98.13370404128473,3.774767146486029
2130,0.11230801896459726,0.0938543342465854,761,85.46640243205852,3.7109440267335003
2131,0.13034564327344397,0.0942264517554196,659,85.89777891719957,3.6490528414755734
2132,0.18127945139276797,0.130595561242559,659,119.46315846783409,3.6490528414755734
2133,0.2334630313147571,0.1539513108371607,708,165.29182617084803,3.615740740740741
2134,0.3625746948068369,0.2582802158160093,670,242.9250455205807,3.678498985801217
2135,0.30152900901218993,0.2210120436873426,793,239.11250414666662,4.125453602903058
2136,0.2136370964765578,0.13225854812042293,1034,220.90075775676075,3.9087284005316794
2137,0.21911495369891304,0.162303127170515,938,205.52982656958042,3.8971563981042654
2138,0.24487332573965823,0.1638672531708745,831,203.489733689656,3.9418199900546993
2139,0.24487332573965823,0.1638672531708745,831,203.489733689656,3.9418199900546993
2140,0.21699155658137734,0.1462893015183906,1033,224.15227794856278,3.903409090909091
2141,0.4776381361928009,0.3261275041063336,925,441.8152759783408,3.3822254335260116
2142,0.7105756716981231,0.5257407705892411,658,467.558791977365,3.6886102403343783
2143,0.6399306261640881,0.3805312233488672,900,575.9375635476794,3.823529411764706
2144,1.9954863419805364,0.7554712115955662,1005,2005.4637736904392,3.835984640702139
2145,4.385306272455076,1.7986405139103194,1011,4433.544641452082,3.7638660076880837
2146,4.43176282001483,1.0373202840213658,831,3682.794903432324,3.567882079131109
2147,3.4464417343734293,1.4267610817358893,866,2984.61854196739,3.5709117221418234
2148,1.5335935141323105,1.2656995559786828,673,1032.108435011045,3.6814159292035398
2149,1.5042943208617137,1.1965134778916506,484,728.0784512970694,3.855109961190168
2150,0.8357785946285403,0.7392546228336287,715,597.5816951594063,3.7067812798471826
2151,0.7921105230461369,0.5707238972469739,683,541.0114872405115,3.7100712105798577
2152,0.9474480073698395,0.7442083898286416,690,653.7391250851892,3.864102564102564
2153,1.0354439016853505,0.8653270465994571,741,767.2639311488448,3.733738074588031
2154,0.9785890207633341,0.918539710853052,743,727.0916424271572,3.7289313640312773
2155,1.0290967666915234,0.9007782245512388,702,722.4259302174495,3.7443541102077686
2156,1.0149003086633148,0.8913916438227647,702,712.460016681647,3.7443541102077686
2157,0.46316651929455915,0.4121711851647048,765,354.32238726033773,3.785084202085004
2158,0.11953610201400809,0.0862710988239277,543,64.9081033936064,3.8538922155688624
2159,0.11074262506572337,0.088649626595891,621,68.77117016581421,3.767687434002112
2160,0.2835485558762054,0.2207123579992271,699,198.2004405574676,3.6487006737247354
2161,0.36601241601243584,0.2838355080483811,717,262.4309022809165,3.549753694581281
2162,0.3917175725934974,0.2914175487731812,737,288.69585100140756,3.490272373540856
2163,0.36410284801859766,0.2974512705690272,768,279.630987278283,3.560106856634016
2164,0.4628067051596487,0.3104202728146771,744,344.32818863877867,3.586876155268022
2165,0.813369510214533,0.476323274865368,481,391.23073441319036,3.7903225806451615
2166,0.883161588655721,0.574184510952352,443,391.24058377448443,3.9002808988764044
2167,0.5253324027193554,0.3861373629011669,736,386.6446484014456,3.5876089060987417
2168,0.34173602996067876,0.28368580539397237,772,263.820215129644,3.5971855760773965
2169,0.24197046876076206,0.1960582459203729,763,184.62346766446146,3.517857142857143
2170,0.24405857208387569,0.1960129281491256,713,174.01376189580336,3.4841437632135306
2171,0.3493425994302038,0.2715604876987583,746,260.60957917493204,3.469917012448133
2172,0.6180556786580498,0.4499420525499399,664,410.38897062894506,3.4958677685950414
2173,0.6180556786580498,0.4499420525499399,664,410.38897062894506,3.4958677685950414
2174,0.5121190089931125,0.33832535245375317,816,417.88911133837973,3.50815660685155
2175,0.30184700017652644,0.2121067026305761,760,229.4037201341601,3.4973214285714285
2176,0.2455332391289731,0.1626723321637833,630,154.68594065125305,3.556
2177,0.23894978403570108,0.16592796762011408,676,161.53005400813393,3.784313725490196
2178,0.2743350128136568,0.208401746900575,566,155.27361725252976,3.616648411829135
2179,0.22740924421863237,0.174262758476921,674,153.27383060335822,3.5417895771878074
2180,0.25709417494286924,0.19050792196752075,690,177.39498071057977,3.526570048309179
2181,0.4951526717237771,0.2666427948644178,633,313.4316412011509,3.543364681295716
2182,0.43724511966964547,0.2761890675207887,684,299.0756618540375,3.5519607843137253
2183,0.5275695007629666,0.388782889804765,642,338.69961948982456,3.607260726072607
2184,1.1065072968269274,0.8678697893176428,642,710.3776845628875,3.607260726072607
2185,0.875104232881189,0.6099640640578954,787,688.7070312774957,3.7163280662151994
2186,0.5691334874935767,0.4676581012566058,818,465.55119276974574,3.6671543525969277
2187,0.8109748733988434,0.7371015949759188,799,647.9689238456759,3.625479662317728
2188,1.1720361908863888,1.129220775493451,899,1053.6605356068635,3.7602272727272728
2189,1.4560411689917525,1.3104296036658445,880,1281.3162287127423,3.731678486997636
2190,1.6912911093237315,1.593878649664433,765,1293.8376986326546,3.674737691686844
2191,1.2340153521587394,1.1183788977099516,895,1104.4437401820717,3.6899563318777293
2192,0.8128584999199695,0.7003968035912762,830,674.6725549335747,3.5849923430321593
2193,0.8128584999199695,0.7003968035912762,830,674.6725549335747,3.5849923430321593
2194,0.6308958157212557,0.5805796490099217,869,548.2484638617713,3.5712230215827336
2195,0.5990992050886396,0.5249452930019815,833,499.04963783883676,3.5615801704105343
2196,0.5715130444172846,0.5054414576671973,858,490.35819211003013,3.6390614216701174
2197,0.6020618108575038,0.5315625114911924,822,494.8948085248681,3.566823899371069
2198,0.29718367512520966,0.2765170121253796,822,244.28498095292235,3.566823899371069
2199,0.27752396948153407,0.2621056792935261,787,218.4113639819673,3.6449612403100775
2200,0.1526426730143302,0.1372181064510448,787,120.12978366227787,3.6449612403100775
2201,0.07502568118534174,0.0528683123862586,555,41.639253057864664,3.697674418604651
2202,0.07113844986480912,0.0483023581367441,555,39.48183967496906,3.697674418604651
2203,0.0674373417140294,0.0455935398701595,704,47.4758885666767,3.7630057803468207
2204,0.14885803717264753,0.1039843394728427,817,121.61701637005304,3.828488372093023
2205,0.40744307385524164,0.2911917110434483,725,295.3962285450502,3.7128157156220767
2206,0.39469211076493527,0.2616186052060954,769,303.5182331782352,3.972658920027341
2207,0.41151130201929775,0.2972977184974545,711,292.5845357357207,3.649848637739657
2208,0.35756849501867805,0.2520060052597952,710,253.8736314632614,3.6351626016260163
2209,0.2872140020557553,0.2029731511063304,745,213.9744315315377,3.8065601345668627
2210,0.2992124990620491,0.2152981852675654,745,222.91331180122657,3.8065601345668627
2211,0.32390418766309065,0.2366614469263074,745,241.30861980900255,3.8065601345668627
2212,0.3308477786084034,0.2410577887636631,745,246.48159506326053,3.8065601345668627
2213,0.268435267549617,0.1863218179397311,868,233.00181223306757,3.8677379480840544
2214,0.2698130859133323,0.1868493397391901,825,222.59579587849916,3.844972067039106
2215,0.2698130859133323,0.1868493397391901,825,222.59579587849916,3.844972067039106
2216,0.2698130859133323,0.1868493397391901,825,222.59579587849916,3.844972067039106
2217,0.26766149916160026,0.1854439089631181,825,220.8207368083202,3.844972067039106
2218,0.257475084688736,0.1750886983306674,866,222.97342334044538,3.879278158058494
2219,0.24682689329499613,0.1741378810979192,845,208.56872483427173,3.892763157894737
2220,0.23218740531309137,0.1704370863182824,731,169.72899328386978,3.8147497805092185
2221,0.18799531978704292,0.1087242276294504,999,187.80732446725588,3.6390893947806773
2222,0.16175895751761074,0.1244556558112527,717,115.9811725401269,3.8050770625566637
2223,0.14025917565783522,0.09740870039987355,834,116.97615249863456,3.8210598761183756
2224,0.16413910915400337,0.1156030080519506,778,127.70022692181462,3.701104100946372
2225,0.18295482514858954,0.1245920677159803,685,125.32405522678384,3.7209302325581395
2226,0.18295482514858954,0.1245920677159803,685,125.32405522678384,3.7209302325581395
2227,0.15994905846417337,0.1055937608405468,782,125.08016371898357,3.7751524390243905
2228,0.15203616280081345,0.1015768109846567,783,119.04431547303692,3.7730388423457732
2229,0.11558464644958961,0.0886230834795373,853,98.59370342149994,3.79625918503674
2230,0.13216136636954454,0.0942264517554196,659,87.09434043752985,3.6490528414755734
2231,0.20209439128868967,0.1480267155750698,659,133.1802038592465,3.6490528414755734
2232,0.2571200553188578,0.1884529035108392,614,157.87171396577867,3.668085106382979
2233,0.2477295821557202,0.1653377262487183,677,167.71292711942257,3.612085769980507
2234,0.34114634657361514,0.2327559377700835,670,228.56805220432216,3.678498985801217
2235,0.343741551760634,0.2357609735084628,766,263.3060286486456,3.7424118129614437
2236,0.5346376412939295,0.3579661440111851,900,481.17387716453663,4.0950163018164885
2237,0.7331203239733469,0.3851719317077734,1036,759.5126556363874,3.919108001749016
2238,0.695424544748589,0.3709072902370959,1012,703.769639285572,3.927581582476531
2239,0.7456632603647501,0.3812399461039644,1012,754.611219489127,3.970869565217391
2240,0.4253427417478466,0.2154909616196439,1133,481.91332640031015,3.9253849190682986
2241,0.477378930141595,0.3259005649899363,925,441.57551038097535,3.3822254335260116
2242,0.7105756716981231,0.5257407705892411,658,467.558791977365,3.6886102403343783
2243,0.7105756716981231,0.5257407705892411,658,467.558791977365,3.6886102403343783
2244,1.7125183137787214,0.941162675884524,831,1423.1027187501174,3.65552099533437
2245,6.475237801851076,3.0172948572920726,703,4552.092174701306,3.5972495088408643
2246,3.837709276538359,1.7123575411588885,914,3507.6662787560604,3.6612589227774173
2247,3.12815864410742,1.9291030119908097,801,2505.6550739300433,3.5754276827371694
2248,3.3433329474943103,2.4454455483020614,673,2250.063073663671,3.6775147928994083
2249,1.455178709822436,1.1208978384640458,745,1084.108138817715,3.6824978012313103
2250,0.5777019372267752,0.4591208405195365,650,375.5062591974039,3.7367303609341826
2251,0.48586461226100847,0.392226841175676,743,360.9974069099293,3.811922753988245
2252,0.6653441439680158,0.5724547897432559,743,494.35069896823575,3.8869701726844585
2253,0.8680608672677494,0.7676558802054474,806,699.6570590178061,3.761544284632854
2254,1.0504372747725752,0.9153066217355406,702,737.4069668903478,3.805724197745013
2255,1.0676191957821148,0.9676721023405974,702,749.4686754390445,3.7109227871939736
2256,0.9433778723443763,0.8279313688866954,742,699.9863812795272,3.7409326424870466
2257,0.22337660123712244,0.1729735047829093,815,182.0519300082548,3.671201814058957
2258,0.18407560394649164,0.0985763944855132,364,67.00351983652295,4.135802469135802
2259,0.18407560394649164,0.0985763944855132,364,67.00351983652295,4.135802469135802
2260,0.12703369147129284,0.0900227674165333,642,81.55562992457,3.683751363140676
2261,0.3637253819288425,0.2838355080483811,669,243.33228051039566,3.6029258098223615
2262,0.5364894356509997,0.4257532620725717,669,358.9114324505188,3.602510460251046
2263,0.5427971571750378,0.4257532620725717,664,360.4173123642251,3.5476718403547673
2264,0.5524610700743529,0.4801116746103102,673,371.8063001600395,3.6449275362318843
2265,0.5911405915663926,0.4358354732966989,687,406.1135864061117,3.622851365015167
2266,1.52858539869121,0.3957111530991027,687,1050.1381689008613,3.622851365015167
2267,0.40864919027019936,0.30151406795871,720,294.22741699454355,3.637962962962963
2268,0.1770394549166043,0.1275734254086927,644,114.01340896629317,3.6063249727371867
2269,0.215610236740386,0.150933168221156,646,139.28421293428937,3.4935972060535505
2270,0.2441981729716436,0.1780571692564932,606,147.98409282081602,3.5733662145499383
2271,0.30230935819024357,0.22578874547313485,680,205.57036356936564,3.485549132947977
2272,0.6180556786580498,0.4499420525499399,664,410.38897062894506,3.4958677685950414
2273,0.6180556786580498,0.4499420525499399,664,410.38897062894506,3.4958677685950414
2274,0.6180556786580498,0.4499420525499399,664,410.38897062894506,3.4958677685950414
2275,0.3056827856593967,0.2263080485659588,736,224.98253024531598,3.4985915492957744
2276,0.2054041056722286,0.1262372800268739,630,129.40458657350402,3.556
2277,0.2569151149475625,0.1734182281134221,644,165.45333402623024,3.7746835443037976
2278,0.26808368969157303,0.2073141391951061,582,156.02470740049552,3.5866523143164692
2279,0.2742767399000747,0.208401746900575,566,155.24063478344226,3.616648411829135
2280,0.27560043817684776,0.208401746900575,566,155.98984800809583,3.616648411829135
2281,0.3377521467883137,0.2504270141103524,665,224.60517761422864,3.5938402309913378
2282,0.47955612399510983,0.2385755990898414,634,304.03858261289963,3.5749486652977414
2283,0.6240591609627345,0.4729096532972158,662,413.1271645573302,3.5598290598290596
2284,1.2071938809472167,0.8832629740102308,795,959.7191353530372,3.70767004341534
2285,1.379313426678643,1.0618827730654345,816,1125.5197561697728,3.7328348062542487
2286,1.229060413020644,1.113048211579941,789,969.728665873288,3.6319444444444446
2287,1.2113380931680546,1.0990598914558014,770,932.730331739402,3.5975510204081633
2288,1.2113380931680546,1.0990598914558014,770,932.730331739402,3.5975510204081633
2289,1.2054734835694239,1.1533770627596989,880,1060.816665541093,3.731678486997636
2290,1.487808436945313,1.3380748408124694,868,1291.4177232685317,3.7093963907902925
2291,1.409147918653148,1.2549028403036613,895,1261.1873871945675,3.6899563318777293
2292,0.8477534505214661,0.7835070075510993,895,758.7393382167122,3.6899563318777293
2293,0.760176858537677,0.6551971149441748,869,660.5936900692413,3.5712230215827336
2294,0.6738068101815579,0.6184067022869344,869,585.5381180477738,3.5712230215827336
2295,0.6108696504284995,0.5387483197477307,821,501.5239830017981,3.5689519306540585
2296,0.6096197300791402,0.5364929689635022,821,500.4977983949741,3.5689519306540585
2297,0.6108696504284995,0.5387483197477307,821,501.5239830017981,3.5689519306540585
2298,0.32396435157197734,0.3028053525959423,822,266.2986969921654,3.566823899371069
2299,0.2876168383795216,0.2688376881953519,766,220.31449819871355,3.580944350758853
2300,0.25155553044409035,0.2386922567896272,787,197.97420245949908,3.6449612403100775
2301,0.07453307945345881,0.0522897008281739,555,41.365859096669645,3.697674418604651
2302,0.07372978781888051,0.0528140931991988,569,41.95224926894301,3.6550802139037435
2303,0.07608714861847753,0.0541151154029578,555,42.22836748325503,3.697674418604651
2304,0.23966308082615545,0.1735502888020278,749,179.50764753879042,3.667579908675799
2305,0.4108211227643262,0.295588708513772,727,298.66695624966513,3.66923818707811
2306,0.38775838606330004,0.2574451684768388,771,298.9617156548043,3.9713701431492843
2307,0.43009241085262545,0.3292363777750128,680,292.4628393797853,3.676439790575916
2308,0.36549527518678,0.2637514588357387,710,259.5016453826138,3.6351626016260163
2309,0.32062625974790543,0.2416504723258291,662,212.2545839531134,3.6621052631578945
2310,0.2869739598325036,0.2060151107238444,757,217.23928759320526,3.794338051623647
2311,0.2844907343264255,0.2030447186295113,757,215.3594858851041,3.794338051623647
2312,0.2730293269589069,0.17808312685679245,868,236.9894558003312,3.8677379480840544
2313,0.25923815038430437,0.18503737280283816,868,225.01871453357617,3.8677379480840544
2314,0.2698130859133323,0.1868493397391901,825,222.59579587849916,3.844972067039106
2315,0.2698130859133323,0.1868493397391901,825,222.59579587849916,3.844972067039106
2316,0.2698130859133323,0.1868493397391901,825,222.59579587849916,3.844972067039106
2317,0.2698130859133323,0.1868493397391901,825,222.59579587849916,3.844972067039106
2318,0.2698130859133323,0.1868493397391901,825,222.59579587849916,3.844972067039106
2319,0.289533497707388,0.2139932146410489,861,249.28834152606106,3.8915584415584417
2320,0.46498945276424664,0.3509493410777279,773,359.43684698676265,3.7809847198641764
2321,0.3639314906646776,0.2850619397996298,759,276.2240014144903,3.772407732864675
2322,0.19733397173565106,0.1355423695960823,859,169.50988172092426,3.7320503330866024
2323,0.183086001031481,0.12616739694826762,862,157.82013288913663,3.8095872170439415
2324,0.20167717240241073,0.1283168071487432,772,155.69477709466108,3.645004061738424
2325,0.18295482514858954,0.1245920677159803,685,125.32405522678384,3.7209302325581395
2326,0.18295482514858954,0.1245920677159803,685,125.32405522678384,3.7209302325581395
2327,0.1754937609788979,0.1245920677159803,687,120.56421379250287,3.7184986595174263
2328,0.1568475232757492,0.083000727016901,687,107.75424849043969,3.7184986595174263
2329,0.1304915619808275,0.0817370364974692,791,103.21882552683456,3.7274774774774775
2330,0.14115079076151407,0.1057613220874723,818,115.46134684291852,3.6673992673992672
2331,0.2571200553188578,0.1884529035108392,614,157.87171396577867,3.668085106382979
2332,0.2571200553188578,0.1884529035108392,614,157.87171396577867,3.668085106382979
2333,0.2261796697235663,0.1538249828030478,725,163.98026054958555,3.577358490566038
2334,0.37072606579337,0.2679896837251222,670,248.38646408155788,3.678498985801217
2335,0.3433906668503414,0.24701167170720476,770,264.4108134747629,3.731866340668297
2336,0.7826321143186772,0.6405949081650281,692,541.5814231085246,3.6881720430107525
2337,1.5027018945472217,1.074630702312504,708,1063.912941339433,3.696650717703349
2338,1.6772871643043057,1.2094291845394,666,1117.0732514266676,3.7418677859391396
2339,1.4701775380064641,1.02558682093223,752,1105.573508580861,3.655874190564292
2340,0.6574288002498003,0.4437404788968683,853,560.7867666130796,3.6817843866171005
2341,0.6018983315987585,0.3941532293361679,776,467.0731053206366,3.5583710407239817
2342,0.7105756716981231,0.5257407705892411,658,467.558791977365,3.6886102403343783
2343,0.7105756716981231,0.5257407705892411,658,467.558791977365,3.6886102403343783
2344,0.5742962463355388,0.3604197368310362,876,503.08351178993195,3.6659634317862166
2345,2.368523382999566,1.1962052348867291,765,1811.9203879946679,3.698143664245359
2346,1.184180577506969,0.618966527032216,952,1127.3399097866345,3.6423718344657194
2347,3.012018483206056,1.913682889548969,716,2156.605233975536,3.6648936170212765
2348,3.9621420780256997,3.154444623538744,606,2401.058099283574,3.7527862208713274
2349,2.1090433489816376,1.4960909086656526,717,1512.1840812198343,3.7688927943760984
2350,0.6047455382376037,0.5703927264479536,559,338.0527558748205,3.9087875417130147
2351,0.5952211449592628,0.4659580400409643,704,419.035686051321,3.947111472742067
2352,0.8148953160214526,0.6950665606301135,704,573.6863024791027,3.8260105448154658
2353,0.9225587442432015,0.7998481849800338,750,691.9190581824012,3.752340425531915
2354,1.0676191957821148,0.9676721023405974,702,749.4686754390445,3.7109227871939736
2355,1.0676191957821148,0.9676721023405974,702,749.4686754390445,3.7109227871939736
2356,0.5181674418746068,0.4664707460158514,742,384.4802418709583,3.7409326424870466
2357,0.18407560394649164,0.0985763944855132,364,67.00351983652295,4.135802469135802
2358,0.18407560394649164,0.0985763944855132,364,67.00351983652295,4.135802469135802
2359,0.18407560394649164,0.0985763944855132,364,67.00351983652295,4.135802469135802
2360,0.10758916194198505,0.0859158623087101,621,66.81286956597272,3.7316258351893095
2361,0.2602027886627263,0.2090543344157384,635,165.22877080083117,3.703825136612022
2362,0.5100313753749712,0.4124037887061812,658,335.6006449967311,3.624338624338624
2363,0.5752958524204748,0.4310421224709305,626,360.1352036152172,3.5990783410138247
2364,0.5752958524204748,0.4310421224709305,626,360.1352036152172,3.5990783410138247
2365,0.5732965433365319,0.4327414119268072,627,359.4569326720055,3.5960874568469503
2366,0.6095009915226175,0.4002362396355567,686,418.1176801845156,3.5697091273821466
2367,0.1911353527726493,0.14217816285443619,690,131.883393413128,3.5760322255790533
2368,0.20587574191688,0.1639596997456439,523,107.67301302252824,3.7086614173228347
2369,0.21127267070423786,0.1566046655824596,621,131.2003285073317,3.545126353790614
2370,0.2441981729716436,0.1780571692564932,606,147.98409282081602,3.5733662145499383
2371,0.23403769725604895,0.1718496716127268,680,159.1456341341133,3.485549132947977
2372,0.5722117432359565,0.4136418782068806,680,389.1039854004504,3.485549132947977
2373,0.6180556786580498,0.4499420525499399,664,410.38897062894506,3.4958677685950414
2374,0.4989751915668758,0.3509798691671739,737,367.7447161847875,3.5179924242424243
2375,0.2522632552647025,0.1860787773167689,749,188.9451781932622,3.520183486238532
2376,0.15586516224616773,0.0883907708677545,659,102.71514192022453,3.56754130223518
2377,0.2205271640785509,0.146232511337416,642,141.5784393384297,3.581800580832527
2378,0.23467611127392382,0.1854831631483654,653,153.24350066187225,3.533132530120482
2379,0.27560043817684776,0.208401746900575,566,155.98984800809583,3.616648411829135
2380,0.2475238851486772,0.1766158667162762,631,156.1875715288153,3.63297350343474
2381,0.4197526462346606,0.2769136115534805,699,293.4070997180277,3.5732718894009214
2382,0.5756902645277332,0.4296888083332911,751,432.3433886603276,3.5856401384083045
2383,1.0012511589676567,0.7708242604908472,821,822.0272015124461,3.6849122807017545
2384,1.6182245632447358,1.2747079151281275,876,1417.5647174023886,3.6595052083333335
2385,1.9702606514960068,1.7042522640201159,850,1674.7215537716058,3.6860387441549767
2386,1.4250582423767304,1.1595068287210173,901,1283.9774763814341,3.6775184275184274
2387,1.1266699497763402,1.0090229930678305,834,939.6427381134677,3.570266272189349
2388,1.2113380931680546,1.0990598914558014,770,932.730331739402,3.5975510204081633
2389,1.1756035774279625,1.057568883310542,795,934.6048440552302,3.6799431009957324
2390,1.296079181195511,1.2520310076712946,880,1140.5496794520498,3.731678486997636
2391,1.305074028512546,1.0396672270790122,979,1277.6674739137825,3.7158859470468433
2392,0.7818764334872553,0.6730058552743634,961,751.3832525812523,3.731486414491209
2393,0.6111266499822728,0.5173382356928253,940,574.4590509833365,3.633153800119689
2394,0.5994104697027034,0.5312949336061209,869,520.8876981716493,3.5712230215827336
2395,0.6108696504284995,0.5387483197477307,821,501.5239830017981,3.5689519306540585
2396,0.6108696504284995,0.5387483197477307,821,501.5239830017981,3.5689519306540585
2397,0.6108696504284995,0.5387483197477307,821,501.5239830017981,3.5689519306540585
2398,0.4168853102258863,0.3834948058972856,822,342.67972500567856,3.566823899371069
2399,0.2876168383795216,0.2688376881953519,766,220.31449819871355,3.580944350758853
2400,0.2876168383795216,0.2688376881953519,766,220.31449819871355,3.580944350758853
2401,0.07608714861847753,0.0541151154029578,555,42.22836748325503,3.697674418604651
2402,0.07608714861847753,0.0541151154029578,555,42.22836748325503,3.697674418604651
2403,0.07178558104697483,0.0498123452526198,646,46.37348535634574,3.537888198757764
2404,0.31525047786061516,0.22826759733121035,734,231.39385074969152,3.6485714285714286
2405,0.4219348512356395,0.3132402366958766,711,299.9956792285397,3.649848637739657
2406,0.4051958381190955,0.2920314968149868,739,299.43972437001156,3.6517602283539485
2407,0.34649619362213024,0.2296347766066724,805,278.92943586581487,3.790446841294299
2408,0.35490799834186926,0.2488100189456162,779,276.47333070831615,3.784201954397394
2409,0.26062518209050695,0.16479267486877375,896,233.52016315309424,3.861246943765281
2410,0.277292616421166,0.1994562497532475,885,245.4039655327319,3.8636081835089895
2411,0.38731655592083064,0.2994141604336177,718,278.0932871511564,3.6207584830339323
2412,0.2937082215670647,0.1821109309301412,890,261.4003171946876,3.8703590992087644
2413,0.23237371599536158,0.15801468150382775,850,197.51765859605734,3.83640081799591
2414,0.2502300449576189,0.1681781406576584,859,214.94760861859464,3.8856964397251716
2415,0.2570592803749529,0.1769788877974479,825,212.07390630933617,3.844972067039106
2416,0.2698130859133323,0.1868493397391901,825,222.59579587849916,3.844972067039106
2417,0.2689431069131061,0.1847383612827588,825,221.8780632033125,3.844972067039106
2418,0.28212304760298984,0.208679192045549,843,237.8297291293204,3.842395044735031
2419,0.4435099838776677,0.3183556307091409,861,381.8620961186719,3.8915584415584417
2420,0.552551025261987,0.4085800785958415,735,406.12500356756044,3.79871912168344
2421,0.5344673104079679,0.382853256065522,759,405.66068859964764,3.772407732864675
2422,0.31830231003500875,0.2520163570304267,790,251.4588249276569,3.7545757071547423
2423,0.26030549740985115,0.15145866461341828,862,224.3833387672917,3.8095872170439415
2424,0.3134173213525434,0.2368569646435101,735,230.36173119411941,3.6815878378378377
2425,0.249359421320034,0.1737645980862833,735,183.279174670225,3.6815878378378377
2426,0.17943715948897926,0.1245920677159803,735,131.88631222439975,3.6815878378378377
2427,0.16985858713381155,0.1125252647279252,687,116.69284936092853,3.7184986595174263
2428,0.17553321632372818,0.1245920677159803,611,107.25079517379791,3.8083491461100567
2429,0.18683265671133412,0.1245920677159803,612,114.34158590733648,3.8083491461100567
2430,0.19441207540756936,0.137988242551853,885,172.05468673569888,3.6315049226441634
2431,0.2571200553188578,0.1884529035108392,614,157.87171396577867,3.668085106382979
2432,0.2571200553188578,0.1884529035108392,614,157.87171396577867,3.668085106382979
2433,0.2558456479151985,0.188406846898342,753,192.65177288014445,3.5609981515711646
2434,0.4596542753348413,0.3517826823367781,739,339.68450947244776,3.5841121495327104
2435,0.4028834113001748,0.3056996020681307,781,314.6519442254365,3.7340339531123687
2436,0.7222288117618679,0.500697338533689,840,606.6722018799691,3.7082089552238804
2437,1.216930975697745,0.9145000865646477,781,950.4230920199388,3.6449652777777777
2438,1.2703094772173287,0.9415966818828285,754,957.8133458218658,3.654059040590406
2439,1.2033527577471241,0.8810969490765771,754,907.3279793413316,3.654059040590406
2440,0.7156181220598098,0.5129567430174329,729,521.6856109816014,3.7397137745974955
2441,0.5973412546900567,0.408424267277689,776,463.536813639484,3.5583710407239817
2442,0.7105756716981231,0.5257407705892411,658,467.558791977365,3.6886102403343783
2443,0.7105756716981231,0.5257407705892411,658,467.558791977365,3.7391742195367574
2444,0.5039867242498209,0.3588511462043887,760,383.02991042986395,3.6120313862249347
2445,0.5864116669004097,0.3792228509164639,507,297.3107151185077,3.7766497461928936
2446,0.5864116669004097,0.3792228509164639,507,297.3107151185077,3.7766497461928936
2447,0.6347150935235433,0.509362710366654,731,463.9767333657101,3.601976639712489
2448,1.190494511363544,1.028512627439346,641,763.1069817840316,3.8182656826568264
2449,0.5884072940147378,0.486914510784604,729,428.9489173367439,3.7755102040816326
2450,0.5478280529269691,0.38293032419396894,604,330.88814396788933,3.783482142857143
2451,0.49183730498624867,0.3889398142832903,704,346.25346271031907,3.824561403508772
2452,0.7090772096426109,0.6069592152249225,723,512.6628225716076,3.8536789297658864
2453,0.8571674098929003,0.7781615430361621,750,642.8755574196753,3.8204918032786885
2454,1.0676191957821148,0.9676721023405974,702,749.4686754390445,3.7109227871939736
2455,0.845200449497342,0.7416191178678018,742,627.1387335270277,3.7409326424870466
2456,0.10736148334103805,0.051078482719718,742,79.66222063905023,3.7409326424870466
2457,0.18407560394649164,0.0985763944855132,364,67.00351983652295,4.135802469135802
2458,0.18407560394649164,0.0985763944855132,364,67.00351983652295,4.135802469135802
2459,0.18407560394649164,0.0985763944855132,364,67.00351983652295,4.135802469135802
2460,0.18407560394649164,0.0985763944855132,364,67.00351983652295,4.135802469135802
2461,0.13107384770155822,0.0857821776486273,696,91.22739800028452,3.629667003027245
2462,0.43854165021601255,0.3214173541725371,726,318.3812380568251,3.588405797101449
2463,0.5352285884044048,0.4257532620725717,684,366.09635446861284,3.5361702127659576
2464,0.5300969710532006,0.4257532620725717,684,362.58632820038923,3.5361702127659576
2465,0.5752958524204748,0.4310421224709305,626,360.1352036152172,3.5990783410138247
2466,0.3997609101735288,0.283829581687638,877,350.5903182221848,3.5388453314326442
2467,0.14741909697215963,0.0988572389144552,749,110.41690363214757,3.4177820267686423
2468,0.20587574191688,0.1639596997456439,523,107.67301302252824,3.7086614173228347
2469,0.19815714708654886,0.1437407881622782,621,123.05558834074684,3.545126353790614
2470,0.2441981729716436,0.1780571692564932,606,147.98409282081602,3.5733662145499383
2471,0.2441981729716436,0.1780571692564932,606,147.98409282081602,3.5733662145499383
2472,0.3658563708599317,0.2870582714487244,680,248.78233218475356,3.485549132947977
2473,0.39399560040270637,0.2857848679639743,698,275.00892908108904,3.499441340782123
2474,0.2037449318547469,0.1152609907083728,684,139.36153338864688,3.5131128848346638
2475,0.25016761190012915,0.1724393799621984,508,127.0851468452656,3.7509881422924902
2476,0.22607559107566821,0.13696481796893734,560,126.6023310023742,3.675213675213675
2477,0.18149388889311116,0.1266075811402974,670,121.60090555838447,3.5922787193973633
2478,0.24598650474656197,0.1790989250885052,653,160.62918759950497,3.604784688995215
2479,0.2413838553604529,0.17600524092990355,722,174.279143570247,3.5281923714759538
2480,0.28792158662211753,0.2049980863202185,831,239.26283848297965,3.553793103448276
2481,0.6196223959977449,0.3932427825076581,790,489.5016928382185,3.5310821181887952
2482,0.8330965705082946,0.6259585925679476,803,668.9765461181605,3.5774218154080852
2483,1.4322001618997553,1.112965982062907,825,1181.565133567298,3.625
2484,1.81374644915022,1.5559861948968463,833,1510.8507921421333,3.602601156069364
2485,2.283545311371985,1.8602136231280129,811,1851.9552475226797,3.6185873605947956
2486,2.162845576896123,1.787125733301094,830,1795.161828823782,3.649025069637883
2487,1.2515019626755641,1.0538015411649622,887,1110.0822408932254,3.6409929980903883
2488,1.256846796105371,1.1478714425330718,845,1062.0355427090385,3.6028070175438596
2489,1.3618697301366822,1.21540871772467,845,1150.7799219654964,3.6028070175438596
2490,1.2170168873299676,1.0258404402587558,967,1176.8553300480787,3.726993865030675
2491,1.1526595756491578,1.0023331658812924,1045,1204.5292565533698,3.7112029384756657
2492,0.8556653590620663,0.625109434430613,1102,942.9432256863971,3.745217745217745
2493,0.665536408137129,0.5464814532988526,955,635.5872697709582,3.6485568760611207
2494,0.725822299006729,0.6565625910328206,869,630.7395778368475,3.5712230215827336
2495,0.62887612435016,0.5750098755768945,869,546.4933520602891,3.5712230215827336
2496,0.6108696504284995,0.5387483197477307,821,501.5239830017981,3.5689519306540585
2497,0.6515697849452924,0.5929799856188234,869,566.2141431174591,3.5712230215827336
2498,0.6479024481361334,0.5643983340570736,869,563.0272274303,3.5711206896551726
2499,0.3207505545153903,0.3138632469283268,853,273.6002230016279,3.591044776119403
2500,0.3289354979165356,0.3110675893037793,801,263.477333831145,3.5812244897959182
2501,0.07608714861847753,0.0541151154029578,555,42.22836748325503,3.697674418604651
2502,0.07608714861847753,0.0541151154029578,555,42.22836748325503,3.697674418604651
2503,0.10541501305469346,0.0765604650301929,734,77.374619582145,3.6485714285714286
2504,0.40254478855995507,0.28648853630400517,730,293.8576956487672,3.646376811594203
2505,0.4217973161652992,0.3130332791614597,711,299.8978917935277,3.649848637739657
2506,0.4219348512356395,0.3132402366958766,711,299.9956792285397,3.649848637739657
2507,0.37865765415850056,0.2525005121091504,787,298.00357382273995,3.781701444622793
2508,0.3717835014067989,0.2545439106548041,816,303.3753371479479,3.769470404984424
2509,0.33519505703379654,0.207979402372722,929,311.396207984397,3.996017919362867
2510,0.30970496424151966,0.1946945713524397,919,284.61886213795657,4.005519317611641
2511,0.34540335822013074,0.2336629512408971,873,301.53713172617415,3.874139010644959
2512,0.31929076001134155,0.2140788317956277,873,278.74083348990115,3.874139010644959
2513,0.267860850010636,0.2004848917598524,850,227.68172250904058,3.83640081799591
2514,0.23663660331159103,0.1654272033662989,829,196.17174414530896,3.8473867595818816
2515,0.25840706583023726,0.178729152603693,829,214.21945757326668,3.8473867595818816
2516,0.2697062712515884,0.1865901571040762,825,222.50767378256043,3.844972067039106
2517,0.26880496232403084,0.1846410071940493,825,221.76409391732543,3.844972067039106
2518,0.33762353833822184,0.261921932920523,843,284.616642819121,3.842395044735031
2519,0.49080929460659745,0.3406291225077096,855,419.6419468886408,3.8820410868124586
2520,0.552551025261987,0.4085800785958415,735,406.12500356756044,3.79871912168344
2521,0.552551025261987,0.4085800785958415,735,406.12500356756044,3.79871912168344
2522,0.5070742247742988,0.371226742310801,769,389.94007885143577,3.7758620689655173
2523,0.2249945819087186,0.1523868664031206,886,199.34519957112468,3.792739273927393
2524,0.2733371451928195,0.19557231223811716,726,198.44276740998694,3.6634699215344377
2525,0.3153618865248668,0.2256109601413378,726,228.95272961705328,3.6634699215344377
2526,0.27778789787323366,0.1868881015739704,735,204.17410493682675,3.6815878378378377
2527,0.16092102650302514,0.1004292605154065,737,118.59879653272952,3.679324894514768
2528,0.1744067809399291,0.1245920677159803,611,106.56254315429668,3.8083491461100567
2529,0.21058876777754076,0.1245920677159803,612,128.88032587985495,3.8083491461100567
2530,0.8988952052218768,0.5771759492186384,928,834.1747504459017,3.6836998706338937
2531,1.5343920129051047,1.0950303351107915,835,1281.2173307757625,3.6090835360908353
2532,0.7536441910097261,0.5861731940480455,835,629.2928994931214,3.6090835360908353
2533,0.5397559383496247,0.3326480440995615,849,458.25279165883137,3.624006359300477
2534,0.7888799295778552,0.5505247138473887,648,511.19419436645023,3.7208287895310797
2535,0.6693668987664181,0.4360799086196771,731,489.3072029982516,3.8008928571428573
2536,0.7002213859319858,0.4474776311917318,887,621.0963693216714,3.804263565891473
2537,1.1098088628412626,0.823226434191405,808,896.7255611757402,3.7521235521235523
2538,1.2372302264823245,0.8916858547952486,734,908.1269862380262,3.621313035204567
2539,1.1302876588774549,0.8406665680849865,776,877.103223288905,3.7403767403767403
2540,0.6199583590873686,0.4539623367575471,773,479.22781157453596,3.7401639344262296
2541,0.5918402352004528,0.43598199698792106,776,459.26802251555137,3.5583710407239817
2542,0.6007888805517063,0.4441247113404817,776,466.21217130812414,3.6133567662565906
2543,0.5814032230386045,0.4464005972574697,760,441.8664495093394,3.6120313862249347
2544,0.3937928495345628,0.1955342974450831,760,299.2825656462677,3.501397949673812
2545,0.5864116669004097,0.3792228509164639,507,297.3107151185077,3.7766497461928936
2546,0.5864116669004097,0.3792228509164639,507,297.3107151185077,3.7766497461928936
2547,0.4024473253605745,0.2377030777471717,575,231.40721208233032,3.780806979280262
2548,0.4914990301263247,0.3057171000785751,260,127.78974783284441,4.288011695906433
2549,0.4914990301263247,0.3057171000785751,260,127.78974783284441,4.277089783281734
2550,0.4031675633405432,0.3139297811840536,604,243.5132082576881,3.783482142857143
2551,0.6047455382376037,0.5703927264479536,559,338.0527558748205,3.837806301050175
2552,0.6278287793889791,0.4874071746835109,739,463.9654679684555,3.8894984326018807
2553,1.2562885787352447,1.0419026282543613,835,1049.0009632439294,3.8188757807078417
2554,2.4035746682482695,1.990194623148747,803,1930.0704586033603,3.7874720357941833
2555,2.210587840177956,1.6810901564907725,836,1848.0514343887712,3.7609791216702666
2556,0.4079188130887172,0.3399167032445405,790,322.2558623400866,3.723004694835681
2557,0.17086031426731815,0.1148588564572409,634,108.32543924547971,3.796969696969697
2558,0.1276982709245571,0.0931647142791849,634,80.9607037661692,3.796969696969697
2559,0.18407560394649164,0.0985763944855132,364,67.00351983652295,4.135802469135802
2560,0.18407560394649164,0.0985763944855132,364,67.00351983652295,4.135802469135802
2561,0.15964626096543688,0.1093740139742714,557,88.92296735774835,3.7091136079900124
2562,0.3411815290998551,0.2629537997073515,801,273.28640480898395,3.6320754716981134
2563,0.4502360608043859,0.3320915569130158,889,400.2598580550991,3.5477707006369426
2564,0.48362974439975853,0.37311707012930584,866,418.82335865019087,3.516753536857781
2565,0.511761576286746,0.3847811737327521,866,443.18552506432206,3.516753536857781
2566,0.5194705210191638,0.3850694399365523,882,458.1729995389025,3.5444366689993
2567,0.3540997426112471,0.2680009386348819,833,294.96508559516883,3.51328125
2568,0.1592516546060845,0.1090856433890312,833,132.6566282868684,3.51328125
2569,0.19370081121140437,0.1426752455675378,667,129.1984410780067,3.5213483146067417
2570,0.21939062809236679,0.15799295899857055,672,147.43050207807048,3.544543429844098
2571,0.32628185764488626,0.2716377936933271,872,284.51777986634085,3.4887924801156904
2572,0.2372386694475407,0.1875578793854708,679,161.08505655488014,3.503783783783784
2573,0.19955096659700516,0.1005162640379818,636,126.91441475569528,3.569739952718676
2574,0.25016761190012915,0.1724393799621984,508,127.0851468452656,3.7509881422924902
2575,0.25016761190012915,0.1724393799621984,508,127.0851468452656,3.7509881422924902
2576,0.16630387257512996,0.0565248655864602,766,127.38876639254956,3.693561532192339
2577,0.17705161527887564,0.0941055498087218,787,139.33962122447514,3.696875
2578,0.2240001076498294,0.1564640839704748,859,192.41609247120346,3.734931950745301
2579,0.4501478618914247,0.33291499108509565,802,361.0185852369226,3.5276162790697674
2580,0.5187011772516749,0.3781597419276906,790,409.77393002882314,3.4913112164297
2581,0.8321993112441657,0.649925607569394,703,585.0361158046485,3.4619188921859547
2582,1.0629004476484603,0.845403997236609,679,721.7094039533044,3.4671532846715327
2583,0.9642139354718511,0.7107852336391098,836,806.0828500544675,3.6218081435472738
2584,1.6855427836390524,1.2968386681588082,985,1660.2596418844666,3.5546218487394956
2585,1.9117872700107457,1.488778978110033,967,1848.698290100391,3.5400350672121568
2586,1.9039756547619318,1.491496371716685,967,1841.144458154788,3.5400350672121568
2587,1.431953895334388,0.922612380569477,1076,1540.7823913798015,3.5761653051417586
2588,1.5504969420696184,1.3111871089386482,845,1310.1699160488276,3.6028070175438596
2589,1.5770305783647796,1.327249348754882,831,1310.5124106211317,3.571214392803598
2590,1.5770305783647796,1.327249348754882,831,1310.5124106211317,3.571214392803598
2591,1.3174962917340454,1.0194370601194178,968,1275.336410398556,3.625993189557321
2592,0.6694442527781141,0.5584343259893989,1034,692.20535737257,3.7084683017121702
2593,0.5800013825836333,0.48849829374904197,984,570.7213604622951,3.6212204507971415
2594,0.5834944493412535,0.5182294581920146,869,507.0566764775493,3.5712230215827336
2595,0.6108696504284995,0.5387483197477307,821,501.5239830017981,3.5689519306540585
2596,0.6020103638715044,0.5341267818110234,869,523.1470062043373,3.5712230215827336
2597,0.7744762199244073,0.6521628005242163,869,673.0198351143099,3.5712230215827336
2598,0.8128584999199695,0.7003968035912762,830,674.6725549335747,3.5849923430321593
2599,0.7307955132882852,0.601449494640157,920,672.3318722252224,3.5617367706919945
2600,0.6714519555868157,0.5124681059473805,871,584.8346533161165,3.5694545454545454
2601,0.07608714861847753,0.0541151154029578,555,42.22836748325503,3.697674418604651
2602,0.07608714861847753,0.0541151154029578,555,42.22836748325503,3.697674418604651
2603,0.18049080584155386,0.1150953653793617,880,158.8319091405674,4.002072538860103
2604,0.42061095534103327,0.29748393663685,738,310.41088504168255,3.6816443594646273
2605,0.42111454198732423,0.3000771084081931,736,309.9403029026706,3.681075888568684
2606,0.4219348512356395,0.3132402366958766,711,299.9956792285397,3.649848637739657
2607,0.4219348512356395,0.3132402366958766,711,299.9956792285397,3.649848637739657
2608,0.3845830815399321,0.2643487437105167,803,308.82021447656547,3.779968454258675
2609,0.35904075763554755,0.2362419704780567,850,305.1846439902154,3.979988228369629
2610,0.2875742666884667,0.181692212300469,888,255.36594881935844,3.9630233822729743
2611,0.31160405239051675,0.2094008134164387,839,261.4357999556436,3.7926657263751764
2612,0.3142381503048153,0.2116310844748219,873,274.3299052161037,3.874139010644959
2613,0.27274715968365926,0.2074398580437396,809,220.65245218408032,3.732394366197183
2614,0.2556071259164831,0.1939087350077926,785,200.65159384443922,3.744971842316975
2615,0.24876653923505,0.1741421344624849,883,219.66085414454915,3.7810026385224274
2616,0.26485778327594567,0.1870940192028095,829,219.56710233575896,3.8473867595818816
2617,0.2668040446935275,0.183617333946095,843,224.91580967664365,3.842395044735031
2618,0.4825709268250739,0.3664914827557607,843,406.8072913135373,3.842395044735031
2619,0.47955967068736305,0.3228911316145521,855,410.02351843769543,3.8820410868124586
2620,0.552551025261987,0.4085800785958415,735,406.12500356756044,3.79871912168344
2621,0.552551025261987,0.4085800785958415,735,406.12500356756044,3.79871912168344
2622,0.552551025261987,0.4085800785958415,735,406.12500356756044,3.79871912168344
2623,0.20506224797808995,0.11960367363917371,856,175.533284269245,3.8095890410958906
2624,0.2737404352553723,0.1868881015739704,674,184.50105336212093,3.7055555555555557
2625,0.28469063160491825,0.2097274726045676,726,206.68539854517064,3.6634699215344377
2626,0.33099318268089356,0.2401307325865135,696,230.37125514590193,3.706881143878463
2627,0.27137471578376476,0.1868881015739704,735,199.4604161010671,3.6815878378378377
2628,0.15998563482269434,0.0962499965598682,737,117.90941286432573,3.679324894514768
2629,0.2560171020424799,0.1560079812359809,816,208.90995526666362,3.5661881977671452
2630,1.5554760074429894,1.0882402819927623,829,1289.4896101702382,3.689761354888376
2631,2.463504603584139,1.9132220523709333,732,1803.28536982359,3.5914760914760913
2632,2.326896679182007,1.7493605194771424,769,1789.3835462909635,3.562749003984064
2633,1.5744056860966988,1.2618799183713536,826,1300.4590967158733,3.6644682605111294
2634,0.9611832576586101,0.7090555682318223,809,777.5972554458156,3.8155487804878048
2635,0.696697185752203,0.4525784546887523,731,509.28564278486033,3.8008928571428573
2636,0.7663961052929996,0.5763790488955167,684,524.2149360204118,3.696875
2637,0.8435804963457316,0.6029486113151397,800,674.8643970765853,3.7453271028037385
2638,0.906144499068125,0.7030700750477339,827,749.3815007293393,3.76431718061674
2639,0.8930061743794008,0.6469901478478245,803,717.0839580266588,3.615575807787904
2640,0.8611730360511872,0.6258656504046758,728,626.9339702452643,3.589817483189241
2641,0.7080107780662089,0.525782750044178,728,515.4318464322001,3.5950334288443173
2642,0.4712603361803625,0.297517640190414,884,416.59413718344047,3.570194384449244
2643,0.4012363206162876,0.2720759410854313,790,316.9766932868672,3.468104222821204
2644,0.5864116669004097,0.3792228509164639,507,297.3107151185077,3.7766497461928936
2645,0.5864116669004097,0.3792228509164639,507,297.3107151185077,3.7766497461928936
2646,0.5864116669004097,0.3792228509164639,507,297.3107151185077,3.7766497461928936
2647,0.3770894045007515,0.2902936373483131,575,216.82640758793212,3.780806979280262
2648,0.4914990301263247,0.3057171000785751,260,127.78974783284441,4.277089783281734
2649,0.4914990301263247,0.3057171000785751,260,127.78974783284441,4.277089783281734
2650,0.3259481729947384,0.249873792522303,604,196.872696488822,3.714622641509434
2651,0.6047455382376037,0.5703927264479536,559,338.0527558748205,3.837806301050175
2652,0.9124357018280604,0.7523188646669542,800,729.9485614624483,3.750793650793651
2653,1.9728233326627294,1.5756822842859115,787,1552.611962805568,3.7355102040816326
2654,3.0103710990714814,2.5171285417784213,711,2140.3738514398233,3.564549180327869
2655,2.7623731474723754,2.3719816345300084,775,2140.839189291091,3.7275641025641026
2656,1.8454406598872701,1.5262774035399582,835,1540.9429510058706,3.7236180904522613
2657,1.4768413455761915,1.0381847530581696,743,1097.2931197631103,3.6782006920415227
2658,1.1896826727478729,0.8259618385147309,744,885.1239085244174,3.6761658031088085
2659,0.522797340679061,0.3442492874672234,744,388.9612214652214,3.6761658031088085
2660,0.1433695294194565,0.0985763944855132,703,100.78877918187791,3.6993524514338576
2661,0.15934128505970901,0.1022233947207503,734,116.95650323382641,3.606005459508644
2662,0.38291335748089644,0.28934490981104455,842,322.4130469989148,3.5185477505919494
2663,0.5918525274936723,0.4401484898337369,825,488.27833518227965,3.5116653258246178
2664,0.6117426218633913,0.4723179192568447,801,490.00584011257644,3.480508474576271
2665,0.6086825412319766,0.4639841940309061,801,487.5547155268133,3.480508474576271
2666,0.6012508498988461,0.4559002392747571,801,481.60193076897576,3.480508474576271
2667,0.5971401649213375,0.4495972562692749,801,478.3092721019913,3.480508474576271
2668,0.45234994197029765,0.3447710431793023,833,376.80750166125796,3.51328125
2669,0.20138954430425526,0.13348991034674,831,167.35471131683613,3.5094488188976376
2670,0.2281264776380055,0.1804537583283389,624,142.35092204611544,3.5928074245939676
2671,0.1619976694923795,0.1004526881736571,732,118.5822940684218,3.49601593625498
2672,0.18368370724616223,0.1325759839851663,755,138.68119897085248,3.4825918762088977
2673,0.161953132630927,0.05710372169434145,792,128.26688104369418,3.6711462450592887
2674,0.19172273016728533,0.095627081736959,766,146.85961130814056,3.693561532192339
2675,0.21706631557906655,0.1277599251023678,781,169.52879246725098,3.678943154523619
2676,0.2836838586100848,0.2131216834108401,781,221.55709357447626,3.678943154523619
2677,0.35570448510486036,0.2559229811351143,753,267.84547728395984,3.670424978317433
2678,0.4586412886142032,0.3344620666343105,801,367.37167217997677,3.6942965779467682
2679,0.5657153737522616,0.4029243276062735,761,430.50939942547103,3.4979218620116375
2680,0.543582991178364,0.4248583959389648,744,404.4257454367028,3.479758828596038
2681,0.6334586233673959,0.4816222245673474,760,481.4285537592209,3.4440706476030276
2682,1.144055196227392,0.8756817882353115,624,713.8904424458925,3.531986531986532
2683,1.153250579430459,0.8756817882353115,624,719.6283615646064,3.531986531986532
2684,0.9967913133852621,0.6212069609750076,1023,1019.717513593123,3.5494388027792625
2685,1.488343780644951,1.0072203507433903,974,1449.6468423481824,3.536231884057971
2686,1.7117247201586854,1.321603236700284,859,1470.3715346163108,3.439238653001464
2687,1.430539070099886,0.9960670121955876,983,1406.219905908188,3.4770588235294118
2688,1.4600676989153316,1.1110866531022294,894,1305.3005228303064,3.5516778523489934
2689,1.3488144326022298,1.04368009432709,919,1239.560463561449,3.6056685150955023
2690,1.5290979932095883,1.264118029690665,854,1305.8496862009883,3.6281613123718386
2691,1.0226130397700623,0.7538546492137034,946,967.391935622479,3.645490640952921
2692,0.594425981513993,0.4658788870546598,1003,596.2092594585349,3.686612576064909
2693,0.5225293480745586,0.4552981405617383,947,494.835292626607,3.6969860064585576
2694,0.5411028820336855,0.47867323444628207,918,496.73244570692333,3.644712990936556
2695,0.5467745759648065,0.47849995815465296,900,492.0971183683259,3.6294155427103405
2696,0.6875823053125872,0.6227120291412305,872,599.5717702325761,3.571530758226037
2697,0.7918338648947614,0.6738848269837536,848,671.4751174307577,3.5611940298507463
2698,0.7853539854883612,0.6789937701718336,848,665.9801796941304,3.5611940298507463
2699,0.7953008355429767,0.5897656777275534,1035,823.1363647869808,3.550502379693284
2700,0.6915969340946968,0.5280855726167949,1028,710.9616482493483,3.670413898824732
2701,0.058957441772313504,0.0398234112035662,847,49.93695318114954,3.8431876606683804
2702,0.08257025072636504,0.0659403698123483,623,51.44126620252542,3.559796437659033
2703,0.28874914806353336,0.20026043769870125,754,217.71685763990416,3.6210428305400373
2704,0.34490403124805946,0.20953399470782746,904,311.79324424824574,3.565826330532213
2705,0.3239938295078656,0.2117272225436387,882,285.76255762593746,3.6577868852459017
2706,0.4219348512356395,0.3132402366958766,711,299.9956792285397,3.649848637739657
2707,0.4069221633679883,0.2975048895911749,739,300.71547872894337,3.6342412451361867
2708,0.4122303433308174,0.3022472295742373,739,304.63822372147405,3.6342412451361867
2709,0.35644870611050766,0.2414186187985038,864,307.9716820794786,3.7901572112098427
2710,0.3450318476392377,0.2399866418349039,851,293.6221023409913,3.7919556171983357
2711,0.33528356710048435,0.2331736670303995,804,269.56798794878944,3.71669341894061
2712,0.3581959767771729,0.23599905404945165,898,321.65998714590125,3.7598944591029024
2713,0.48380862998414936,0.29686529519268423,902,436.3953842457027,3.7741100323624597
2714,0.557871992280324,0.3304077025744554,841,469.17034550775253,3.6716867469879517
2715,0.5217024945480055,0.3194999908451567,883,460.66330268588894,3.7810026385224274
2716,0.7729516835184733,0.4869549024910565,910,703.3860320018107,3.7721518987341773
2717,0.6570821156442402,0.477900256294508,874,574.2897690730659,3.829940906106369
2718,0.5303681159447414,0.405258632923873,864,458.2380521762566,3.8719115734720417
2719,0.47586075032377656,0.3204457353979442,855,406.860941526829,3.8820410868124586
2720,0.552551025261987,0.4085800785958415,735,406.12500356756044,3.79871912168344
2721,0.552551025261987,0.4085800785958415,735,406.12500356756044,3.79871912168344
2722,0.552551025261987,0.4085800785958415,735,406.12500356756044,3.79871912168344
2723,0.23482158744884796,0.15587708777181697,856,201.00727885621384,3.8095890410958906
2724,0.24361705279700555,0.1541930434525968,733,178.57129970020506,3.7316053511705687
2725,0.25930958568281554,0.1676695237791064,726,188.2587592057241,3.6634699215344377
2726,0.31798461984744353,0.2352750910881171,726,230.856834009244,3.6634699215344377
2727,0.29107434854599606,0.1910338287801594,792,230.53088404842887,3.579804560260586
2728,0.6265426848147571,0.4260742411166571,816,511.25883080884176,3.5794392523364484
2729,0.7192474166358842,0.485873800391598,843,606.3255722240503,3.5501543209876543
2730,1.4781869929614881,1.1400383444993891,865,1278.6317489116873,3.633648943918427
2731,2.273738307318761,1.6911835151765857,776,1764.4209264793585,3.5378071833648392
2732,2.2151092975859004,1.7534136283881552,769,1703.4190498435573,3.562749003984064
2733,2.2246429411001656,1.848704505323312,719,1599.518274651019,3.605769230769231
2734,1.5242239329185965,1.1715595270844146,761,1159.9344129510519,3.7537777777777777
2735,1.08729485296665,0.8195340421052392,707,768.7174610474215,3.7051416579223506
2736,1.1033565781786194,0.7078358786659031,695,766.8328218341405,3.697530864197531
2737,1.0161635740330905,0.7533399629292762,675,685.9104124723361,3.700836820083682
2738,0.9984057913173432,0.7336008177125127,718,716.8553581658524,3.703454894433781
2739,0.7662299028511383,0.5685867827183619,768,588.4645653896742,3.4366471734892787
2740,0.5009998165070109,0.3110153522334183,728,364.7278664171039,3.476683937823834
2741,0.5986833604981899,0.4440155497823619,603,361.0060663804085,3.636138613861386
2742,0.5658847565937588,0.4151968341332188,603,341.2285082260366,3.7100238663484486
2743,0.2920236927217317,0.1824724967875479,707,206.4607507542643,3.5632530120481927
2744,0.4513733455376104,0.334792152326363,624,281.6569676154689,3.566704675028506
2745,0.5864116669004097,0.3792228509164639,507,297.3107151185077,3.7766497461928936
2746,0.5298675591521557,0.3515783785887173,749,396.8708018049646,3.504050405040504
2747,0.29329863296459435,0.2214011708082267,692,202.9626540114993,3.655139289145053
2748,0.24106474667852026,0.0976176285635059,576,138.85329408682767,3.756788665879575
2749,0.1973067679602767,0.0259031795563071,681,134.36590898094843,3.650924024640657
2750,0.3438958435554234,0.26953711773957684,784,269.61434134745195,3.595726495726496
2751,0.6343175866949776,0.46030327330190435,810,513.7972452229319,3.7401633259094282
2752,0.8937583427636515,0.6841060151959744,819,731.9880827234306,3.734423676012461
2753,1.4369759117237666,1.1495201693031765,844,1212.807669494859,3.7943661971830984
2754,1.9241859110061363,1.6212227814740365,848,1631.7096525332036,3.7858117326057297
2755,1.8835321369734939,1.4591392512166323,883,1663.158876947595,3.785940468651045
2756,1.8194140200290463,1.3015579398147485,770,1400.9487954223657,3.5987972508591066
2757,1.9868422725279875,1.4703008708179512,705,1400.7238021322312,3.65205223880597
2758,1.952034643407197,1.4315952264486174,705,1376.1844236020738,3.65205223880597
2759,1.095751293977452,0.7701703855724846,748,819.6219678951342,3.674957118353345
2760,0.1339868233079976,0.0985763944855132,702,94.05874996221432,3.701575532900834
2761,0.2278800979381489,0.1660758806352898,801,182.53195844845726,3.5111847555923776
2762,0.4255640876719121,0.3036326223929049,869,369.81519218689164,3.4583333333333335
2763,0.5675088430264922,0.4134470333593142,844,478.97746351435944,3.4198717948717947
2764,0.6137858437750717,0.4723179192568447,799,490.4148891762823,3.476068376068376
2765,0.6102723115495964,0.4678684977016402,801,488.8281215512267,3.480508474576271
2766,0.6008268111031911,0.4585992215719353,801,481.26227569365614,3.480508474576271
2767,0.6137858437750717,0.4723179192568447,799,490.4148891762823,3.476068376068376
2768,0.6095782639351889,0.4649585323722394,801,488.27218941208633,3.480508474576271
2769,0.46035884078237077,0.3494967669204436,872,401.4329091622273,3.459138187221397
2770,0.23579864863135266,0.1907796191527192,808,190.52530809413295,3.4171779141104293
2771,0.2796956874718927,0.21250666700484666,732,204.73724322942547,3.49601593625498
2772,0.261110948661506,0.19948834392301715,846,220.8998625676341,3.6460875807609474
2773,0.2804381428087063,0.18869891616359197,848,237.81154510178297,3.6489971346704873
2774,0.4702949872275601,0.330556176141744,944,443.9584679428167,3.700356718192628
2775,0.3409771063137316,0.23897833293729104,774,263.9162802868283,3.74599358974359
2776,0.3519633310113785,0.2518666941353368,771,271.36372820977283,3.747385358004827
2777,0.3625223906629817,0.2559229811351143,749,271.5292706065733,3.671602787456446
2778,0.4061981314137342,0.2993493002904063,795,322.9275144739187,3.6778210116731516
2779,0.5291946873816321,0.3976573431114544,770,407.4799092838567,3.460891505466779
2780,0.5247495290255747,0.3729783725400033,662,347.3841882149304,3.4810379241516967
2781,0.44473045739289935,0.3387579645448322,850,378.02088878396444,3.368653421633554
2782,0.80421579220953,0.5366997495890247,831,668.3033233261194,3.384441087613293
2783,0.8706854595006722,0.5184127276043483,831,723.5396168450586,3.384441087613293
2784,1.2235946458011548,0.9259979643424298,879,1075.5396936592151,3.370820668693009
2785,1.623893890531839,1.2187921990970727,868,1409.5398969816363,3.433743664011586
2786,1.7353432473092656,1.348239418943158,859,1490.6598494386592,3.439238653001464
2787,1.5402745753620009,1.1267844514866745,931,1433.9956296620228,3.457637997432606
2788,1.1918800550537174,0.7558838838576001,1022,1218.1014162648992,3.5639412997903563
2789,1.0982124728636382,0.7007479145118799,1049,1152.0248840339566,3.632453567937439
2790,0.94717212291286,0.6506460705125484,991,938.6475738066442,3.6384574183181573
2791,0.672130335913936,0.5419834222133237,938,630.4582550872719,3.650857142857143
2792,0.7049837304630566,0.5987274813068928,756,532.9677002300708,3.587772925764192
2793,0.707003105902756,0.6000817415935602,756,534.4943480624835,3.587772925764192
2794,0.6548196791275669,0.5728760257613601,817,534.9876778472221,3.552396425670187
2795,0.5819304724819572,0.49098469615764834,944,549.3423660229676,3.6068840579710146
2796,0.5830112923421652,0.35118430444951354,1114,649.474579669172,3.706874189364462
2797,0.860298496172834,0.7061531237315719,955,821.5850638450565,3.6877880184331797
2798,0.8798564217192154,0.756871329900562,929,817.3866157771511,3.6742424242424243
2799,0.8613966056283722,0.7277825940884921,929,800.2374466287578,3.6742424242424243
2800,0.8070959346252009,0.6569787232960785,970,782.8830565864449,3.7084726867335562
2801,0.008596357248886615,0.0065424705749599,653,5.6134212835229595,3.629757785467128
2802,0.08943250824036916,0.0685419389745528,843,75.3916044466312,3.5761689291101058
2803,0.17387199187450833,0.1222630198027082,799,138.92372150773215,3.6328583403185246
2804,0.3546497971269186,0.23657652773093657,818,290.1035340498194,3.9809885931558937
2805,0.39893196548864396,0.2669087613955009,793,316.3530486324947,3.965863453815261
2806,0.40879154159002434,0.3055969128267304,739,302.096949235028,3.6342412451361867
2807,0.41206756070133277,0.3044221048233213,739,304.5179273582849,3.6342412451361867
2808,0.3599206181347749,0.2235830453192722,846,304.49284294201954,3.791376912378303
2809,0.33588492929102204,0.2254446137683493,851,285.83807482665975,3.7919556171983357
2810,0.3085555636702562,0.2061963144069305,919,283.5625630129655,3.702944942381562
2811,0.37239225850056484,0.2644410536617001,887,330.31193329000104,3.620071684587814
2812,0.5559537037799589,0.3281414445487249,887,493.1309352528236,3.620071684587814
2813,0.6556386737905714,0.3835273543803922,834,546.8026539413365,3.657915057915058
2814,0.6574734081762992,0.3973824748803204,834,548.3328224190335,3.657915057915058
2815,0.6142426320633709,0.3452612494762214,883,542.3762441119566,3.7810026385224274
2816,0.7486924795502997,0.5093172637822914,910,681.3101563907727,3.7721518987341773
2817,0.5664553132781608,0.2612184274519348,832,471.29082064742977,3.8336827393431165
2818,0.4972013809632352,0.3423050794617354,873,434.0568055809043,3.877734877734878
2819,0.5342639919080099,0.44005873661699035,754,402.83504989863945,3.7797672336615937
2820,0.552551025261987,0.4085800785958415,735,406.12500356756044,3.79871912168344
2821,0.552551025261987,0.4085800785958415,735,406.12500356756044,3.79871912168344
2822,0.5400050422656909,0.4001987574975947,771,416.3438875868477,3.8137171888230315
2823,0.3913355449002355,0.2995667804943881,794,310.720422650787,3.794308943089431
2824,0.20227656105926192,0.11327180944844215,804,162.63035509164658,3.695451040863531
2825,0.2663598871502343,0.1769919024568689,674,179.5265639392579,3.7055555555555557
2826,0.30899982734307946,0.2107469798422325,726,224.3338746510757,3.6634699215344377
2827,0.394815940464339,0.2732221359968344,792,312.69422484775646,3.579804560260586
2828,0.7949847967106225,0.5492980108260794,761,604.9834302967837,3.5862361937128293
2829,0.7574370136630576,0.4961369236698871,843,638.5194025179576,3.6480117820324005
2830,1.3689496608886522,1.002544847655426,848,1160.869312433577,3.6598540145985403
2831,1.6009926687408498,1.201302862343956,813,1301.6070396863108,3.497749774977498
2832,1.8506406947757643,1.4954414177413704,811,1500.8696034631448,3.5031674208144796
2833,1.9280486361881717,1.5577743874680297,776,1496.1657416820212,3.739018087855297
2834,1.4490847817677384,1.0833069774118955,783,1134.6333841241392,3.751264755480607
2835,1.5774851799263048,1.2110966225432231,733,1156.2966368859813,3.6950980392156865
2836,1.2603057323761944,0.36293767424792456,694,874.6521782690788,3.718907987866532
2837,1.2430952593538755,0.854084086786792,695,863.9512052509435,3.6816786079836232
2838,1.0232697277014071,0.6689409920409526,761,778.7082627807708,3.6462522851919563
2839,0.5394326898564102,0.3391674165540396,674,363.5776329632205,3.5050732807215335
2840,0.6022310851828861,0.4440155497823619,603,363.1453443652803,3.6296758104738154
2841,0.6022310851828861,0.4440155497823619,603,363.1453443652803,3.6296758104738154
2842,0.590689587786987,0.4440155497823619,603,356.1858214355531,3.636138613861386
2843,0.49094816529256646,0.3133082696059631,592,290.64131385319934,3.7421307506053267
2844,0.26064689067639996,0.16586906851286934,726,189.22964263106638,3.5542521994134897
2845,0.3773990882054446,0.2757559487656317,672,253.61218727405878,3.6388028895768834
2846,0.34384210295844875,0.2787051440429968,672,231.06189318807756,3.686939182452642
2847,0.43593901907703553,0.2934367091659736,522,227.56016795821253,3.950338600451467
2848,0.39251345817620276,0.289106157893196,576,226.0877519094928,3.8409343715239155
2849,0.34423498879844505,0.2465778122192226,748,257.4877716212369,3.7005444646098002
2850,0.49301580038556136,0.4045524451120452,667,328.84153885716944,3.6821120689655173
2851,0.979331045083846,0.767178706924457,773,757.022897849813,3.8351822503961963
2852,1.529570851423469,1.1949875914976171,732,1119.6458632419792,3.7460901563937443
2853,1.584532002364717,1.2264603122724431,732,1159.8774257309728,3.7460901563937443
2854,1.5970958307525236,1.2329827396109143,732,1169.0741481108473,3.681774349083896
2855,1.4598309199256607,1.078233536201524,825,1204.3605089386701,3.7393193338160753
2856,1.6662520050184655,1.132407130389894,825,1374.657904140234,3.7393193338160753
2857,1.9868422725279875,1.470300870817951,705,1400.7238021322312,3.65205223880597
2858,1.8700382998696155,1.363908439587437,729,1363.2579206049497,3.6227272727272726
2859,0.8152844733360514,0.6089552023942438,764,622.8773376287432,3.6570702794242167
2860,0.21432898634444036,0.1538111979407417,724,155.17418611337482,3.595903165735568
2861,0.33961961118115724,0.2695907974331499,801,272.03530855610694,3.5111847555923776
2862,0.48047927505455973,0.3754887416818768,758,364.20329049135626,3.46
2863,0.447628800728911,0.33247989717058085,844,377.7987078152009,3.4198717948717947
2864,0.48935400517993066,0.36931006767110797,844,413.0147803718615,3.4198717948717947
2865,0.5515406464831258,0.4164297609037838,844,465.50030563175824,3.4198717948717947
2866,0.5806628805794025,0.4272373023391187,844,490.07947120901576,3.4198717948717947
2867,0.579501208946323,0.423893114235424,844,489.0990203506966,3.4198717948717947
2868,0.573686892011175,0.41188752878473284,844,484.19173685743164,3.4198717948717947
2869,0.5203343733873141,0.3800481052159595,861,448.0078954864775,3.4587706146926536
2870,0.34459301142796867,0.27622353240442593,932,321.1606866508668,3.6441176470588235
2871,0.3106850673536976,0.2500181192590434,853,265.01436245270406,3.652572233967583
2872,0.337405383264576,0.2646127949722211,836,282.0709004091855,3.6550218340611353
2873,0.33712128227626564,0.2559229811351143,825,278.1250578779192,3.631417624521073
2874,0.32985607056681204,0.2160227935491949,825,272.1312582176199,3.631417624521073
2875,0.35001695963766877,0.2509097562518897,771,269.8630758806426,3.747385358004827
2876,0.3177536144448262,0.1954952607566316,886,281.529702398116,3.741267787839586
2877,0.3420531812544673,0.2374107866476662,803,274.66870454733726,3.6504
2878,0.3269672047904301,0.2110625479749568,844,275.96032084312304,3.633883704235463
2879,0.4107290808716591,0.30538936544553624,942,386.9067941811029,3.572289156626506
2880,0.4385172000926406,0.3456583270186896,817,358.2685524756874,3.3165354330708663
2881,0.660577280962849,0.5278531828698528,769,507.98392906043085,3.3447098976109215
2882,0.828204141198369,0.6402720692912911,744,616.1838810515866,3.3698146513680496
2883,0.7644750037230413,0.5947236214762442,831,635.2787280938473,3.384441087613293
2884,1.0406657473270111,0.6527678113211002,1030,1071.8857197468215,3.342368886269888
2885,1.5788319295208173,1.1663666307449534,868,1370.4261148240694,3.433743664011586
2886,1.7089980891705838,1.3191967443219226,859,1468.0293585975314,3.439238653001464
2887,1.7068859580549154,1.313684485468401,859,1466.2150379691723,3.439238653001464
2888,1.2809411527252306,0.8463212767348621,1025,1312.9646815433614,3.5224511357633386
2889,1.1765962275460817,0.7994578264356915,995,1170.7132464083513,3.599242833964305
2890,0.7539929673133179,0.5656916275377016,1012,763.0408829210777,3.6248037676609104
2891,0.5142847493473631,0.3957465128075035,939,482.913379637174,3.634976525821596
2892,0.6287345615768849,0.53472310804763,756,475.32332855212496,3.587772925764192
2893,0.7064495299753638,0.6000817415935602,756,534.0758446613751,3.587772925764192
2894,0.707003105902756,0.6000817415935602,756,534.4943480624835,3.587772925764192
2895,0.580208483719993,0.4485211569703686,969,562.2220207246733,3.705848949460534
2896,0.9114019521848056,0.5555168223446254,1049,956.060647841861,3.7090549233052945
2897,1.2804293917413676,1.053322968865109,807,1033.3065191352837,3.6290189612530916
2898,1.2804293917413676,1.053322968865109,807,1033.3065191352837,3.6290189612530916
2899,1.1321670579389858,0.8549048354594262,886,1003.1000133339414,3.673233695652174
2900,0.9195570150416879,0.5872713931032424,994,914.0396729514378,3.703579418344519
2901,0.03175911980394028,0.0182134730504223,839,26.64590151550589,3.5424739195230996
2902,0.051018215991882124,0.0310361013790017,1013,51.681452799776594,3.6731707317073172
2903,0.06000578185841898,0.0432665137648637,685,41.103960573017005,3.551762114537445
2904,0.22620214921489654,0.1505458078261947,949,214.66583960493682,3.7488505747126437
2905,0.3330050116270517,0.21891545783817756,936,311.6926908829204,3.9874939874939876
2906,0.35857956955435843,0.26329075693439524,762,273.2376320004211,3.5904850746268657
2907,0.34646972335362836,0.2147696054576812,865,299.69631070088855,3.757944557133198
2908,0.22449833158981916,0.1346709451692977,991,222.4778466055108,3.7196361690743713
2909,0.2997924348654126,0.2098512532062146,831,249.12751337315788,3.6799083269671504
2910,0.24966786541449756,0.18855357957150434,836,208.72233548651997,3.6831683168316833
2911,0.2315095885599534,0.1700340087318991,887,205.34900505267868,3.620071684587814
2912,0.37091594198210526,0.2558544081070328,865,320.84228981452105,3.630690161527166
2913,0.5539624978621007,0.3308753155194632,865,479.1775606507171,3.630690161527166
2914,0.6526099389388059,0.3764813832914044,851,555.3710580369238,3.6314606741573034
2915,0.6674223130695685,0.3973824748803204,834,556.6302091000201,3.657915057915058
2916,0.5551555419659916,0.2816423864114731,847,470.2167440451949,3.648301886792453
2917,0.5809771864372186,0.2989387002677341,819,475.82031569208203,3.7091757387247277
2918,0.6473169639065037,0.4231784936852582,853,552.1613702122477,3.7682403433476397
2919,1.1287262014516055,0.8279109203593003,754,851.0595558945105,3.7797672336615937
2920,0.8083910744231856,0.6920541090429626,763,616.8023897848906,3.781882145998241
2921,0.6678414853548035,0.5557541382139387,780,520.9163585767467,3.8173477898248542
2922,0.7232998688058503,0.5100625429712531,780,564.1738976685632,3.8173477898248542
2923,0.937639347954101,0.6788788079779775,636,596.3386252988082,3.656599552572707
2924,0.45787025210792665,0.3319483870090652,906,414.8304484097815,3.774375
2925,0.26014844987523056,0.1614006522073019,780,202.91579090267984,3.6146341463414635
2926,0.24948831531792653,0.1697941547098723,857,213.81148622746304,3.589704769114307
2927,0.5365583433592279,0.3643036790836869,878,471.0982254694021,3.5538684020245843
2928,0.8382056965232151,0.5656900489001015,835,699.9017565968846,3.5625479662317727
2929,0.8171795032411733,0.5299405118084997,893,729.7412963943677,3.6449623029472242
2930,1.2874977237968994,0.9372978213804404,881,1134.2854946650684,3.65625
2931,1.5845129666600095,1.2612615964800316,752,1191.5537509283272,3.528957528957529
2932,1.6774892140810103,1.3915725410447155,735,1232.9545723495426,3.6194251734390486
2933,1.8019352464128215,1.4171199075978187,795,1432.5385208981932,3.7413793103448274
2934,1.8523740313383394,1.4024191721799733,738,1367.0520351276946,3.692607003891051
2935,2.031469067117049,1.4725765711679522,702,1426.0912851161686,3.7213930348258706
2936,2.131463954328403,1.6898069229279833,752,1602.8608936549592,3.6978484565014034
2937,1.583536241146506,1.184805827179127,693,1097.3906151145286,3.6988457502623295
2938,0.9940190973864375,0.448651376433396,825,820.0657553438109,3.8563218390804597
2939,0.4681836117505143,0.300805716816149,777,363.77866633014963,3.759935117599351
2940,0.6022310851828861,0.4440155497823619,603,363.1453443652803,3.6296758104738154
2941,0.6022310851828861,0.4440155497823619,603,363.1453443652803,3.6296758104738154
2942,0.597999587689979,0.4440155497823619,603,360.59375137705734,3.721064814814815
2943,0.5160089586172507,0.3056515943254249,646,333.34178726674395,3.7017167381974247
2944,0.2460301904748922,0.1738774089609761,732,180.09409942762107,3.703601108033241
2945,0.43593901907703553,0.2934367091659736,522,227.56016795821253,3.892459826946848
2946,0.43593901907703553,0.2934367091659736,522,227.56016795821253,3.892459826946848
2947,0.43593901907703553,0.2934367091659736,522,227.56016795821253,3.853816300129366
2948,0.43593901907703553,0.2934367091659736,522,227.56016795821253,3.853816300129366
2949,0.36524537947245633,0.2533494809226916,659,240.69670507234872,3.7580645161290325
2950,0.5237318749778347,0.4194886998069767,634,332.04600873594717,3.8916827852998064
2951,1.1780657027167862,0.9316523130411382,773,910.6447882000758,3.8100242522231205
2952,1.5119736813455258,1.1282824111308016,773,1168.7556556800914,3.6758436944937833
2953,1.5970958307525236,1.2329827396109143,732,1169.0741481108473,3.681774349083896
2954,1.5970958307525236,1.2329827396109143,732,1169.0741481108473,3.681774349083896
2955,1.3065057157837217,0.9444738650354728,924,1207.2112813841588,3.705263157894737
2956,1.663050674077107,1.3268415851920958,981,1631.452711269642,3.7621791513881613
2957,1.8454147092621227,1.5234116615450999,914,1686.7090442655801,3.6899271844660193
2958,1.6458318628605753,1.381431701240608,920,1514.1653138317292,3.6876876876876876
2959,0.8622794513796788,0.7069850251404897,884,762.255035019636,3.620817843866171
2960,3.7325964664463087,6.461990383907338,823,3071.926891885312,3.58169375534645
2961,0.42680094418323516,0.3442353442140567,708,302.1750684817305,3.5528375733855184
2962,0.46540316265061626,0.381536924995687,758,352.77559728916714,3.46
2963,0.49035189545366237,0.3954289556566096,744,364.8218102175248,3.4797047970479706
2964,0.49035189545366237,0.3954289556566096,744,364.8218102175248,3.4797047970479706
2965,0.49035189545366237,0.3954289556566096,744,364.8218102175248,3.4797047970479706
2966,0.4624113715615103,0.3431245260318144,844,390.2751975979147,3.4198717948717947
2967,0.48449408534264227,0.3643204786733485,844,408.91300802919005,3.4198717948717947
2968,0.4539318692676403,0.3347370573589671,844,383.1184976618884,3.4198717948717947
2969,0.40961058518178795,0.298197987395421,894,366.1918631525184,3.671960904092853
2970,0.3442063329191954,0.2644853062407727,961,330.78228593534675,3.765274949083503
2971,0.34441641739414935,0.28420028562085575,832,286.5544592719323,3.6381381381381384
2972,0.3490497603725439,0.2794745861964228,812,283.42840542250565,3.6428015564202334
2973,0.3490497603725439,0.2794745861964228,812,283.42840542250565,3.6428015564202334
2974,0.3386984757089128,0.2659213286080199,825,279.4262424598531,3.631417624521073
2975,0.3304727171162544,0.2181169784213975,825,272.6399916209099,3.631417624521073
2976,0.3637245078019916,0.2559229811351143,770,280.06787100753354,3.644125105663567
2977,0.3376765800664495,0.2218967101405304,801,270.47894063322605,3.6211278792692614
2978,0.44149755342025915,0.349108896160655,816,360.26200359093144,3.6084942084942084
2979,0.5492734450697487,0.37424232278534075,956,525.1054134866798,3.662532299741602
2980,0.5792430182829661,0.4083429134442149,861,498.72823874163385,3.3806857942617214
2981,0.828204141198369,0.6402720692912911,744,616.1838810515866,3.3698146513680496
2982,0.828204141198369,0.6402720692912911,744,616.1838810515866,3.3698146513680496
2983,0.828204141198369,0.6402720692912911,744,616.1838810515866,3.3698146513680496
2984,0.7487748344012315,0.530310321517521,979,733.0505628788056,3.2975958414554905
2985,1.346582080999935,0.8890255793825931,979,1318.3038572989362,3.2975958414554905
2986,1.4412402782484974,1.0103147633663805,953,1373.501985170818,3.4584882280049567
2987,1.3519553027000233,0.9446277485488868,962,1300.5810011974224,3.4635639926515616
2988,0.8461186441324935,0.5658501040395573,962,813.9661356554587,3.4635639926515616
2989,0.8147570425131812,0.5561898195808621,978,796.8323875778912,3.562929061784897
2990,0.6292500184410543,0.46523123883768425,1012,636.801018662347,3.6248037676609104
2991,0.6229375528829374,0.5242299274871489,881,548.8079840898679,3.635890767230169
2992,0.6255725129286037,0.5371939382824946,756,472.93281977402444,3.587772925764192
2993,0.7067775867393963,0.6000817415935602,756,534.3238555749836,3.587772925764192
2994,0.707003105902756,0.6000817415935602,756,534.4943480624835,3.587772925764192
2995,0.7227152393460256,0.6028706977496507,906,654.7800068474992,3.7040557667934095
2996,1.1506061879396283,0.9080245732154038,832,957.3043483657707,3.6681681681681684
2997,1.2804293917413676,1.053322968865109,807,1033.3065191352837,3.6290189612530916
2998,1.2804293917413676,1.053322968865109,807,1033.3065191352837,3.6290189612530916
2999,1.1157769039944068,0.8403309370168702,886,988.5783369390444,3.673233695652174
3000,0.8033055823805973,0.6336187435916287,939,754.3039418553809,3.6393762183235867
3001,0.06202089148364584,0.0451955595687293,639,39.63134965804969,3.67096018735363
3002,0.06726639478075454,0.0477146027006978,592,39.821705710206686,3.7058823529411766
3003,0.06726639478075454,0.0477146027006978,592,39.821705710206686,3.7058823529411766
3004,0.06726639478075454,0.0477146027006978,592,39.821705710206686,3.7058823529411766
3005,0.12145920736420651,0.08532782309829555,864,104.94075516267442,3.7903757415952537
3006,0.23280364836702025,0.1654704667199495,857,199.51272665053637,3.784037558685446
3007,0.24243620651960207,0.1738777354415137,865,209.7073186394558,3.757944557133198
3008,0.22485481974725233,0.15724855721267306,948,213.1623691203952,3.669632265717675
3009,0.2400225508262894,0.1776687398501068,803,192.7381083135104,3.7037037037037037
3010,0.2400225508262894,0.1776687398501068,803,192.7381083135104,3.7037037037037037
3011,0.2400225508262894,0.1776687398501068,803,192.7381083135104,3.7037037037037037
3012,0.23990520482273195,0.18114306182392795,810,194.32321590641288,3.7027450980392156
3013,0.2470764941760928,0.1997828501006183,810,200.13196028263516,3.7027450980392156
3014,0.3550735246345204,0.2726609727394911,862,306.0733782349566,3.6191881918819186
3015,0.5232256988587637,0.29730099358023954,846,442.6489412345141,3.642369020501139
3016,0.5242987297614772,0.3705807475543629,858,449.8483101353474,3.635215453194651
3017,1.3243746344011362,0.8383155570504861,828,1096.5821972841409,3.6926605504587156
3018,1.7949259750896405,1.0839626193853509,845,1516.7124489507462,3.7692867540029114
3019,1.4142218176222465,0.9839602951332096,607,858.4326432967036,3.6543665436654367
3020,1.2237354048366702,1.0253079288929063,768,939.8287909145628,3.7611159546643416
3021,1.3857560998978071,1.0561029321369864,778,1078.1182457204939,3.795360397680199
3022,1.7462630859320316,1.329103140239022,672,1173.4887937463252,3.6363636363636362
3023,0.9971807378164235,0.8111807146537209,791,788.769963612791,3.749010292953286
3024,1.090870814695363,0.8778267564230298,874,953.4210920437473,3.790488431876607
3025,0.6795267273866874,0.41892448039213137,916,622.4464822862057,3.725047080979284
3026,0.4109540411486217,0.31598818290799624,916,376.4339016921375,3.725047080979284
3027,0.8143852825291618,0.6520231111245215,807,657.2089230010336,3.4075743913435526
3028,0.9571545069047228,0.7692567742983814,847,810.7098673483002,3.5488
3029,1.1591903189740256,0.9299466213213904,847,981.8342001709997,3.5488
3030,1.1466219242972842,0.9217659068473731,902,1034.2529757161503,3.635546334716459
3031,1.3985505124897721,1.0949422113412797,895,1251.702708678346,3.650412087912088
3032,1.5792221472331247,1.2954572993525555,795,1255.481607050334,3.6053097345132743
3033,1.5022197298721627,1.2160567115903107,824,1237.829057414662,3.744079449961803
3034,1.6871790221986995,1.1958647641673195,718,1211.3945379386662,3.6946341463414636
3035,1.6936481969247539,1.2734069195732085,745,1261.7679067089416,3.677150786308973
3036,2.1683712894908913,1.5210113662702915,819,1775.8960860930401,3.875086745315753
3037,1.8976140245065576,1.2901396208396925,815,1546.5554299728444,3.878504672897196
3038,1.3948184477054837,1.0422760179773594,800,1115.854758164387,3.866318147871546
3039,1.1354491686005865,0.8275517838357624,781,886.7858006770581,3.7564308681672025
3040,0.5695169484242769,0.4027683801376348,793,451.62694010045163,3.731225296442688
3041,0.5617086739630407,0.4310421224690706,646,362.8638033801243,3.636971046770601
3042,0.45339001638703474,0.3295938464922641,646,292.88995058602444,3.6681175190424375
3043,0.2767665515140827,0.2036972125907701,638,176.57705986598475,3.687912087912088
3044,0.14016096894826455,0.0766862504588739,690,96.71106857430254,3.783553875236295
3045,0.34101026247941757,0.2517454084296242,604,205.97019853756822,3.799778761061947
3046,0.43593901907703553,0.2934367091659736,522,227.56016795821253,3.853816300129366
3047,0.43593901907703553,0.2934367091659736,522,227.56016795821253,3.853816300129366
3048,0.43593901907703553,0.2934367091659736,522,227.56016795821253,3.853816300129366
3049,0.4157777461559252,0.3270413931302932,659,273.9975347167547,3.6728260869565217
3050,0.4894453977675212,0.4145552017678462,694,339.67510605065974,3.8801399825021874
3051,0.9547299514196121,0.7810170842343767,730,696.9528645363168,3.763913824057451
3052,1.2682111779571903,0.9840510433933366,773,980.3272405609081,3.7304347826086954
3053,1.508387146622873,1.1343426458012218,773,1165.983264339481,3.6758436944937833
3054,1.3543776221016746,1.0047813809212667,880,1191.8523074494735,3.6294200848656293
3055,1.6626404397353114,1.401328595355507,924,1536.2797663154277,3.705263157894737
3056,2.0585257266073143,1.7990169344896536,842,1733.2786618033588,3.5867768595041323
3057,2.0585257266073143,1.7990169344896536,842,1733.2786618033588,3.5867768595041323
3058,1.8964614637802035,1.6652136038148113,844,1600.6134754304917,3.5884988797610156
3059,1.2055570512931852,1.0045153705351666,860,1036.7790641121394,3.5509372453137735
3060,6.727094738341917,11.87993205884552,810,5448.946738056952,3.546606334841629
3061,4.082101753586401,7.106128229155615,828,3379.98025196954,3.5447437011294527
3062,0.45243728199441646,0.344978153018102,869,393.1679980531479,3.469684721099434
3063,0.49035189545366237,0.3954289556566096,744,364.8218102175248,3.4797047970479706
3064,0.49035189545366237,0.3954289556566096,744,364.8218102175248,3.4797047970479706
3065,0.49035189545366237,0.3954289556566096,744,364.8218102175248,3.4797047970479706
3066,0.49035189545366237,0.3954289556566096,744,364.8218102175248,3.4797047970479706
3067,0.49035189545366237,0.3954289556566096,744,364.8218102175248,3.4797047970479706
3068,0.46200627596004923,0.3446533933005409,836,386.23724670260117,3.688469318948078
3069,0.5075464822623278,0.36909082580749347,894,453.746555142521,3.671960904092853
3070,0.41277242308402917,0.337087577282278,889,366.9546841217019,3.7985865724381624
3071,0.34441641739414935,0.28420028562085575,832,286.5544592719323,3.6381381381381384
3072,0.3490497603725439,0.2794745861964228,812,283.42840542250565,3.6428015564202334
3073,0.3490497603725439,0.2794745861964228,812,283.42840542250565,3.6428015564202334
3074,0.3490497603725439,0.2794745861964228,812,283.42840542250565,3.6428015564202334
3075,0.3398654626725718,0.27492749925686233,840,285.4869886449603,3.6154422788605696
3076,0.3446850314937955,0.28746985215576526,840,289.5354264547882,3.6154422788605696
3077,0.36426668675321233,0.2991731622501127,884,322.0117510898397,3.5892608089260807
3078,0.552720613390001,0.401525514773482,837,462.62715340743085,3.629395218002813
3079,0.6674872835435034,0.4740977431705868,830,554.0144453411078,3.6531184302733006
3080,0.6071801068485254,0.4168740259244542,860,522.1748918897318,3.402354570637119
3081,0.6569932901574241,0.4822001143384941,980,643.8534243542756,3.5266044980800877
3082,0.7544440018191944,0.58217606851987,938,707.6684737064043,3.464848484848485
3083,0.8152467096776419,0.633858733252268,938,764.7014136776281,3.464848484848485
3084,0.8764622581012881,0.675097588912479,938,822.1215980990082,3.464848484848485
3085,0.9838531249882878,0.4185198664240404,1255,1234.7356718603012,3.5118858954041206
3086,0.8102263531436095,0.3908394867217667,1141,924.4682689368584,3.5653710247349824
3087,0.8268292683615982,0.591236981749394,875,723.4756098163984,3.541233541233541
3088,0.963460504794162,0.7182302865472434,729,702.3627079949441,3.483647175421209
3089,0.9592310096848362,0.7143863204192131,729,699.2794060602456,3.483647175421209
3090,0.6823007108553818,0.5727342265741657,858,585.4140099139175,3.56700288184438
3091,0.707003105902756,0.6000817415935602,756,534.4943480624835,3.587772925764192
3092,0.707003105902756,0.6000817415935602,756,534.4943480624835,3.587772925764192
3093,0.707003105902756,0.6000817415935602,756,534.4943480624835,3.587772925764192
3094,0.6234431044271851,0.51098496288906,895,557.9815784623306,3.688989053444945
3095,1.0602312315211757,0.8321786386886486,923,978.5934266940452,3.6926406926406927
3096,1.2618350921512065,1.0247424442149806,807,1018.3009193660235,3.6290189612530916
3097,1.2804293917413676,1.053322968865109,807,1033.3065191352837,3.6290189612530916
3098,1.2803768268550872,1.053187007765018,807,1033.2640992720553,3.6290189612530916
3099,1.258902475774166,1.0227352968248142,807,1015.9342979497519,3.6290189612530916
3100,0.7489675798627982,0.6197438482687971,942,705.5274602307559,3.63901490602722
3101,0.06726639478075454,0.0477146027006978,592,39.821705710206686,3.7058823529411766
3102,0.06726639478075454,0.0477146027006978,592,39.821705710206686,3.7058823529411766
3103,0.06726639478075454,0.0477146027006978,592,39.821705710206686,3.7058823529411766
3104,0.08509622444070221,0.0553768461670229,863,73.43804169232601,3.849442379182156
3105,0.1126496104473637,0.09667706678296764,848,95.52686965936442,3.663558106169297
3106,0.16812156423279978,0.1197520090133881,828,139.20465518475822,3.7276119402985075
3107,0.2400225508262894,0.1776687398501069,803,192.7381083135104,3.7037037037037037
3108,0.2400225508262894,0.1776687398501068,803,192.7381083135104,3.7037037037037037
3109,0.2400225508262894,0.1776687398501068,803,192.7381083135104,3.7037037037037037
3110,0.2400225508262894,0.1776687398501068,803,192.7381083135104,3.7037037037037037
3111,0.24000047386018303,0.1776124611079372,803,192.72038050972697,3.7037037037037037
3112,0.24006579315166882,0.181587549287934,810,194.45329245285174,3.7027450980392156
3113,0.24591344236203688,0.1997828501006183,810,199.18988831324987,3.7027450980392156
3114,0.26235164362461877,0.20624066919660855,820,215.12834777218737,3.6895752895752896
3115,0.4384191568021661,0.22615079623575216,820,359.5037085777762,3.6895752895752896
3116,0.7077256294445933,0.483531126752634,847,599.4436081395705,3.6826706676669168
3117,1.7570088012988867,1.0944120754827935,911,1600.6350179832857,3.878132118451025
3118,2.6197683024195926,1.9152335825180782,974,2551.6543265566834,3.8563885955649417
3119,1.8564730453647553,1.552643730731027,854,1585.427980741501,3.727526132404181
3120,1.351251466851853,0.9853878359438365,822,1110.728705752223,3.8182437031994554
3121,1.4823474066504934,1.2051427433003044,776,1150.3015875607828,3.587819947043248
3122,1.2764976347447499,0.9299845449384828,817,1042.8985675864606,3.7505486466715436
3123,1.1612025387484521,0.8724320977001989,841,976.5713350874482,3.7409510290986514
3124,1.019733790014858,0.7074176077197982,849,865.7539877226145,3.7459128065395095
3125,1.179818947977291,0.994590042961149,726,856.5485562315132,3.6979806848112378
3126,0.7906561206567334,0.6966128360028297,825,652.2912995418051,3.6520031421838177
3127,1.0059903914651454,0.8270389764299282,854,859.1157943112341,3.6107644305772233
3128,1.267339027857924,1.0381059420287113,816,1034.148646732066,3.597770154373928
3129,0.9945204779417857,0.8014644258469898,865,860.2602134196446,3.5351437699680512
3130,1.5321278473815532,1.1903429932450706,906,1388.1078297276872,3.4823788546255505
3131,1.7106789708992909,1.4130714302033538,848,1450.6557673225986,3.52303961196443
3132,1.356845690568871,1.0866531225834961,888,1204.8789732251576,3.7001312335958003
3133,1.3323089413532012,1.0745229509411285,862,1148.4503074464594,3.7075537075537075
3134,1.6152608789430598,1.3302972809098823,840,1356.8191383121703,3.7427385892116183
3135,1.7814424031060672,1.2835206366654974,871,1551.6363331053844,3.889865260691271
3136,1.9708770142920813,1.4795267910312937,881,1736.3426495913236,3.884593190998269
3137,1.770478272076429,1.43032552685445,811,1435.8578786539838,3.754185692541857
3138,1.575525135409982,1.158120556785493,715,1126.5004718181372,3.7756925826630923
3139,1.575525135409982,1.1581205567854933,715,1126.5004718181372,3.7756925826630923
3140,1.3626663304677171,0.9431441442240688,793,1080.5944000608997,3.731225296442688
3141,0.6331297678148272,0.4927710395118833,793,502.071905877158,3.8073463268365817
3142,0.17435583714844358,0.1266382878061333,563,98.16233631457374,3.818610129564193
3143,0.24154331571968551,0.1266382878061333,313,75.60305782026157,4.225656877897991
3144,0.24154331571968551,0.1266382878061333,313,75.60305782026157,4.225656877897991
3145,0.2437055819458483,0.2030713042651444,604,147.19817149529237,3.799778761061947
3146,0.43593901907703553,0.2934367091659736,522,227.56016795821253,3.914354644149578
3147,0.43593901907703553,0.2934367091659736,522,227.56016795821253,3.853816300129366
3148,0.43593901907703553,0.2934367091659736,522,227.56016795821253,3.853816300129366
3149,0.41214469777228585,0.3328732130779583,659,271.60335583193637,3.6728260869565217
3150,0.5626083859525669,0.41189012556027194,760,427.58237332395083,3.773927392739274
3151,0.5700574842784442,0.4130043133930071,777,442.9346652843511,3.7789142407553107
3152,1.1595932295103408,0.9291585193420238,777,901.0039393295348,3.7630104083266613
3153,1.6431887630197515,1.1854200471980783,912,1498.5881518740134,3.769185360094451
3154,1.7345076310762733,1.3303956039098257,979,1698.0829708236715,3.671516508114158
3155,1.9357086673777122,1.6626076224906585,896,1734.3949659704301,3.60995292535306
3156,2.0585257266073143,1.7990169344896536,842,1733.2786618033588,3.5867768595041323
3157,2.0585257266073143,1.7990169344896536,842,1733.2786618033588,3.5867768595041323
3158,1.841555849552156,1.6206022583804764,844,1554.2731370220197,3.5884988797610156
3159,3.08832951825706,4.738335960026797,860,2655.9633857010713,3.5509372453137735
3160,7.747882083262894,12.03267989459636,704,5454.508986617077,3.604651162790698
3161,7.747882083262894,12.03267989459636,704,5454.508986617077,3.604651162790698
3162,2.6763998346956606,0.6071407281287166,924,2472.99344725879,3.6683107274969173
3163,0.5585449362886828,0.4215765683740053,845,471.97047116393696,3.677139037433155
3164,0.5844317454831847,0.4420244597562084,836,488.58493922394234,3.688469318948078
3165,0.5786579255040785,0.4354520798277326,836,483.75802572140964,3.688469318948078
3166,0.5412941578444564,0.40586623156084056,836,452.5219159579656,3.688469318948078
3167,0.5603161640318414,0.41984216447457867,836,468.4243131306194,3.688469318948078
3168,0.6058771725017404,0.4498711042825112,836,506.513316211455,3.688469318948078
3169,0.5819405545438104,0.4526303753833027,855,497.55917413495797,3.624478442280946
3170,0.5357143676632794,0.4334559005281305,891,477.3215015879819,3.796480938416422
3171,0.3777319852743285,0.3234250162358595,847,319.9389915273562,3.6230825420014607
3172,0.35937611821007076,0.30668692166653677,828,297.5634258779386,3.6203492786636295
3173,0.3671935048768037,0.3221284163856085,828,304.03622203799347,3.6203492786636295
3174,0.37279600231699084,0.32764770679758515,828,308.6750899184684,3.6203492786636295
3175,0.375346985810826,0.32435576817958456,828,310.78730425136393,3.6203492786636295
3176,0.3808560814269405,0.3339042189162627,818,311.54027460723734,3.6245181187355437
3177,0.3617164927619856,0.30641705150274534,862,311.79961676083155,3.5982844889206578
3178,0.46382468667307675,0.3717831411771866,908,421.1528154991537,3.626021370207417
3179,0.5993038417977742,0.4845794731981797,830,497.42218869215253,3.6531184302733006
3180,0.968903775569052,0.6396108914124161,509,493.17202176464747,3.6696329254727473
3181,0.9025567848757071,0.7869627873532183,831,750.0246882317126,3.5762256548018803
3182,1.216381641097043,0.9946813143659794,763,928.0991921570438,3.5314685314685317
3183,1.2153009284261405,0.9946813143659794,763,927.2746083891452,3.5314685314685317
3184,1.0728774932980725,0.781655310891411,966,1036.399658525938,3.5537665324899366
3185,1.5877754411423783,1.1392054490131145,966,1533.7910761435376,3.5537665324899366
3186,0.9784014342011964,0.6508611188524638,1002,980.3582370695988,3.5628169014084508
3187,0.9591214785267516,0.7182302865472434,743,712.6272585453764,3.470363288718929
3188,0.9617732407955861,0.7182302865472434,729,701.1326925399823,3.483647175421209
3189,0.9644115419225904,0.7182302865472434,729,703.0560140615684,3.483647175421209
3190,0.6831868549381244,0.5757090742519756,858,586.1743215369107,3.56700288184438
3191,0.707003105902756,0.6000817415935602,756,534.4943480624835,3.587772925764192
3192,0.707003105902756,0.6000817415935602,756,534.4943480624835,3.587772925764192
3193,0.707003105902756,0.6000817415935602,756,534.4943480624835,3.587772925764192
3194,0.7275543833214734,0.6276304847284503,906,659.1642712892549,3.7040557667934095
3195,1.2408985335506029,1.0056845409777244,832,1032.4275799141017,3.6681681681681684
3196,1.2804293917413676,1.053322968865109,807,1033.3065191352837,3.6290189612530916
3197,1.26516552057378,1.0279351425741374,807,1020.9885751030404,3.6290189612530916
3198,1.0858024155673884,0.8035536487258731,926,1005.4530368154018,3.6417713152676803
3199,1.2343149642849016,1.0019025956091507,807,996.0921761779157,3.6290189612530916
3200,0.674420810930552,0.5740735423326171,929,626.5369333544828,3.6413974950560317
3201,0.0632029863135055,0.0464734435261851,630,39.81788137750846,3.690758293838863
3202,0.06726639478075454,0.0477146027006978,592,39.821705710206686,3.7058823529411766
3203,0.06726639478075454,0.0477146027006978,592,39.821705710206686,3.7058823529411766
3204,0.06103414008036391,0.0409394272270372,773,47.179390282121304,3.8823104693140795
3205,0.07616563844606104,0.0597568820124677,757,57.65738830366821,3.6522522522522523
3206,0.10556702602055973,0.0737033343798632,841,88.78186888329073,3.727601156069364
3207,0.22669853571346438,0.1673221040218356,821,186.11949782075425,3.719178082191781
3208,0.2400225508262894,0.1776687398501068,803,192.7381083135104,3.7037037037037037
3209,0.2400225508262894,0.1776687398501068,803,192.7381083135104,3.7037037037037037
3210,0.2400225508262894,0.1776687398501068,803,192.7381083135104,3.7037037037037037
3211,0.23774576625191565,0.16280001160807717,870,206.83881663916662,3.669314079422383
3212,0.2420397151061619,0.1926961037708153,810,196.05216923599113,3.7027450980392156
3213,0.24018035095488668,0.1833177602081795,810,194.5460842734582,3.7027450980392156
3214,0.2384781350528119,0.1753003775533396,803,191.49794244740795,3.7037037037037037
3215,0.23176299058080613,0.1661650068174854,865,200.4749868523973,3.8898756660746003
3216,0.9128150315199455,0.5656271533526881,897,818.7950832733911,3.8878020713463752
3217,1.7039601590860112,1.0646600509630875,902,1536.972063495582,3.9015063731170336
3218,2.764293982313098,2.110099562902397,847,2341.357003019194,3.6756954612005854
3219,2.018379938069088,1.58346363706172,917,1850.854403209354,3.663854639844257
3220,1.6240745840537754,1.246352193441449,850,1380.4633964457091,3.8005301524188204
3221,1.3735676324728114,1.0277545807148551,862,1184.0152991915634,3.7963446475195823
3222,1.4454361561005553,0.801329443620701,899,1299.4471043343992,3.894263217097863
3223,1.2734162049013975,0.8960407835369696,835,1063.3025310926669,3.683297180043384
3224,1.0578447403407698,0.8040852076536158,770,814.5404500623928,3.7012678288431062
3225,1.4646763329563743,1.1923842498712225,762,1116.0833657127573,3.6535564853556486
3226,1.58704021047548,1.123207500187034,927,1471.1862751107699,3.6975111678366304
3227,1.1663414228703302,0.988197064104216,817,952.9009424850598,3.6349337748344372
3228,1.302981061850057,1.096162029935598,797,1038.4759062944954,3.6106194690265485
3229,1.276907878070626,1.048922815708704,865,1104.5253145310915,3.5351437699680512
3230,2.1391650033251626,1.618473945621067,827,1769.0894577499096,3.5448504983388704
3231,1.889963518781454,1.3647179755428263,848,1602.689063926673,3.52303961196443
3232,1.5212250808066696,1.1737496129047456,888,1350.8478717563225,3.6344086021505375
3233,2.0822833710351345,1.5434349771724512,878,1828.2447997688482,3.664406779661017
3234,2.6589502910071183,2.0959282782473436,842,2238.8361450279936,3.5643939393939394
3235,2.718247858172874,2.0141176682799795,812,2207.2172608363735,3.5873517786561266
3236,2.65630716074313,2.114983738806512,821,2180.8281789701095,3.8049104180491042
3237,1.5526181146341194,1.192418840826059,862,1338.356814814611,3.7797157622739017
3238,1.4020419926349974,1.1024136597936984,744,1043.119242520438,3.765377855887522
3239,1.3869048644265605,1.0857610536396702,744,1031.857219133361,3.8281381634372367
3240,1.2061857530817626,0.9392986048652732,759,915.4949865890578,3.81869918699187
3241,0.5764363770111486,0.4620657251072835,759,437.5152101514618,3.81869918699187
3242,0.24154331571968551,0.1266382878061333,313,75.60305782026157,4.225656877897991
3243,0.24154331571968551,0.1266382878061333,313,75.60305782026157,4.225656877897991
3244,0.24154331571968551,0.1266382878061333,313,75.60305782026157,4.225656877897991
3245,0.1303787751361833,0.1240167000865812,604,78.7487801822547,3.7545871559633026
3246,0.3001553401147681,0.2107671843887364,693,208.00765069953428,3.8756855575868374
3247,0.36317760472636557,0.2840717323830984,662,240.42357432885402,3.8625877632898695
3248,0.36317760472636557,0.2840717323830984,662,240.42357432885402,3.8625877632898695
3249,0.4012874537963392,0.3133758684186198,721,289.32825418716055,3.8143767060964513
3250,0.3773769432324745,0.2252972527814005,951,358.88547301408323,3.9499754781755763
3251,0.603951884323146,0.4222173171877035,958,578.5859051815738,3.892549417131272
3252,1.1077137331954687,0.8218727911925272,1023,1133.1911490589646,3.904993371630579
3253,1.9399477878108986,1.0835000700574873,1107,2147.522201106665,3.8761341222879686
3254,1.9966812793219106,1.012999527280823,1119,2234.286351561218,3.8489892984542213
3255,2.5049568994521363,1.883629596838808,875,2191.8372870206194,3.5701001430615165
3256,2.2222408366670017,1.8309292255459493,893,1984.4610671436324,3.5724137931034483
3257,1.9800599417404268,1.7326548105653803,866,1714.7319095472096,3.5814121037463975
3258,2.794379911424642,2.106035836912424,942,2632.305876562013,3.595364238410596
3259,5.753114676949073,0.8812247526064059,885,5091.506489099929,3.539177657098526
3260,7.747882083262894,12.03267989459636,704,5454.508986617077,3.604651162790698
3261,7.747882083262894,12.03267989459636,704,5454.508986617077,3.604651162790698
3262,4.618810380717863,8.176286650654912,851,3930.607633990902,3.68937125748503
3263,0.5962026759713129,0.4324394610680634,853,508.56088260352993,3.5701198026779424
3264,0.6219182326193564,0.4649546112539228,840,522.4113154002594,3.5827956989247314
3265,0.5749438835400781,0.4136240692647638,885,508.82533693296915,3.6377264209868834
3266,0.5601472897122364,0.4162470742214932,885,495.7303513953292,3.6377264209868834
3267,0.42400731618989324,0.20772553613258485,1182,501.1766477364538,3.6099498327759196
3268,0.5085926175596464,0.28812548411354355,1076,547.2456564941795,3.6546697038724374
3269,0.6779701004907993,0.5483950102161329,863,585.0881967235598,3.628065395095368
3270,0.5627277643510787,0.4531945572314565,896,504.20407685856657,3.79233409610984
3271,0.4434781008599412,0.3692316265082253,837,371.1911704197708,3.6220588235294118
3272,0.37372288560205924,0.3300964136831462,842,314.6746696769339,3.6230825420014607
3273,0.3541494383921915,0.3103526138549543,842,298.19382712622524,3.6230825420014607
3274,0.36791571737096546,0.3221284163856085,828,304.6342139831594,3.6203492786636295
3275,0.3808560814269405,0.3339042189162627,818,311.54027460723734,3.6245181187355437
3276,0.3808560814269405,0.3339042189162627,818,311.54027460723734,3.6245181187355437
3277,0.3808560814269405,0.3339042189162627,818,311.54027460723734,3.6245181187355437
3278,0.3961963642236173,0.35130752786049513,850,336.7669095900747,3.6279401282965074
3279,0.5963159298351532,0.4369978762737568,965,575.4448722909228,3.7225838758137204
3280,0.6890832719680856,0.544374815373073,809,557.4683670221813,3.634703196347032
3281,0.8020326107963937,0.6321957640882241,972,779.5756976940946,3.6464952092788705
3282,1.216381641097043,0.9946813143659794,763,928.0991921570438,3.5314685314685317
3283,1.0166189784055615,0.7267456930532092,932,947.4888878739833,3.5726043503821283
3284,1.5124615942902144,1.1186197207491273,986,1491.2871319701514,3.5535714285714284
3285,2.618063743433421,1.854921282897637,800,2094.450994746737,3.536723163841808
3286,1.6890915412160032,1.2121924720563195,909,1535.384210965347,3.5375415282392026
3287,0.9684284925930756,0.720265570789841,743,719.5423699966552,3.470363288718929
3288,0.964374522859818,0.7182302865472434,729,703.0290271648073,3.483647175421209
3289,0.9652329102267292,0.7182302865472434,729,703.6547915552856,3.483647175421209
3290,0.729300812410696,0.5853843322326591,858,625.7400970483772,3.56700288184438
3291,0.707003105902756,0.6000817415935602,756,534.4943480624835,3.587772925764192
3292,0.707003105902756,0.6000817415935602,756,534.4943480624835,3.587772925764192
3293,0.621506085016319,0.5024261253292497,865,537.6027635391159,3.710649698593436
3294,1.002941676689274,0.7949873638513316,906,908.6651590804823,3.7040557667934095
3295,1.2804293917413676,1.053322968865109,807,1033.3065191352837,3.6290189612530916
3296,1.2804293917413676,1.053322968865109,807,1033.3065191352837,3.6290189612530916
3297,1.239872359447628,1.0036691847794594,807,1000.5769940742358,3.6290189612530916
3298,0.9792344430804271,0.7278673313355153,926,906.7710942924755,3.6417713152676803
3299,0.8212352734018181,0.6545785024709609,939,771.1399217243072,3.6393762183235867
3300,0.6794661943799017,0.57751208306579,939,638.0187565227277,3.6393762183235867
3301,0.06046368605347631,0.044443027658659706,630,38.092122213690075,3.690758293838863
3302,0.06281695918703326,0.0451955595687293,630,39.57468428783095,3.690758293838863
3303,0.06726639478075454,0.0477146027006978,592,39.821705710206686,3.7058823529411766
3304,0.06726639478075454,0.0477146027006978,592,39.821705710206686,3.7058823529411766
3305,0.06726639478075454,0.0477146027006978,592,39.821705710206686,3.7058823529411766
3306,0.06521417861774793,0.0479978771596598,654,42.650072816007146,3.568421052631579
3307,0.14531566407370838,0.104772947154759,828,120.32136985303053,3.7276119402985075
3308,0.2400225508262894,0.1776687398501068,803,192.7381083135104,3.7037037037037037
3309,0.22808412318407562,0.1616599849023419,845,192.7310840905439,3.724756918474196
3310,0.22571535149969377,0.1621073735463686,849,191.63233342324,3.7257824143070044
3311,0.15724163251315845,0.1162637836377994,923,145.13402680964526,3.7527812113720644
3312,0.15998221320643433,0.1155145773720892,849,135.82489901226273,3.7257824143070044
3313,0.2107851039885342,0.152680744077675,865,182.32911495008207,3.8898756660746003
3314,0.29175160790231147,0.1973101135139095,874,254.99090530662022,3.8944900351699885
3315,0.4266643855323153,0.30604305540138266,874,372.90467295524354,3.8944900351699885
3316,0.5890771517459731,0.4600894265528146,754,444.1641724164637,3.797169811320755
3317,0.7861637713110954,0.6354244783724681,766,602.2014488242991,3.804916732751784
3318,1.82341623036115,1.317554651252852,746,1360.268507849418,3.807599029911075
3319,1.658563326112936,1.193601685356578,835,1384.9003773043016,3.7597765363128492
3320,1.6793948613625334,1.2746516673423471,791,1328.4013353377638,3.7863372093023258
3321,1.5522497724304005,1.0499972990732607,856,1328.7258052004229,3.7666009204470745
3322,2.180662893305574,1.099266505079365,928,2023.6551649875723,3.8254957507082152
3323,2.7217119893532624,1.8685658280738942,784,2133.822199652958,3.702830188679245
3324,1.7715972312807804,1.1676087283856922,850,1505.8576465886633,3.655539772727273
3325,2.2917915352705873,1.69867146998932,838,1920.521306556752,3.6315789473684212
3326,2.23910808162958,1.2176441439940022,959,2147.304650282767,3.7728035814213765
3327,1.447689595249962,1.3028695047270018,882,1276.8622230104666,3.6947873799725652
3328,1.2192564566660502,0.9998104314402991,852,1038.8065010794749,3.7197132616487454
3329,1.3001215222571103,1.0665325231589893,861,1119.404630663372,3.5300813008130083
3330,1.8778084792859715,1.4100419132603839,842,1581.114739558788,3.531635168447001
3331,1.96635406136012,1.4762578756739781,816,1604.544914069858,3.530150753768844
3332,1.9671236560899459,1.3396093367739068,790,1554.0276883110573,3.5357142857142856
3333,2.472100977944955,1.8131952832708205,866,2140.839446900331,3.6839557399723373
3334,3.297527420035561,2.6212115444372657,763,2516.013421487133,3.6296296296296298
3335,2.9643086012340367,2.353587257251593,812,2407.018584202038,3.5873517786561266
3336,2.874721832459329,2.2227806993512385,896,2575.750761883559,3.777977259126272
3337,2.4022009361525756,1.8385951033405987,879,2111.534622878114,3.797038864898211
3338,1.3202941972996778,0.9487179127884497,700,924.2059381097745,3.7914777878513144
3339,1.3202941972996778,0.9487179127884497,700,924.2059381097745,3.7914777878513144
3340,1.2867030297298825,0.909114858185287,700,900.6921208109177,3.8780903665814153
3341,0.5442662048465823,0.4087112611085836,720,391.8716674895393,3.8421052631578947
3342,0.24154331571968551,0.1266382878061333,313,75.60305782026157,4.225656877897991
3343,0.24154331571968551,0.1266382878061333,313,75.60305782026157,4.225656877897991
3344,0.24154331571968551,0.1266382878061333,313,75.60305782026157,4.225656877897991
3345,0.15850517468905956,0.1225867479241223,589,93.35954789185608,3.74299634591961
3346,0.7969976978541286,0.6399646788118625,693,552.3194046129111,3.807984790874525
3347,1.2057641016722196,0.7543237143236494,523,630.6146251745708,3.973170731707317
3348,1.2057641016722196,0.7543237143236494,523,630.6146251745708,3.973170731707317
3349,0.771984448054505,0.5528261515494625,713,550.424911462862,3.7524084778420037
3350,1.200058298573799,0.966204779698671,975,1170.0568411094541,3.923939541686982
3351,1.0886950128308595,0.8121106009177685,1005,1094.1384878950137,3.932932469935245
3352,2.001958752611354,1.4110721380207734,1023,2048.003803921415,3.8680203045685277
3353,2.556515085511304,1.7753624668706205,933,2385.2285747820465,3.837867247007617
3354,1.9386357351004073,1.3059769657402107,1043,2021.9970717097249,3.8042572882924572
3355,1.5605805416748908,0.9404387196944519,824,1285.91836634011,3.606506584043377
3356,1.1750058775188374,0.9017918597183976,844,991.7049606258988,3.605654761904762
3357,1.1299643998565492,0.675422068043422,1077,1216.9716586455036,3.6589541878759833
3358,4.992920867329315,0.7674747216940935,1139,5686.93686788809,3.651082251082251
3359,7.175812005096834,11.892765012101057,801,5747.825416082564,3.4409368635437882
3360,7.391066434136468,12.03267989459636,745,5506.3444934316685,3.5196408529741863
3361,7.375274325181496,12.003968672535056,745,5494.579372260215,3.5196408529741863
3362,4.458188475264486,0.8550320156905014,901,4016.827816213302,3.6114519427402865
3363,1.1198409288452866,0.8780541708122753,790,884.6743337877764,3.626543209876543
3364,1.195996450101794,0.9742033108257062,771,922.1132630284832,3.645669291338583
3365,1.195996450101794,0.9742033108257062,771,922.1132630284832,3.645669291338583
3366,1.195996450101794,0.9742033108257062,771,922.1132630284832,3.645669291338583
3367,1.28639690348779,0.5040572652360935,1283,1650.4472271748346,3.7638483965014577
3368,1.0179850497313154,0.5162044246885019,1174,1195.1144483845642,3.7357552581261952
3369,0.8210137507069053,0.600594344695303,981,805.414489443474,3.683314415437003
3370,0.5670079404756575,0.3842199696607054,1061,601.5954248446726,3.7747952684258417
3371,0.47344129398191165,0.3647822465747942,832,393.9031565929505,3.6271312083024463
3372,0.47042663900519116,0.3692316265082253,832,391.39496365231906,3.6271312083024463
3373,0.4471054203469074,0.3882193736689125,899,401.94777289186976,3.592149035262808
3374,0.37817348519458976,0.3339042189162627,818,309.34591088917443,3.6245181187355437
3375,0.3808560814269405,0.3339042189162627,818,311.54027460723734,3.6245181187355437
3376,0.3808560814269405,0.3339042189162627,818,311.54027460723734,3.6245181187355437
3377,0.3808560814269405,0.3339042189162627,818,311.54027460723734,3.6245181187355437
3378,0.3808560814269405,0.3339042189162627,818,311.54027460723734,3.6245181187355437
3379,1.0914461695171185,0.8900826705939826,935,1020.5021684985059,3.6917252568956194
3380,1.6074414263920445,1.4853837478070997,779,1252.1968711594027,3.579710144927536
3381,1.257932701895655,1.0194728442147003,946,1190.0043359932897,3.6114409066378843
3382,1.0836578318891639,0.9505402953826588,963,1043.562492109265,3.610169491525424
3383,1.282891316439472,0.8587094292816393,982,1259.7992727435615,3.6673286991062564
3384,1.921909393355747,1.460566464647847,843,1620.1696185988947,3.4920754716981133
3385,2.6184339032809514,1.854921282897637,800,2094.7471226247612,3.536723163841808
3386,2.2092345168514336,1.4975097278811462,909,2008.194175817953,3.5375415282392026
3387,0.8553614219743563,0.6108503671840293,916,783.5110625285104,3.5412303664921465
3388,0.950098058256199,0.7143863204192131,741,704.0226611678435,3.4646660212971927
3389,0.950098058256199,0.7143863204192131,741,704.0226611678435,3.4646660212971927
3390,0.6472801572892123,0.4223619619305653,987,638.8655152444526,3.634356488960689
3391,0.45502972659890956,0.3902558818698757,901,409.9817836656175,3.642857142857143
3392,0.45502972659890956,0.3902558818698757,901,409.9817836656175,3.642857142857143
3393,0.5367652929767338,0.3956788690545052,1026,550.7211905941289,3.7341834232466895
3394,1.234966660364977,0.9990380635786332,835,1031.1971614047557,3.6701492537313434
3395,1.2804293917413676,1.053322968865109,807,1033.3065191352837,3.6290189612530916
3396,1.2804293917413676,1.053322968865109,807,1033.3065191352837,3.6290189612530916
3397,1.1153216677515483,0.8191183222508256,926,1032.7878643379338,3.6417713152676803
3398,0.6944437269308823,0.5907083027002922,939,652.0826595880985,3.6393762183235867
3399,0.47153964112389307,0.3931900479181106,873,411.65410670115864,3.502815768302494
3400,0.4086072407925704,0.3306680385615288,939,383.68219910422357,3.6393762183235867
3401,0.06716046313046235,0.0477146027006978,554,37.20689657427614,3.801778907242694
3402,0.05983415827420433,0.0433858114582371,630,37.69551971274873,3.690758293838863
3403,0.06206284763196359,0.0451955595687293,630,39.09959400813706,3.690758293838863
3404,0.06309269781739431,0.0457809837265955,630,39.74839962495842,3.690758293838863
3405,0.06726639478075454,0.0477146027006978,592,39.821705710206686,3.7058823529411766
3406,0.06726639478075454,0.0477146027006978,592,39.821705710206686,3.7058823529411766
3407,0.07085814950627695,0.05032775962177545,828,58.67054779119731,3.7276119402985075
3408,0.20272738416630848,0.13772393628481622,862,174.7510051513579,3.744665718349929
3409,0.25872733056203207,0.1675791627830167,941,243.46241805887217,3.7934272300469485
3410,0.2528601737028669,0.1880602447802327,726,183.5764861082814,3.5821389195148843
3411,0.20421265090902893,0.1545091124327971,749,152.95527553086268,3.5472103004291844
3412,0.19709125147605636,0.1471415056228652,722,142.2998835657127,3.5300794551645858
3413,0.3889419203510658,0.3035516465191225,812,315.82083932506544,3.799259259259259
3414,0.5441423589080175,0.4501133157304624,769,418.44547400026545,3.7803557617942767
3415,0.6084300337651598,0.4860739584099196,732,445.370784716097,3.8337408312958434
3416,0.6085403381395259,0.4860739584099196,732,445.45152751813293,3.8337408312958434
3417,0.7565773142117137,0.6142075013364906,766,579.5382226861727,3.804916732751784
3418,1.82341623036115,1.317554651252852,746,1360.268507849418,3.807599029911075
3419,1.168943122396691,0.8212472067700274,868,1014.6426302403278,3.780248528449967
3420,0.8390157731593456,0.6316242974180095,834,699.7391548148943,3.7947332883187035
3421,1.0817508360240058,0.8123771899822929,874,945.4502306849811,3.7967171717171717
3422,2.5061603688431853,1.193922273827729,873,2187.878002000101,3.893939393939394
3423,2.8313931481818684,1.9032501213518096,789,2233.969193915494,3.735658914728682
3424,2.2690332522647294,1.5863439296584576,796,1806.1504688027246,3.675213675213675
3425,1.9274879403131306,1.4089062089337943,818,1576.6851351761409,3.6393072289156625
3426,2.0259937541886326,1.5014428450200223,933,1890.2521726579944,3.782734646581692
3427,2.551546480088947,2.0081028029603702,809,2064.201102391958,3.7400306748466257
3428,1.808066154195759,1.546532589350771,912,1648.9563326265322,3.7170568561872908
3429,1.8802553787905485,1.4470295286286783,916,1722.3139269721423,3.7073007367716007
3430,0.9116445793222433,0.6399410018200928,842,767.6047357893289,3.531635168447001
3431,1.8314229811388927,1.4328041687945698,829,1518.249651364142,3.5236907730673317
3432,3.8907703443291632,3.163225303044921,764,2972.5485430674808,3.5990950226244345
3433,2.910537191905203,2.2290799724265153,888,2584.55702641182,3.6741573033707864
3434,3.297527420035561,2.6212115444372657,763,2516.013421487133,3.6296296296296298
3435,3.0975242151370335,2.400689209444562,816,2527.5797595518193,3.629222309505106
3436,3.2497285398716453,2.214709572381425,965,3135.9880409761377,3.793577981651376
3437,2.9604475353575737,2.0894416982009947,947,2803.543815983622,3.8133821223209616
3438,2.038301487398574,1.6879872141521404,773,1575.607049759098,3.7914995990376905
3439,1.3061915100179002,0.9196546451742836,700,914.3340570125301,3.7914777878513144
3440,1.2607091951924319,0.9089867220063295,720,907.710620538551,3.818877551020408
3441,0.44243684608006817,0.3421760269751039,720,318.5545291776491,3.8421052631578947
3442,0.24154331571968551,0.1266382878061333,313,75.60305782026157,4.225656877897991
3443,0.24154331571968551,0.1266382878061333,313,75.60305782026157,4.225656877897991
3444,0.1207267253688341,0.0080850252048325,639,77.14437751068499,3.6237402015677493
3445,0.35884432777268765,0.2840952241823006,700,251.19102944088135,3.605839416058394
3446,1.0747548663331299,0.7543237143236494,587,630.8811065375472,3.9087947882736156
3447,1.2057641016722196,0.7543237143236494,523,630.6146251745708,3.973170731707317
3448,1.0157108060303306,0.7543237143236494,629,638.882096993078,3.7532894736842106
3449,1.0805975121339415,0.861778760147917,783,846.1078520008763,3.7020890099909174
3450,1.0545814481418616,0.6952741787179237,1000,1054.5814481418615,3.9816882536846805
3451,1.7478705507425165,1.212847849360742,1000,1747.8705507425166,3.9816882536846805
3452,2.1008804935746515,1.475421237760864,999,2098.7796130810766,3.866987951807229
3453,2.7074752088123497,1.884926956493908,959,2596.4687252510435,3.8350132625994693
3454,2.6280209268541888,2.3184623851994908,998,2622.7648850004803,3.808626673277144
3455,1.374645508228604,0.9176782136799204,960,1319.6596878994599,3.79126213592233
3456,0.7704240636523267,0.5076194121303015,677,521.5770910926252,3.4469783352337515
3457,0.9391192902689124,0.7128868353706693,490,460.16845223176705,3.7025862068965516
3458,4.883597450039499,2.848984214521386,1026,5010.570983740526,3.5966340933767644
3459,5.435559383219472,0.954726016687655,1062,5772.564064979079,3.656280428432327
3460,5.446121679517568,0.6998740428488432,1016,5533.2596263898495,3.66156202143951
3461,7.712617066822975,12.03267989459636,729,5622.497841713949,3.571593533487298
3462,4.760071029719719,1.2627969907153511,938,4464.946625877096,3.585858585858586
3463,1.7897511531770036,1.2760673735305303,826,1478.334452524205,3.5961538461538463
3464,1.3971962471003638,1.037033996915496,826,1154.0841001049005,3.5961538461538463
3465,1.181055521790742,0.9173414897785824,815,962.5602502594547,3.6067669172932333
3466,1.2744402652893385,0.9519121330663982,1019,1298.654630329836,3.706961429915334
3467,1.26900008653996,0.6717784837377568,1155,1465.6950999536539,3.755938697318008
3468,0.7435252664453876,0.4992745144109067,1053,782.9321055669932,3.6090302719343255
3469,1.0163808331278144,0.6709872555478886,1112,1130.2154864381296,3.7114606741573035
3470,1.663160550796958,0.9660399423275492,1176,1955.8768077372226,3.7798235519754506
3471,1.3189779770846932,0.958599602910158,1127,1486.4881801744493,3.6920691182986265
3472,0.9666654529329928,0.4512998644523383,1311,1267.2984087951536,3.7672327672327675
3473,0.4019284757860762,0.3517134407758204,947,380.62626656941416,3.6154741128563117
3474,0.3761478189108674,0.3221284163856085,829,311.8265418771091,3.604881769641495
3475,0.3808560814269405,0.3339042189162627,818,311.54027460723734,3.6245181187355437
3476,0.3808560814269405,0.3339042189162627,818,311.54027460723734,3.6245181187355437
3477,0.3808560814269405,0.3339042189162627,818,311.54027460723734,3.6245181187355437
3478,0.3808560814269405,0.3339042189162627,818,311.54027460723734,3.6245181187355437
3479,1.1001627387102042,0.9126022339628522,927,1019.8508587843593,3.694915254237288
3480,1.6281780489189872,1.5246476923104495,768,1250.4407415697822,3.5855457227138645
3481,1.6275407327230276,1.523261123362866,768,1249.9512827312851,3.5855457227138645
3482,1.4490408376787265,1.3297302243541758,819,1186.764446058877,3.5536451169188448
3483,1.745702699318936,1.400968556789869,850,1483.8472944210955,3.6316781898177246
3484,1.7250945820196186,1.3308661009503688,866,1493.9319080289897,3.474725274725275
3485,1.5880965490833854,1.1106372245929301,936,1486.4583699420486,3.6351118760757317
3486,1.5448572949810193,1.106929638831892,957,1478.4284312968355,3.6379406827084497
3487,0.7189027059647821,0.5342114619976878,1028,739.031981731796,3.6548804780876494
3488,0.7726801306077659,0.5172469898933982,932,720.1378817264377,3.6702488687782804
3489,0.8074691545551212,0.5397773030693761,904,729.9521157178297,3.5574935400516794
3490,0.3968535708979739,0.30803572636645216,904,358.7556280917684,3.5574935400516794
3491,0.33542599397605916,0.2426495864258265,701,235.13362177721746,3.6355371900826445
3492,0.33542599397605916,0.2426495864258265,701,235.13362177721746,3.6355371900826445
3493,0.25625616874178203,0.193259729277844,939,240.62454244853333,3.6858147713950764
3494,0.848414104853635,0.6333485763963991,939,796.6608444575633,3.6858147713950764
3495,1.2540084737105988,1.0195265013489256,824,1033.3029823375334,3.609951845906902
3496,1.1918013800751253,0.8996794780702488,941,1121.4850986506929,3.7895953757225436
3497,0.9859424831102465,0.7344200894791519,952,938.6172439209546,3.7853075170842825
3498,0.8179361556945869,0.4813656462025348,886,724.691433945404,3.7157394843962006
3499,0.7429206551007396,0.44592250750359114,856,635.9400807662331,3.7074235807860263
3500,0.4496613020021289,0.3440655209786013,856,384.91007451382234,3.7074235807860263
3501,0.06625983128482875,0.0477146027006978,554,36.70794653179513,3.801778907242694
3502,0.06754907163105849,0.0477146027006978,554,37.4221856836064,3.801778907242694
3503,0.06754907163105849,0.0477146027006978,554,37.4221856836064,3.801778907242694
3504,0.06783548403232233,0.0423389678701047,1052,71.36292920200309,3.69254820218864
3505,0.06277386493616428,0.0451955595687293,630,39.5475349097835,3.690758293838863
3506,0.06315117045723885,0.0461481113409517,630,39.78523738806048,3.690758293838863
3507,0.06181647246483113,0.0451955595687293,666,41.16977066157753,3.7025246981339186
3508,0.1545769266920595,0.1113020694365608,785,121.34288745326671,3.6582867783985105
3509,0.1980242471898803,0.1483033911672722,731,144.75572469580248,3.5249433106575965
3510,0.1868213333080521,0.1360858789090106,749,139.92917864773102,3.5472103004291844
3511,0.18990891118927278,0.1379228899255364,755,143.38122794790095,3.5361702127659576
3512,0.21121419681393153,0.1628344297251868,749,158.19943341363472,3.491785323110624
3513,0.2600902013866664,0.1404284934818295,837,217.69549856063975,3.795815295815296
3514,0.4806374043278856,0.373401300272274,821,394.6033089531941,3.821693907875186
3515,0.49128864088301616,0.3626434304615034,799,392.5396240655299,3.8502673796791442
3516,0.5440477672119982,0.420481224470177,799,434.69416600238657,3.8502673796791442
3517,0.5996728837788705,0.4742736323607255,766,459.34942897461485,3.804916732751784
3518,0.9556341855386985,0.7165840953342302,801,765.4629826164975,3.815712187958884
3519,0.5759476562065292,0.4586878983516912,787,453.2708054345385,3.8110119047619047
3520,0.5235268292309643,0.4205009883060434,730,382.1745853386039,3.8465732087227416
3521,0.4932818672188833,0.38417375812691223,780,384.759856430729,3.846264367816092
3522,1.7378649210925912,0.6446898414272428,954,1657.923134722332,3.9364386220281418
3523,2.2815297689460015,0.8989109801889239,900,2053.3767920514015,3.8225806451612905
3524,1.9151632035537223,1.2280804947097927,849,1625.9735598171103,3.6962025316455698
3525,1.87014465461046,1.1545317968615425,893,1670.0391765671409,3.7736650485436893
3526,1.9249543474658575,1.1035407953170044,958,1844.1062648722914,3.8170930865541646
3527,2.218708498805056,1.5144909574450716,873,1936.9325194568137,3.7458448753462603
3528,2.5456710088952343,2.0319352755723794,856,2179.0943836143206,3.7393193338160753
3529,2.477335354786053,2.018083888370926,862,2135.4630758255776,3.7246376811594204
3530,0.8228903849550571,0.5598919345762086,862,709.3315118312591,3.7246376811594204
3531,0.9796798481319599,0.7267078060954786,787,771.0080404798524,3.5867256637168143
3532,3.331665199461077,2.1699413387506468,857,2855.237075938143,3.644536652835408
3533,4.167342993289302,3.1943294771230004,967,4029.820674510755,3.7130528586839264
3534,4.587478419986886,3.8107822059202494,883,4050.7434448484205,3.670505438259757
3535,3.4496257538569495,2.2997952036145435,1049,3618.65741579594,3.7177163570457634
3536,3.5479893914039593,2.696236803578397,945,3352.8499748767417,3.7150776053215075
3537,3.0227720144461254,2.1764075271527856,986,2980.45320624388,3.8335704125177807
3538,2.0040212328856684,1.7133825591470777,892,1787.5869397340161,3.7888422315536894
3539,1.4887098174732554,1.2814487343114616,732,1089.735586390423,3.796232876712329
3540,0.9707592795325741,0.8436661023272526,755,732.9232560470934,3.84572342126299
3541,0.21070434187419018,0.1551196456343473,693,146.0181089188138,3.8584745762711865
3542,0.23097057431618348,0.1864358725657028,639,147.59019698804124,3.6237402015677493
3543,0.5101373942796185,0.4263428652192227,686,349.95425247581824,3.679112008072654
3544,0.931007637644563,0.8084255737576035,686,638.6712394241702,3.679112008072654
3545,1.1931961180832997,0.9917583519783157,710,847.1692438391428,3.6374871266735322
3546,1.0938159425233105,0.8676709577165438,710,776.6093191915504,3.7886255924170618
3547,1.9866272626768593,1.6300023823797944,840,1668.766900648562,3.8652777777777776
3548,3.112533594679781,2.7030237765941187,790,2458.901539797027,3.8703416149068324
3549,3.016847402622597,2.403113497219097,904,2727.2300519708274,3.875894988066826
3550,2.0395743118801626,1.3206080307031578,1018,2076.2866494940054,3.932852636322668
3551,2.1104635814094386,1.4044078459566234,1045,2205.434442572863,3.9368556701030926
3552,1.9814233366924734,1.4921473071353073,985,1951.7019866420862,3.8144654088050314
3553,2.500677652544055,1.7594202431660717,1023,2558.193238552568,3.7813425468904245
3554,2.9372516788214553,2.3716398702572,1017,2987.18495736142,3.782694198623402
3555,2.635556744024092,1.9698602390260667,912,2403.627750549972,3.8180778032036615
3556,1.2094260753610468,0.3770335116392156,839,1014.7084772279184,3.4293695131683957
3557,0.20799217153402702,0.1769281484719244,808,168.05767459949382,3.3631669535283994
3558,4.849168630399748,3.587282830345255,1065,5164.364591375732,3.618664140217906
3559,5.579505129923375,3.287213730081695,1154,6438.748919931575,3.6110874200426437
3560,5.170515743097754,0.8432617117177312,1106,5718.590411866116,3.617305976806423
3561,7.90874612898032,12.03267989459636,711,5623.118497705007,3.6104513064133017
3562,4.680479059739888,1.3927082923582768,958,4483.898939230812,3.599269183922046
3563,2.326687402808972,1.596917493381197,807,1877.6367340668405,3.637444279346211
3564,2.026519587417353,1.4101467918493933,888,1799.5493936266096,3.576540755467197
3565,1.4610350168816786,0.8271483653481964,988,1443.5025966790984,3.717092337917485
3566,1.6043486495430512,1.0841937631615814,1034,1658.896503627515,3.7410004675081816
3567,0.9657126391888349,0.8056357442930118,935,902.9413176415607,3.6202759448110378
3568,0.9115977690604112,0.6012273850810481,1096,999.1111548902107,3.84
3569,2.1846511184145827,1.8508700085968717,955,2086.3418180859267,3.7270210409745292
3570,2.3042421455651665,1.9378667942983925,970,2235.1148811982116,3.6615384615384614
3571,2.1621617822728725,1.7812624635906733,1012,2188.107723660147,3.578623391158366
3572,1.3865929844005505,0.9530756592940892,1196,1658.3652093430583,3.7440592130892094
3573,0.7411115344897575,0.4863568921642711,1230,911.5671874224017,3.7063965037743345
3574,0.4210260072673343,0.32921244485759016,1114,469.0229720958104,3.726660682226212
3575,0.3825533252994103,0.3331192544552616,895,342.3852261429722,3.5583966827919835
3576,0.3808560814269405,0.3339042189162627,818,311.54027460723734,3.6245181187355437
3577,0.42289484220950735,0.3770261756811999,930,393.2922032548418,3.658037326911499
3578,1.0322045418779244,0.8163566582757809,930,959.9502239464697,3.658037326911499
3579,1.358114224464405,1.0038647841777233,1022,1387.992737402622,3.7184149184149184
3580,1.4135187769226487,1.306211466045098,907,1282.0615306688424,3.6392773892773893
3581,1.5651029238161263,1.4462435791866066,791,1237.9964127385558,3.578452639190166
3582,0.927908115854273,0.6826011316507925,989,917.701126579876,3.577329974811083
3583,0.846400802320986,0.561964446989955,1110,939.5048905762944,3.7138877835256667
3584,0.9557050604433805,0.7292970888001252,968,925.1224985091924,3.709090909090909
3585,0.7562515383408649,0.5273507924773739,898,679.1138814300966,3.6733372572101235
3586,0.6497964335853834,0.5647754264117357,786,510.7399967981114,3.6094584286803966
3587,0.5561073145831765,0.4556307139175818,772,429.3148468582123,3.6316187594553706
3588,0.5528503244839584,0.40959880495028866,882,487.61398619485135,3.615581098339719
3589,0.5729681079688083,0.3452541990422913,947,542.6007982464614,3.656774916013438
3590,0.33542599397605916,0.2426495864258265,701,235.13362177721746,3.6355371900826445
3591,0.3352891654911713,0.2426495864258265,701,235.03770500931108,3.6355371900826445
3592,0.3346068241969582,0.2426495864258265,701,234.5593837620677,3.6355371900826445
3593,0.33542599397605916,0.2426495864258265,701,235.13362177721746,3.6355371900826445
3594,0.32445223536089757,0.2174284261941406,953,309.20298029893536,3.6864988558352403
3595,0.7476111219164933,0.5243718910799067,852,636.9646758728522,3.7941567065073043
3596,1.0148265356643185,0.5571907679186308,965,979.3076069160672,3.779933481152993
3597,0.8818036201577285,0.44696820790086844,956,843.0042608707885,3.7813559322033896
3598,0.9741153671875676,0.5517851353817443,842,820.2051391719319,3.7253155159613955
3599,0.6886479929231188,0.4315801844947407,842,579.8416100412661,3.7253155159613955
3600,0.5159265065198779,0.3597173693506401,856,441.6330895810155,3.7074235807860263
3601,0.06754907163105849,0.0477146027006978,554,37.4221856836064,3.801778907242694
3602,0.06754907163105849,0.0477146027006978,554,37.4221856836064,3.801778907242694
3603,0.06754907163105849,0.0477146027006978,554,37.4221856836064,3.801778907242694
3604,0.05109581103396768,0.0318731724492986,834,42.61390640232904,3.628827483196415
3605,0.06754907163105849,0.0477146027006978,554,37.4221856836064,3.801778907242694
3606,0.0986419111354558,0.077279810208054,727,71.71266939547637,3.7549481621112157
3607,0.1660452319888706,0.1214821466995527,793,131.6738689671744,3.773519163763066
3608,0.21093645586721627,0.1562832650778116,805,169.8038469731091,3.7628865979381443
3609,0.18292038343767278,0.1338032116689578,738,134.9952429770025,3.674468085106383
3610,0.19365355628855938,0.1382817150392504,686,132.84633961395173,3.6291309669522644
3611,0.19032336787469803,0.1382817150392504,698,132.84571077653922,3.5985576923076925
3612,0.17922744895121734,0.128413098694881,723,129.58144559173013,3.5986471251409244
3613,0.18431990613198504,0.1291589079921102,686,126.44345560654173,3.6291309669522644
3614,0.35918427985010487,0.26964203222055605,810,290.93926667858494,3.8435374149659864
3615,0.5557848756615756,0.426841746136465,799,444.0721156535989,3.8502673796791442
3616,0.5431540222767615,0.4200577290554574,799,433.98006379913244,3.8502673796791442
3617,0.5989435271039965,0.44885520630026826,834,499.518901604733,3.853868194842407
3618,0.5373365650042058,0.42749596790767186,878,471.7815040736927,3.9161542761319175
3619,0.4830238915230057,0.363409607461848,850,410.5703077945548,3.918192219679634
3620,0.5235268292309643,0.42050098830604343,730,382.1745853386039,3.8465732087227416
3621,0.45000412163839093,0.32912762859022254,850,382.5035033926323,3.918192219679634
3622,1.3300167303783863,0.5786783750239437,954,1268.8359607809805,3.9364386220281418
3623,1.9739401319115488,0.7338482865552977,954,1883.1388858436176,3.9364386220281418
3624,1.7260083240231436,0.6826006898634667,1029,1776.0625654198147,3.9295835122370115
3625,2.9346416162478692,1.5299912302248944,944,2770.3016857379885,3.836431226765799
3626,3.2937623711831265,2.294912327952546,867,2855.6919758157705,3.813487241798299
3627,2.4648960758891536,1.8336612767498655,902,2223.3362604520166,3.727030625832224
3628,2.6143933655357294,2.120125819167063,881,2303.2805550369776,3.723611111111111
3629,2.2658922827302312,1.7819726368344717,926,2098.2162538081943,3.816961561928005
3630,1.515110329668253,1.2077075437745832,960,1454.505916481523,3.819955406911929
3631,1.611118008583219,1.2461127862448564,772,1243.7831026262452,3.6666666666666665
3632,2.8170922957554168,2.296025879888015,890,2507.2121432223207,3.679471032745592
3633,6.126610439573025,5.110106001018602,838,5134.0995483621955,3.6062544420753375
3634,5.436468493441284,4.11113640851259,962,5229.882690690515,3.698161389172625
3635,4.022488111617181,3.173208172536187,931,3744.9364319155957,3.672818791946309
3636,3.703490895514511,3.146139256241205,830,3073.897443277044,3.639971651311127
3637,2.453333889292622,1.943242174322172,927,2274.2405153742607,3.814254859611231
3638,2.468759355965601,1.973785342646164,827,2041.663987383552,3.809214795587281
3639,1.6894042777971758,1.3845268882241286,829,1400.5161462938588,3.8086340206185567
3640,1.151748250947167,0.975439937368937,773,890.3013979821601,3.8393124065769806
3641,0.44875035733807045,0.3579815813705226,792,355.4102830117518,3.8859825620389
3642,0.9034205946111787,0.7906829667294606,756,682.9859695260511,3.7045267489711935
3643,1.3259288624183334,1.1611865068905272,657,871.135262608845,3.6341730558598027
3644,1.366554387012442,1.1804579651275882,657,897.8262322671743,3.6006749156355458
3645,1.366554387012442,1.1804579651275882,657,897.8262322671743,3.6006749156355458
3646,1.366554387012442,1.1804579651275882,657,897.8262322671743,3.6006749156355458
3647,3.543795032500388,2.959445336754297,819,2902.3681316178177,3.753846153846154
3648,3.9848230681334784,3.4506445469427938,792,3155.979869961715,3.7155963302752295
3649,3.6507305019645147,3.088883162444059,883,3223.5950332346665,3.867076923076923
3650,3.242164493577745,2.1785881395609508,984,3190.2898616805014,3.9428035630567275
3651,2.861819325766451,1.8219296884471932,1057,3024.9430273351386,3.8523398455247615
3652,2.5958298422833233,1.74953228937146,970,2517.9549470148236,3.8160733549083066
3653,2.684129590930498,1.8262574136259635,946,2539.186593020251,3.8184836745987827
3654,2.953253883599246,2.445530102771359,1027,3032.9917384564255,3.7662662662662663
3655,3.9933993484160384,3.407322729917003,984,3929.5049588413817,3.775377969762419
3656,3.9575025108139252,2.2480758130916976,1195,4729.215500422641,3.750750750750751
3657,1.917775373782792,1.3817704024630055,1009,1935.035352146837,3.567466666666667
3658,3.78745544982172,2.204508720349298,1080,4090.4518858074575,3.613921113689095
3659,4.19238720970316,2.8848462400550696,1128,4729.012772545164,3.590171127687582
3660,4.515466631058879,1.8411991835802848,1195,5395.9826241153605,3.762730627306273
3661,4.137725081888436,3.1998532401676774,886,3666.024422553154,3.5342771982116243
3662,2.0708486418440946,1.4518204997271078,916,1896.8973559291908,3.6310935441370225
3663,1.937139651550296,1.3834085775540803,922,1786.042758729373,3.639569635385535
3664,1.6847671022917088,1.0113206733542093,1028,1731.9405811558765,3.719942748091603
3665,1.6704945195397407,1.0039377114787769,1023,1708.9158934891548,3.817127564674398
3666,1.4502528011428115,1.0868444607342655,1070,1551.7704972228084,3.80188679245283
3667,1.7540739576705515,1.4385661140045363,990,1736.533218093846,3.757037037037037
3668,2.050868171771868,1.2689970919166758,1159,2376.956211083595,3.802700675168792
3669,1.8851492059024388,1.0402095536514826,1197,2256.5235994652194,3.7569811320754716
3670,2.092765325585697,1.6159050607964252,1067,2232.9806023999386,3.752420470262794
3671,2.6992493477203636,2.212363817195958,1018,2747.83583597933,3.5427077280650785
3672,1.9644769150588528,1.4294438969435663,1158,2274.8642676381514,3.690660592255125
3673,2.2631271253389253,1.4160704113953544,1023,2315.1790492217206,3.5957683741648108
3674,1.7623950418059213,1.2899018850156307,1033,1820.5540781855168,3.690274841437632
3675,1.2095730433566783,0.8224907380794032,1043,1261.5846842210153,3.7184512428298278
3676,0.8914014635315513,0.5341539148586085,1124,1001.9352450094636,3.7403245942571783
3677,1.4344562085321977,1.094008777291185,930,1334.044273934944,3.658037326911499
3678,1.8552162678575412,1.5879307019245783,781,1448.9239051967397,3.5209059233449476
3679,1.8552162678575412,1.5879307019245783,781,1448.9239051967397,3.5209059233449476
3680,1.5867279810151644,1.240601213369806,907,1439.1622787807541,3.6392773892773893
3681,1.2020800780219554,1.120258136623996,947,1138.3698338867916,3.6695141484249865
3682,1.046089616546243,0.619246891140115,1039,1086.8871115915465,3.708205353225099
3683,0.6296513128762486,0.4878164844718374,981,617.6879379315999,3.6916864608076008
3684,0.6901660033589609,0.5680178150394735,841,580.4296088248861,3.6873065015479876
3685,0.8549077657483689,0.46610055755344043,792,677.0869504727082,3.6072782410917363
3686,0.600506827030246,0.4617123034451781,792,475.6014070079549,3.6072782410917363
3687,0.6556210239868421,0.5709508038879725,766,502.20570437392104,3.6285714285714286
3688,0.5506882252795491,0.4534994560692851,789,434.4930097455642,3.6131221719457014
3689,0.46413920196742725,0.2925138667501154,882,409.37077613527083,3.6687461010605116
3690,0.33542599397605916,0.2426495864258265,701,235.13362177721746,3.6355371900826445
3691,0.33542599397605916,0.2426495864258265,701,235.13362177721746,3.6355371900826445
3692,0.3336447566924033,0.2426495864258265,701,233.8849744413747,3.6355371900826445
3693,0.3272230246275012,0.2426495864258265,713,233.31001655940835,3.6425670186839967
3694,0.38982745698218146,0.1574811566772419,817,318.48903235444226,3.7895778364116093
3695,1.1332917081638647,0.8515065241449992,619,701.5075673534323,3.895218718209563
3696,1.024936373508609,0.5330739647420443,842,862.9964264942488,3.736610418195158
3697,0.9827039643252611,0.5604566109452147,857,842.1772974267487,3.7113850616388686
3698,0.9741153671875676,0.5517851353817443,842,820.2051391719319,3.7253155159613955
3699,0.7685885465596451,0.4593425963672997,855,657.1432073084966,3.747703180212014
3700,0.42649810080734496,0.3217907971718342,842,359.11140087978447,3.7253155159613955
3701,0.06754907163105849,0.0477146027006978,554,37.4221856836064,3.801778907242694
3702,0.06754907163105849,0.0477146027006978,554,37.4221856836064,3.801778907242694
3703,0.06754907163105849,0.0477146027006978,554,37.4221856836064,3.801778907242694
3704,0.05801623477733976,0.0427463167890962,649,37.65253637049351,3.7564935064935066
3705,0.11796832106960148,0.0923864716823053,752,88.71217744434031,3.8118556701030926
3706,0.22094997224931023,0.1617813654571065,699,154.44403060226784,3.7912195121951218
3707,0.25679040661099756,0.2088128414503992,646,165.8866026707044,3.800215982721382
3708,0.22530406075683082,0.17027335670567745,766,172.5829105397324,3.76056338028169
3709,0.19625936734693464,0.1451038094578586,753,147.78330361224178,3.683838383838384
3710,0.17747386524872455,0.1288350120078245,785,139.31698422024877,3.7301869991095282
3711,0.1996063951608388,0.1603404581722948,717,143.11778533032142,3.5484247374562425
3712,0.29656269174448074,0.2298726331947509,743,220.3460799661492,3.54083885209713
3713,0.1908792071352707,0.135934549535486,686,130.9431360947957,3.6291309669522644
3714,0.1968663943859333,0.1446629428637491,739,145.48426545120472,3.552119129438717
3715,0.41289592277921167,0.3326222602909134,817,337.3359689106159,3.827456864216054
3716,0.6757436247457829,0.5679442726032627,765,516.9438729305239,3.796502384737679
3717,0.6605261798207388,0.547342648004788,764,504.64200138304443,3.827321565617805
3718,0.5677858367923613,0.46378669872054085,760,431.51723596219455,3.8365164247517187
3719,0.5235268292309643,0.4205009883060434,730,382.1745853386039,3.8465732087227416
3720,0.44973280049121156,0.3288114871777331,850,382.27288041752985,3.918192219679634
3721,0.5044028832510936,0.3978681415540647,850,428.7424507634296,3.918192219679634
3722,0.632549910747997,0.5404423013401634,817,516.7932770811136,3.745798319327731
3723,1.0586360320852743,0.843694368199359,916,969.7106053901113,3.7132122730118975
3724,1.6259610532267108,1.2566729472538318,983,1598.3197153218566,3.691193511008111
3725,2.5438953857049285,2.04319983414236,873,2220.8206717204025,3.7876106194690267
3726,2.9858806836371103,2.047488533165581,884,2639.5185243352057,3.800369685767098
3727,3.0430639162959885,2.5348950960930283,836,2544.0014340234466,3.6508688783570302
3728,2.5301035955595377,1.8638248650530431,916,2317.5748935325364,3.7672301690507153
3729,1.9741616892016156,1.2029420428649895,949,1873.4794430523332,3.812646370023419
3730,1.8517110779731527,1.312349008413002,948,1755.4221019185488,3.7579462102689485
3731,1.9109228382437151,1.4890392659510754,822,1570.778573036334,3.695852534562212
3732,2.394496445030317,2.036824351543512,817,1956.303595589769,3.5994152046783627
3733,3.4920734143281047,2.586781207151949,850,2968.262402178889,3.5963431786216598
3734,2.605367642537558,1.8904028439980904,998,2600.156907252483,3.682335477486393
3735,3.481637045567961,2.7421236159514053,877,3053.3956889631017,3.641732283464567
3736,3.707202123530792,3.152088098339991,830,3076.9777625305574,3.639971651311127
3737,2.9428359723213444,2.429634052198524,857,2522.0104282793923,3.654109589041096
3738,2.2473845519650006,1.8067948888582008,876,1968.7088675213404,3.6649778340721975
3739,1.4248215158270519,1.185097475421977,911,1298.0124009184442,3.868149755832881
3740,1.1775237275261297,0.9651591881684312,855,1006.7827870348408,3.9036287923854847
3741,1.1297180353297471,0.9731914810974828,869,981.7249727015503,3.9017142857142857
3742,1.2854427711146161,1.0977772827155068,773,993.6472620715983,3.7002379064234736
3743,1.2770701149001165,1.0973817526026206,754,962.9108666346879,3.716902581182348
3744,1.2250212831781824,1.0186258194847635,737,902.8406857023203,3.71931330472103
3745,1.366554387012442,1.1804579651275882,657,897.8262322671743,3.6006749156355458
3746,1.428140871825413,1.1250422543595235,849,1212.4916001797756,3.51676206050695
3747,3.606377904887341,3.045963078540593,958,3454.9100328820723,3.7334504979496193
3748,5.581558760865165,4.552194347735566,887,4950.842620887402,3.8560975609756096
3749,3.900114351730668,3.3646629985584973,848,3307.2969702676064,3.8737113402061856
3750,2.9821068098445527,1.7752136799714617,1060,3161.033218435226,3.910510764035458
3751,2.786741120835909,1.5487236112513063,1117,3112.78983197371,3.8535787321063393
3752,2.5052338775535024,1.693625550592372,1041,2607.948466533196,3.8423005565862707
3753,2.5222190936024167,1.676231625551992,1009,2544.9190654448385,3.8878986866791743
3754,3.128340626571481,2.4292921252900577,1053,3294.1426797797694,3.8109499298081424
3755,4.3059796608089815,3.710878160724526,959,4129.434494715813,3.787675070028011
3756,5.15133233445036,2.474712803625903,1248,6428.862753394049,3.71985559566787
3757,6.352591010570973,4.6267982206470055,1081,6867.150882427221,3.533430941922889
3758,4.598538915091688,3.1502102564961105,1135,5219.341668629067,3.5947712418300655
3759,3.755093874907877,2.835771928396369,983,3691.257279034443,3.661409043112513
3760,2.6840612027052533,1.8397044514227816,1131,3035.6732202596413,3.801473439317565
3761,2.1942002681935246,1.6619707164874191,955,2095.461256124816,3.7973182052604435
3762,2.021749929685297,1.4069218702192416,925,1870.1186849588998,3.7353443369379624
3763,2.594097581795511,1.9546378215113294,954,2474.7690930329177,3.65839243498818
3764,3.1509266491130106,2.365274959994065,995,3135.1720158674457,3.7542372881355934
3765,2.116894135969179,1.7569058662762211,842,1782.4248624860486,3.7056686046511627
3766,1.6406369842737798,1.3653060828591763,1039,1704.6218266604571,3.7547169811320753
3767,2.590391806613681,2.2622946931993475,916,2372.798894858132,3.6403614457831326
3768,2.383047372725524,1.5961496704587246,1094,2607.0538257617236,3.773681954564938
3769,2.2663476703826544,1.099272074789598,1205,2730.9489428110983,3.7621883141049497
3770,2.3330426496099257,1.9799977929972072,989,2307.3791804642165,3.625573394495413
3771,4.499078011760969,3.864159536196569,813,3657.7504235616675,3.5971760797342194
3772,2.9073991358811857,2.279211182289348,1031,2997.5285090935026,3.7209549071618038
3773,2.1518344721464224,1.3935714373687331,1023,2201.3266650057903,3.5957683741648108
3774,1.4787199658735175,1.03373566079415,1101,1628.0706824267427,3.561113976276431
3775,1.6005896819812815,1.1466617171845512,1049,1679.0185763983643,3.7778832463217844
3776,1.55571771813364,0.9179736561054546,1133,1762.628174645414,3.7945544554455446
3777,1.6802559469270941,1.3810270575885413,859,1443.3398584103738,3.474131274131274
3778,1.8552162678575412,1.5879307019245783,781,1448.9239051967397,3.5209059233449476
3779,1.8552162678575412,1.5879307019245783,781,1448.9239051967397,3.5209059233449476
3780,1.8552162678575412,1.5879307019245783,781,1448.9239051967397,3.5209059233449476
3781,1.665122475156951,1.3483848005242374,839,1397.037756656682,3.5841949778434268
3782,0.8036862706442854,0.6739358193035732,877,704.8328593550383,3.7267541357672562
3783,0.6876816984791436,0.5443448112944724,752,517.136637256316,3.631621187800963
3784,0.6429456841585233,0.544300452408423,806,518.2142214317697,3.606446776611694
3785,0.6997784931046779,0.6029985423328318,792,554.2245665389049,3.6072782410917363
3786,0.70821449794424,0.6373049848841847,835,591.3591057834403,3.570194384449244
3787,0.6832686471356341,0.6043728163034477,762,520.6507091173531,3.627052384675528
3788,0.5677428788758577,0.4739584282081841,796,451.9233315851827,3.603676470588235
3789,0.4271532289122289,0.26446711478765994,908,387.8551318523038,3.6551932367149758
3790,0.33542599397605916,0.2426495864258265,701,235.13362177721746,3.6355371900826445
3791,0.33542599397605916,0.2426495864258265,701,235.13362177721746,3.6355371900826445
3792,0.3206438942451328,0.2193025355953873,701,224.7713698658381,3.6355371900826445
3793,0.2988186885477894,0.2331765136433511,750,224.11401641084208,3.614353312302839
3794,0.44512784205432354,0.1753598034864939,775,344.97407759210074,3.7360446570972887
3795,0.5842106969198181,0.3175068004754049,885,517.026466774039,3.678374655647383
3796,0.6120985869988793,0.3078397953971768,1005,615.1590799338737,3.705286839145107
3797,0.5974700329486322,0.3064355239705287,1004,599.8599130804267,3.696763202725724
3798,0.653256826088148,0.42613968420078363,846,552.6552748705732,3.7848633496846533
3799,0.5280369194580389,0.3667615586308882,846,446.71923386150087,3.7848633496846533
3800,0.4112218990863777,0.3050747415239356,846,347.8937266270755,3.567589576547231
3801,0.06754907163105849,0.0477146027006978,554,37.4221856836064,3.801778907242694
3802,0.06754907163105849,0.0477146027006978,554,37.4221856836064,3.801778907242694
3803,0.06754907163105849,0.0477146027006978,554,37.4221856836064,3.801778907242694
3804,0.08100320818449576,0.062685368508928,699,56.62124252096254,3.7912195121951218
3805,0.2239425164163399,0.1660032903595516,681,152.50485367952746,3.8084252758274824
3806,0.25679040661099756,0.2088128414503992,646,165.8866026707044,3.800215982721382
3807,0.25679040661099756,0.2088128414503992,646,165.8866026707044,3.800215982721382
3808,0.22301085540526988,0.1633895874158017,746,166.36609813233133,3.781853281853282
3809,0.2141836867916838,0.16069929525589685,782,167.49164307109675,3.7416974169741697
3810,0.18169466651004518,0.1311333692541233,714,129.72999188817226,3.6198630136986303
3811,0.15258368889161797,0.1170282996928386,723,110.3180070686398,3.5986471251409244
3812,0.17627384282185202,0.1212410274150372,698,123.03914228965272,3.5985576923076925
3813,0.17285022002984174,0.1190684696825185,698,120.64945358082953,3.5985576923076925
3814,0.23216781102881467,0.19232846825774055,752,174.59019389366864,3.5201342281879193
3815,0.3997221618704169,0.2606963455890846,802,320.5771738200744,3.8253241800152553
3816,0.6491269058650464,0.5005197483227103,863,560.196519761535,3.7830985915492956
3817,0.744921373047513,0.639607540962746,814,606.3659976606756,3.7864357864357863
3818,0.5605043609286715,0.46335855322618524,760,425.9833143057903,3.8365164247517187
3819,0.5235268292309643,0.42050098830604343,730,382.1745853386039,3.8465732087227416
3820,0.48341952964744067,0.3639582918158699,850,410.9066002003246,3.918192219679634
3821,0.6085477186252696,0.5149928068703403,773,470.4073864973334,3.73172569706104
3822,0.6125196645679357,0.5212883560470843,834,510.84140024965836,3.716940671908506
3823,1.5006184004987964,1.2544956302999488,861,1292.0324428294637,3.7072322670375524
3824,1.5968780770608533,1.357278583850667,843,1346.1682189622993,3.714695340501792
3825,1.708988815185437,1.4723609933270914,796,1360.355096887608,3.7053846153846153
3826,1.5985919514802907,1.3340740559543736,857,1369.9933024186091,3.780661907852044
3827,2.5542520271153912,1.8947270381761951,956,2441.864937922314,3.8412698412698414
3828,2.8444037219913247,2.4827022163177324,866,2463.2536232444872,3.7604667124227866
3829,2.204400453006806,1.688821171345695,814,1794.38196874754,3.6570702794242167
3830,2.387807903133178,1.671663589418476,797,1903.082898797143,3.6733102253032928
3831,2.3245049558175204,1.6625487461300075,814,1892.1470340354615,3.7
3832,2.1518846453943627,1.4479073015529624,968,2083.0243367417434,3.686167304537999
3833,1.987565291818569,1.393138343310538,887,1762.9704138430707,3.5992167101827675
3834,1.9116633161283796,1.2121439133313705,789,1508.3023564252915,3.599209486166008
3835,1.9919869671168577,1.3804419853761407,927,1846.571918517327,3.6020846106683018
3836,2.243335593236099,1.469249419503048,1039,2330.825681372307,3.7301293900184844
3837,2.416494819309956,1.6962715673609816,1015,2452.742241599605,3.7576190476190474
3838,1.3101414651309626,1.0132660222697307,921,1206.6402893856166,3.8637092463923035
3839,1.133501021978764,0.7880748525105166,978,1108.5639994952312,3.850624399615754
3840,1.2529717148116961,1.029288669578874,917,1148.9750624823253,3.7295313382269906
3841,1.642513840335312,1.4277528227524674,901,1479.904970142116,3.7856341189674523
3842,1.5683411482936471,1.3708044891870392,916,1436.6004918369808,3.733898305084746
3843,1.4643666477961712,1.2876170599586008,829,1213.959951023026,3.6256603773584906
3844,1.7467066176561445,1.4475249634689666,939,1640.1575139791198,3.6075544174135725
3845,2.8894812087051687,2.3215913850094503,950,2745.0071482699104,3.6601941747572817
3846,4.762679790328339,3.656225880133745,849,4043.51514198876,3.51676206050695
3847,5.029312012076165,4.181034714476615,890,4476.087690747787,3.5463306152705707
3848,5.298423257206364,4.429524985490609,1005,5324.915373492396,3.7882640586797067
3849,3.845196312073594,3.238213441637531,945,3633.7105149095464,3.848578811369509
3850,3.2765383720220354,2.295072038311093,967,3168.412605745308,3.8318407960199004
3851,3.006861726252371,2.408609167410601,915,2751.2784795209195,3.781547619047619
3852,2.8685156576105966,1.908634805777159,959,2750.906515648562,3.8729591836734696
3853,2.9061001776496163,1.7707627627862594,1085,3153.118692749834,3.8658432708688246
3854,3.42798841401243,1.5691475779314061,1176,4031.314374878618,3.81201248049922
3855,3.959706377450967,2.0777931317962177,1221,4834.801486867631,3.7818930041152266
3856,4.7816323810078964,1.4937742808682128,1407,6727.75676007811,3.737577639751553
3857,6.729952368855969,2.5954491999019087,1306,8789.317793725895,3.6567267683772537
3858,6.619248870331967,4.966847945620441,1094,7241.458264143172,3.653105861767279
3859,3.329530772161804,2.123499396719258,1135,3779.0174264036473,3.7972107048624197
3860,2.567631872276165,1.7285660112301424,1137,2919.397438778,3.806134040136312
3861,2.8646920304553998,2.2635460070166324,853,2443.582301978456,3.852694610778443
3862,4.236987454147135,3.34277348354915,907,3842.947620911452,3.7521815008726005
3863,3.558209264193264,2.818819624986965,1041,3704.0958440251875,3.8008222932846047
3864,3.203010107339879,2.799720970986198,906,2901.9271572499306,3.6479524438573314
3865,2.142930710879303,1.770834134927086,851,1823.634034958287,3.655425219941349
3866,1.9720339627337196,1.6358732931933448,1106,2181.069562783494,3.7572815533980584
3867,3.7207910852666024,3.183142625587018,990,3683.5831744139364,3.6474082073434126
3868,4.3057534099799115,3.246086695213082,1095,4714.799983928003,3.6759927797833933
3869,4.688704457093586,3.0746807072363587,1107,5190.395834002599,3.6295111923252628
3870,3.153219374132987,2.162231107450078,1141,3597.823305885738,3.619761799735333
3871,4.6139053874116325,3.94455886443976,901,4157.1287540578805,3.6330457863304577
3872,3.055697482298935,1.8646392775521985,1220,3727.950928404701,3.7179171791717915
3873,1.4112825783038596,0.9449434158892012,1148,1620.1523998928308,3.696579298089738
3874,1.3180194598012358,0.8008132970776118,1188,1565.8071182438682,3.7424612876935615
3875,1.951101231105654,1.4229287256497227,1049,2046.705191429831,3.7778832463217844
3876,1.940993374268678,1.4978803551866604,976,1894.4095332862298,3.760674749604639
3877,1.4337964130061622,0.9680369395115004,1031,1478.2441018093532,3.7545056015586944
3878,1.6126882268946305,1.3081003220709695,890,1435.2925219362212,3.7244640605296344
3879,1.6238044369862714,1.3144530650412491,890,1445.1859489177816,3.7244640605296344
3880,1.6149927252421816,1.3030605120837615,890,1437.3435254655417,3.7244640605296344
3881,1.467610694745072,1.1438415107332323,950,1394.2301600078183,3.7419354838709675
3882,0.9038638128676877,0.7300255823088619,984,889.4019918618047,3.784766584766585
3883,0.7237653885838206,0.6319800859402469,910,658.6265036112767,3.7524244152880777
3884,0.7696201702011983,0.6059041184669851,945,727.2910608401324,3.7605177993527508
3885,0.8534096414448477,0.7404953496381393,808,689.5549902874369,3.587842846553002
3886,0.7575564662149951,0.6895740996490178,808,612.105624701716,3.587842846553002
3887,0.5951531792937693,0.4916181612864517,837,498.14321106888497,3.563250883392226
3888,0.5009065581971797,0.3924402612912981,793,397.2189006503635,3.599554234769688
3889,0.3867116788909898,0.28168954806039814,908,351.13420443301874,3.6551932367149758
3890,0.3148986126135249,0.2235672702574521,762,239.952742811506,3.571097372488408
3891,0.3270924877527981,0.231664996727527,701,229.29183391471145,3.6355371900826445
3892,0.30091310091187234,0.1943915454283218,701,210.9400837392225,3.6355371900826445
3893,0.26428984963482904,0.1795998760787429,969,256.09686429614936,3.519949335022166
3894,0.3954666132271848,0.2794762654137188,846,334.5647547901983,3.364840989399293
3895,0.4062175167049872,0.27172808968814,837,340.0040614820743,3.4776748104465036
3896,0.4653251561170234,0.3030500099620561,822,382.49727832819326,3.47171453437772
3897,0.39817501358502133,0.2077090228709082,981,390.60968832690594,3.5306930693069307
3898,0.39920223443562497,0.2457495683801451,981,391.6173919813481,3.5306930693069307
3899,0.48167580156774836,0.3510458937871696,832,400.75426690436666,3.5829858215179318
3900,0.4552798740569215,0.3100976834243669,908,413.39412564368473,3.5203716940671907
3901,0.06754907163105849,0.0477146027006978,554,37.4221856836064,3.801778907242694
3902,0.06754907163105849,0.0477146027006978,554,37.4221856836064,3.801778907242694
3903,0.04540474936609319,0.0249785938008909,843,38.27620371561656,3.6135714285714284
3904,0.16441103299259027,0.1267834756165663,699,114.9233120618206,3.7912195121951218
3905,0.25625279819321434,0.2086325769754375,646,165.53930763281647,3.800215982721382
3906,0.256381466017059,0.20877629654487,646,165.62242704702012,3.800215982721382
3907,0.2520487588282398,0.2001935590520664,656,165.3439857913253,3.775053304904051
3908,0.2533162286782748,0.2001935590520664,656,166.17544601294827,3.775053304904051
3909,0.21844705713367918,0.1613220600255165,769,167.9857869357993,3.750705550329257
3910,0.1825412513453893,0.1348442098508177,769,140.37422228460437,3.750705550329257
3911,0.1877980337341238,0.134002996057833,687,129.01724917534304,3.6513002364066196
3912,0.195268513145455,0.1346706890007148,647,126.33872800510939,3.7010309278350517
3913,0.19113792907852345,0.1251014685770257,647,123.66624011380468,3.7010309278350517
3914,0.20065642718736393,0.1484753925230385,696,139.6568733224053,3.555956678700361
3915,0.3092644574815537,0.2553100147320891,696,215.24806240716134,3.555956678700361
3916,0.4062530780552601,0.30372261246209,808,328.25248706865017,3.8253606681852697
3917,0.8729522361982729,0.7594758952303324,872,761.2143499648939,3.7257617728531858
3918,0.5677327719337305,0.4562785335646893,849,482.00512337173717,3.739774330042313
3919,0.44197559991434204,0.32081430830080426,850,375.67925992719074,3.918192219679634
3920,0.5187792635011579,0.4201005550157329,900,466.90133715104207,3.893478260869565
3921,0.5923648551487618,0.4831913008725281,837,495.8093837595136,3.6994459833795013
3922,0.7053877892146577,0.6080667503521184,905,638.3759492392652,3.6889610389610388
3923,1.107228347673733,0.974945668044424,829,917.8923002215247,3.69672131147541
3924,1.2347939141520063,1.121975254580144,843,1040.9312696301413,3.714695340501792
3925,1.4420243326695805,1.331392428020023,829,1195.4381717830822,3.69672131147541
3926,1.4966606311304045,1.344947242836206,829,1240.7316632071054,3.69672131147541
3927,2.619240258922322,1.931361039999825,955,2501.374447270817,3.7933025404157044
3928,3.3075701350867823,2.891520447581428,835,2761.821062797463,3.628003314001657
3929,2.974008546828786,2.497233561015248,849,2524.933256257639,3.6497584541062804
3930,2.8342834926013243,2.1941838118692156,814,2307.106762977478,3.657917019475021
3931,2.353787702973289,1.7390409207428918,801,1885.3839500816043,3.6580310880829017
3932,1.9165218349093824,1.367027307116744,870,1667.3739963711628,3.65946348733234
3933,1.694422547432874,1.1741483567960236,833,1411.453982011584,3.388888888888889
3934,1.7944115527619093,1.3149081698814116,789,1415.7907151291465,3.4
3935,1.5677271210292945,1.1583917183365142,902,1414.0898631684236,3.3460342146189737
3936,1.7009091526000506,1.2045872710951822,894,1520.6127824244452,3.5718270571827055
3937,2.013591878982472,1.656824354563136,807,1624.968646338855,3.6186234817813765
3938,1.713148625488655,1.5107082532067173,794,1360.240008637992,3.604670558798999
3939,1.5230212040426587,1.3004923302622526,841,1280.860832599876,3.7143817204301075
3940,1.691790539903035,1.4705538945142194,906,1532.7622291521498,3.7239583333333335
3941,2.1909928281653377,1.8456856839865283,772,1691.4464633436407,3.6121951219512196
3942,1.7277182870479433,1.5419134442228364,901,1556.6741766301968,3.7333715596330275
3943,1.6164037499045834,1.4724391965493508,875,1414.3532811665104,3.68049254698639
3944,1.7495233762938227,1.414433437687178,925,1618.309123071786,3.5677118078719148
3945,1.8684092067082183,1.5832342147131993,901,1683.4366952441046,3.5455830388692577
3946,2.8965188203527235,2.463472208944665,901,2609.763457137804,3.5455830388692577
3947,3.3412406963273886,2.4652520352958134,1015,3391.3593067722995,3.5664575014261266
3948,3.907151172632092,3.3695861507250795,906,3539.8789624046753,3.5679180887372013
3949,4.972772375664477,4.604471587581237,789,3923.517404399273,3.5623973727422005
3950,2.833969311894893,2.425042688188647,976,2765.954048409416,3.705945945945946
3951,1.4287856881970384,1.1015520907584762,864,1234.4708346022412,3.7202987101154106
3952,2.3727763530687227,1.8335281688377856,919,2180.5814684701563,3.665657177468201
3953,2.849038521134784,1.735855611434596,1123,3199.4702592343624,3.8768699654775602
3954,2.861467176589525,1.5657207479448827,1249,3573.972503560317,3.8498805868304333
3955,4.868503624390245,3.7934933125202193,1088,5296.931943336586,3.686301369863014
3956,6.152042592521043,4.643659784431324,1066,6558.0774036274315,3.5443441317047264
3957,5.441163776904455,3.2499174285164445,1163,6328.073472539881,3.718420023464998
3958,4.667809665829834,2.5454042416831104,1105,5157.929680741967,3.7431693989071038
3959,3.526175031937116,1.4760985904227486,1273,4488.8208156559485,3.861021331609567
3960,3.7894928722953845,3.027385854865723,934,3539.386342723889,3.83125
3961,2.7490721476695295,2.0614133996740565,947,2603.3713238430446,3.7504225352112677
3962,5.037884968867033,3.8880294241206412,966,4866.596879925553,3.744970092441544
3963,4.040246163980249,3.3200922853753085,1019,4117.010841095874,3.811038353601497
3964,2.8030701456049405,2.4844153418746107,837,2346.169711871335,3.6317365269461077
3965,2.6443856309015015,2.223632334045793,874,2311.1930414079125,3.6339410939691446
3966,2.667197091892487,2.4279337895593915,1088,2901.9104359790263,3.7577748576434518
3967,4.535998386449004,3.54600953842314,951,4313.734465513003,3.6423034330011075
3968,3.9091937915116644,2.194390267014719,1189,4648.031418107369,3.705226748654881
3969,4.565618296022849,3.612517562827585,1014,4629.536952167168,3.6424211597151577
3970,5.413231362218992,4.8847611892555935,1007,5451.123981754526,3.584051724137931
3971,5.1295058570399235,4.205987021935989,989,5073.0812926124845,3.545918367346939
3972,4.273100519882705,2.9955901548754555,1064,4546.578953155198,3.5131164742917105
3973,2.22508494741905,1.1138510748020147,1253,2788.03143911607,3.775213993301079
3974,1.3839421084575545,0.9595579083222132,1184,1638.5874564137446,3.745506535947712
3975,1.7325576444905795,1.4456517703510716,953,1651.1274351995223,3.71875
3976,1.208764051409015,0.9862660247570432,930,1124.150567810384,3.732944606413994
3977,1.0490528696175971,0.8329884677637334,945,991.3549617886292,3.782511210762332
3978,1.0842936272292845,0.748759223585294,996,1079.9564527203672,3.875
3979,1.4510141266252436,1.225380411451671,736,1067.9463971961793,3.7514693534844668
3980,1.3744935025197331,1.1316229142391174,777,1067.9814514578327,3.731958762886598
3981,1.2315291539780135,0.9958096237545313,888,1093.5978887324761,3.7339506172839507
3982,1.1745398520570096,0.902676091748282,898,1054.7367871471947,3.758083140877598
3983,0.9417849166780572,0.8145031127457414,898,845.7228551768953,3.758083140877598
3984,0.9947774208770594,0.8085241127214715,911,906.2422304190012,3.7725996631106122
3985,1.007582837133239,0.8550793899245337,779,784.9070301267931,3.5927357032457494
3986,0.900730089233792,0.7506762062963517,841,757.5140050456191,3.564245810055866
3987,0.5272429261733037,0.4641006873654865,864,455.53788821373445,3.5654520917678814
3988,0.4330435059282284,0.3752128867990312,765,331.2782820350947,3.580357142857143
3989,0.2984020651248505,0.22175530107383473,914,272.7394875241134,3.658507462686567
3990,0.30725896714482925,0.2209215515891244,804,247.03620958444273,3.566813509544787
3991,0.19167547897558415,0.10859124621722,1024,196.27569047099817,3.486735870818916
3992,0.252215744955284,0.1814872452532025,952,240.10938919743035,3.5172189733593244
3993,0.2829066949417102,0.16295908243715723,980,277.248561042876,3.509068167604753
3994,0.3868972466513902,0.2601932080746622,858,331.9578376268928,3.3448275862068964
3995,0.3944877636493796,0.2608939162322959,822,324.26894171979,3.47171453437772
3996,0.4776807571489188,0.3030500099620561,822,392.65358237641124,3.47171453437772
3997,0.47854743141973793,0.3030500099620561,822,393.3659886270246,3.47171453437772
3998,0.40188331435640884,0.2105238254339893,981,394.24753138363707,3.5306930693069307
3999,0.4025552352056511,0.2468052187457938,981,394.9066857367437,3.5306930693069307
4000,0.48167580156774836,0.3510458937871696,832,400.75426690436666,3.5829858215179318
4001,0.06754907163105849,0.0477146027006978,554,37.4221856836064,3.801778907242694
4002,0.05061404152508444,0.030557128281292,801,40.541847261592636,3.5627871362940278
4003,0.08623980476398131,0.0594927293989687,945,81.49661550196234,3.744596131968146
4004,0.21824612767576387,0.1653852282780797,689,150.3715819686013,3.7904667328699104
4005,0.20450303232592268,0.1524865532618212,813,166.26096528097514,3.9904458598726116
4006,0.2432751217855003,0.1901855587363992,687,167.1300086666387,3.7346311475409837
4007,0.24196927040643715,0.1780849543287559,687,166.2328887692223,3.7346311475409837
4008,0.24307841738087346,0.1823463198220348,687,166.99487274066007,3.7346311475409837
4009,0.23802328073531298,0.1771034387481133,687,163.52199386516003,3.7346311475409837
4010,0.20729767468631063,0.1749045498435699,783,162.31407927938122,3.718232044198895
4011,0.18940499564514326,0.1382817150392504,671,127.09075207789112,3.6903614457831324
4012,0.19625410698191773,0.1382817150392504,647,126.97640721730076,3.7010309278350517
4013,0.19772522026984535,0.1382817150392504,647,127.92821751458993,3.7010309278350517
4014,0.2052361831924966,0.1390874918622598,647,132.7878105255453,3.7010309278350517
4015,0.20524497710954484,0.1391326479283726,647,132.79350018987552,3.7010309278350517
4016,0.190723694287841,0.1416799277303456,805,153.532573901712,3.917372881355932
4017,0.3871435729230847,0.3076355513149246,787,304.68199189046766,3.928474114441417
4018,0.39037977785752664,0.3089619683596256,781,304.8866065067283,3.8446186742694226
4019,0.5275376508543386,0.4115295421901283,907,478.4766493248851,3.8962365591397847
4020,0.6644149676801218,0.5158029175488427,829,550.800008206821,3.7096999302163294
4021,0.667627689599523,0.5552033719031991,850,567.4835361595946,3.7250332889480693
4022,0.7093464163958545,0.6060684733200454,830,588.7575256085593,3.676978417266187
4023,0.8773990179182358,0.7117170266864766,830,728.2411848721357,3.676978417266187
4024,1.0616443006434362,0.891304957714135,777,824.8976215999498,3.702660406885759
4025,1.0616443006434362,0.891304957714135,777,824.8976215999498,3.702660406885759
4026,1.0616443006434362,0.891304957714135,777,824.8976215999498,3.702660406885759
4027,3.5639457457055927,2.805421080489076,911,3246.754574337795,3.7962515114873034
4028,4.0715976082220395,3.163683499553322,823,3350.9248315667387,3.6490344248530646
4029,3.3065518983629967,2.898572147506459,831,2747.74462753965,3.6579163248564397
4030,2.9838513492191665,2.3496664412909896,812,2422.887295565963,3.6788445199660154
4031,2.3406985187062217,1.733988874292809,778,1821.0634475534405,3.6645907473309607
4032,1.716143646401788,1.2038153479843072,924,1585.7167292752522,3.617267165193746
4033,1.4832574531897793,0.9395619025730516,860,1275.6014097432103,3.409090909090909
4034,1.4917463030302427,1.1625137557026222,861,1284.393566909039,3.3812244897959185
4035,1.4642319926067118,1.1272008557845257,910,1332.4511132721077,3.3604919292851654
4036,1.7572943978416793,1.2710923575863895,865,1520.0596541330526,3.5573033707865167
4037,1.90457692232987,1.5481470090910037,810,1542.7073070871947,3.6060848678943156
4038,1.651119459089187,1.3733554484879034,802,1324.197806189528,3.5876543209876544
4039,1.834366070268541,1.413769729374822,919,1685.782418576789,3.6049844236760125
4040,2.6429817358323513,2.2261201139853535,928,2452.687050852422,3.474700399467377
4041,2.780543065620918,2.3317354147520097,820,2280.0453138091525,3.587842846553002
4042,2.0058399595163814,1.7899564419596028,940,1885.4895619453985,3.609236234458259
4043,2.198458230630693,1.793949824127295,933,2051.1615291784365,3.634697617593158
4044,1.9472406417221753,1.7499554573777016,906,1764.2000214002908,3.658890290037831
4045,1.9843550500493439,1.6957255981668249,738,1464.4540269364159,3.597135183527305
4046,1.9843550500493439,1.6957255981668249,738,1464.4540269364159,3.597135183527305
4047,2.5750785232191067,2.2822265275202125,859,2211.9924514452127,3.5902474526928674
4048,3.5780688736513095,2.932551581234592,853,3052.092749224567,3.5509893455098935
4049,3.575542714665479,2.9642904626521176,973,3479.0030613695108,3.509136735979836
4050,2.8254494889200124,2.279077432424001,997,2816.973140453252,3.5388180764774044
4051,1.5997471408488944,1.146934386631533,658,1052.6336186785725,3.5919003115264796
4052,1.6630816799610395,1.351673437338038,891,1481.8057768452861,3.649497487437186
4053,3.335186641887796,2.6280371500098614,810,2701.5011799291146,3.6205389657683904
4054,3.248326651516297,2.7681064894721574,880,2858.5274533343413,3.558784676354029
4055,2.9627977395975797,1.508859955682721,1251,3706.4599722365724,3.648627450980392
4056,4.006786050955624,2.0769956816375763,1262,5056.563996305997,3.64
4057,4.424304764771807,2.7447216860380763,1153,5101.223393781894,3.6369257950530036
4058,4.066415830523156,2.2214696472109803,1155,4696.710284254245,3.7210175145954962
4059,2.868282327856223,1.9276997813419743,1146,3287.0515477232316,3.8633038120908743
4060,3.3983381415211356,2.32258560450185,999,3394.939803379614,3.8224163027656477
4061,3.0957765120581606,2.430214584594836,942,2916.2214743587874,3.8451995685005396
4062,3.7694616078227785,3.0273372125017213,984,3709.150222097614,3.760577915376677
4063,3.581826963558568,2.530004317878538,1035,3707.1909072831177,3.8241856314145473
4064,2.620358495428471,2.123100382214826,916,2400.2483818124797,3.6652173913043478
4065,1.9658268558754033,1.6209263182347216,854,1678.8161349175944,3.72
4066,2.5184674672389296,1.7675799904184943,1014,2553.7260117802743,3.7821828358208953
4067,3.1022637476098716,2.1637141837985787,1094,3393.8765398851997,3.7305613305613305
4068,5.659547264121996,4.154808144443253,1067,6038.73693081817,3.6948023100844067
4069,5.778486178640169,4.575870057009707,1058,6113.638377001299,3.6356407857811037
4070,5.325566390098964,3.671915337298975,1072,5709.00717018609,3.673076923076923
4071,4.726393849125012,4.153579428478579,994,4698.035486030262,3.624012638230648
4072,5.034500515916671,4.318666431237411,929,4677.050979286587,3.642733063115229
4073,3.4451833949089425,2.1974074277844906,1088,3748.3595336609296,3.7775839511556915
4074,1.9749810498352065,1.6586902185804828,923,1822.9075089978955,3.7380530973451327
4075,1.597389005284325,1.3702964911815827,925,1477.5848298880005,3.7392836171462127
4076,1.2060051437922727,1.0578930139909577,791,953.9500687396877,3.7955555555555556
4077,1.191823215354281,1.0481102803793765,820,977.2950365905103,3.793370944992948
4078,1.210913719836964,0.9378568194387792,885,1071.658642055713,3.909868796349116
4079,1.4510141266252436,1.225380411451671,736,1067.9463971961793,3.7514693534844668
4080,1.380730987818879,1.1675593905228534,777,1072.827977535269,3.731958762886598
4081,1.3580767083661724,1.115288133119124,842,1143.5005884443171,3.759259259259259
4082,1.2474297317119962,0.9384975092135784,895,1116.4496098822367,3.7961603613777526
4083,0.8207506717429724,0.6950688015088873,942,773.14713278188,3.7461084272678478
4084,0.9536581177455153,0.7763403480871531,881,840.172801733799,3.7479387514723204
4085,0.9633242087808624,0.7893402805509029,811,781.2559333212795,3.5641966250917094
4086,0.5570844796325551,0.4847703973795657,841,468.50804737097883,3.564245810055866
4087,0.4160086666192507,0.34946190531011934,724,301.1902746323375,3.5982905982905984
4088,0.36709279194395766,0.3018955835534016,834,306.1553884812607,3.6952506596306067
4089,0.33145736284570076,0.2609441400051172,834,276.4354406133144,3.6952506596306067
4090,0.24832904233577086,0.1578526579020889,1048,260.24883636788786,3.5069949636261892
4091,0.2567609062155494,0.13205434897270735,1204,309.1401310835215,3.4943710230053844
4092,0.3519006413363181,0.1401987970044611,1217,428.2630805062991,3.5292706333973127
4093,0.3877226260206582,0.2616276381042232,858,332.66601312572476,3.3448275862068964
4094,0.384943821683572,0.2554847037812596,858,330.28179900450476,3.3448275862068964
4095,0.38806710425822577,0.2545162491920681,865,335.67804518336527,3.4432823813354787
4096,0.45269071275854333,0.2826684569498502,865,391.57746653614,3.4432823813354787
4097,0.47854743141973793,0.3030500099620561,822,393.3659886270246,3.47171453437772
4098,0.47854743141973793,0.3030500099620561,822,393.3659886270246,3.47171453437772
4099,0.39994380362336246,0.2080512434259994,981,392.34487135451855,3.5306930693069307
4100,0.40872639191137516,0.2476294141091793,981,400.96059046505906,3.5306930693069307
4101,0.06754907163105849,0.0477146027006978,554,37.4221856836064,3.801778907242694
4102,0.06393673413983024,0.0455236743941282,649,41.49494045674982,3.7564935064935066
4103,0.19370143198316475,0.1477915414986478,699,135.39730095623216,3.7912195121951218
4104,0.23652960750835483,0.1765613406130299,711,168.17255093844028,4.0365230094959825
4105,0.2387752012620755,0.1791685125346602,738,176.21609853141172,4.009978617248753
4106,0.23755004817497888,0.17516431537139693,724,171.9862348786847,4.011045655375552
4107,0.2511728883715821,0.1926308288154496,670,168.28583520896,3.726293103448276
4108,0.27683565542495614,0.22393610703466585,710,196.55331535171885,3.6729435084241824
4109,0.25298485929088327,0.2001935590520664,656,165.95806769481942,3.775053304904051
4110,0.21378272485940025,0.1573893837928183,764,163.33000179258178,3.759469696969697
4111,0.17687177043835967,0.13147890497106085,764,135.13003261490678,3.759469696969697
4112,0.1896135839077842,0.1382817150392504,671,127.2307148021232,3.6903614457831324
4113,0.1918778032569913,0.1382817150392504,687,131.82005083755303,3.6513002364066196
4114,0.20524497710954484,0.1391326479283726,647,132.79350018987552,3.7010309278350517
4115,0.20012501139744468,0.1506231568994484,728,145.69100829733972,3.7028985507246377
4116,0.26787245717286173,0.20425505107663589,728,195.01114882184334,3.7028985507246377
4117,0.26429044252837963,0.1903024781243577,744,196.63208924111444,3.9493487698986973
4118,0.30151644196982225,0.2320975608669749,791,238.49950559812942,3.911295911295911
4119,0.5158584561252606,0.4086300105980727,930,479.7483641964924,3.934815563415867
4120,0.6680617602729969,0.5464979586078398,815,544.4703346224925,3.7043354655294953
4121,0.6665620026803472,0.5672843192187753,813,541.9149081791222,3.7061340941512126
4122,0.681591793494847,0.5733571303150391,793,540.5022922414137,3.6909361069836555
4123,0.769306237672157,0.6690194756542126,830,638.5241772678903,3.676978417266187
4124,0.9898922027060246,0.7793133070558877,830,821.6105282460004,3.676978417266187
4125,1.0616443006434362,0.891304957714135,777,824.8976215999498,3.702660406885759
4126,1.0706023074206628,0.8853314397337055,936,1002.0837597457404,3.7844671884406984
4127,3.1959003412064497,2.2085414565604244,1022,3266.2101487129917,3.8160401002506266
4128,4.463356310454353,3.3171085403330105,928,4141.9946561016395,3.717319177173192
4129,3.2406312276419236,2.6240725287993443,818,2650.8363442110935,3.6619246861924686
4130,2.9793020230448546,2.4138762094600397,798,2377.483014389794,3.6802426343154244
4131,2.1968478417170396,1.557314975525474,812,1783.8404474742363,3.6389124893797793
4132,1.4493431755580353,1.0001655561769724,914,1324.6996624600442,3.6016949152542375
4133,1.5136968637480293,0.9568371036297886,849,1285.1286373220769,3.3554987212276215
4134,1.5889466566542716,1.2817029593352498,812,1290.2246852032686,3.339605734767025
4135,1.4362198967027406,1.1065436848916606,867,1245.202650441276,3.3283082077051924
4136,2.1179279852142874,1.4469336752784758,886,1876.4841948998585,3.576867816091954
4137,2.1869055755049454,1.714527653127864,810,1771.3935161590057,3.6060848678943156
4138,2.4040900702536487,1.922512056235052,753,1810.2798229009975,3.611888111888112
4139,2.9758118418915234,2.432081605998696,1075,3198.9977300333876,3.6309817464232856
4140,5.82265874787702,4.560359208683959,900,5240.3928730893185,3.4721649484536083
4141,3.667773329633005,2.851342746856829,889,3260.6504900437412,3.639093137254902
4142,2.5427318767184257,2.319660973254029,942,2395.253427868757,3.6212471131639723
4143,2.7101922917770174,2.506834902750175,848,2298.243063426911,3.533333333333333
4144,2.926187809534119,2.088409294482799,888,2598.4547748662976,3.6389438943894388
4145,2.6870971284265446,2.183163645323649,944,2536.619689234658,3.6243990384615383
4146,2.335078243643256,2.045821725419505,907,2117.915966984433,3.5666883539362395
4147,3.181425946112768,2.2064674776120112,926,2946.0004261004233,3.5875706214689265
4148,3.3567288109777116,2.789959796710603,898,3014.342472257985,3.481348637015782
4149,3.3223362057207573,2.6140131114278367,936,3109.7066885546287,3.4377174669450246
4150,4.053360640544447,2.9630897327472514,874,3542.6371998358472,3.4643939393939394
4151,2.5711921849662853,2.034574685471935,964,2478.629266307499,3.4332688588007736
4152,2.5598376056086733,1.7384596946315916,948,2426.726050117022,3.515520389531345
4153,2.8453889977701183,2.238988810939521,927,2637.6756009328997,3.4684914067472947
4154,3.8200937492450735,2.5732869455007408,1133,4328.166217894668,3.6411945542380324
4155,5.462411690906847,3.335186661534279,1102,6019.577683379345,3.5671568627450982
4156,4.8303946275868,1.8100019417295496,1377,6651.453402187024,3.6359861591695504
4157,4.838758814824754,2.0868972116801148,1300,6290.38645927218,3.7029085872576175
4158,4.566176156816558,2.9974807658667664,1023,4671.19820842334,3.612403100775194
4159,2.5303548525210307,1.9014111925676607,1040,2631.569046621872,3.6275964391691393
4160,3.798039818028896,2.8396700941279365,986,3744.8672605764914,3.5592105263157894
4161,3.439765460993845,2.476371030640645,1087,3739.0250561003095,3.7909209951986034
4162,2.6983939233714924,1.8784635046714224,1019,2749.6634079155506,3.8249648052557483
4163,3.8058907551847225,2.6430486686295875,780,2968.5947890440834,3.430755395683453
4164,2.232242563922742,1.1920976094457352,1127,2515.7373695409306,3.649009672961769
4165,2.4422317902415664,1.5558961810585168,1123,2742.626300441279,3.7075764288879043
4166,3.1528016622306545,2.290171820436445,977,3080.2872239993494,3.6349453978159127
4167,3.2733788974960945,2.3394002866610535,988,3234.0983507261412,3.7086501901140685
4168,6.346469835479998,5.549140503347159,932,5914.9098866673585,3.6506228765571915
4169,5.538598046014465,3.995284360251018,1047,5798.912154177145,3.708689779378658
4170,3.761707145474033,2.994684184354006,903,3396.821552363052,3.6631884057971016
4171,3.111495917687552,2.2623650941427,984,3061.711983004551,3.62710970464135
4172,3.456541454436319,2.914634704446941,898,3103.9742260838143,3.6550689862027594
4173,2.263342047877586,1.5361810851594067,1058,2394.615886654486,3.7946509519492295
4174,1.9891356231639077,1.546485504112841,994,1977.2008094249243,3.8094047023511757
4175,1.7965916044756465,1.4361272218108583,936,1681.6097417892051,3.724646226415094
4176,1.0231420871203405,0.8093053286532625,956,978.1238352870455,3.8774193548387097
4177,1.6304037301762018,1.4422326322594072,969,1579.8612145407394,3.8815240083507305
4178,1.2969348497331628,1.026790070982865,1005,1303.4195239818287,3.9637023593466423
4179,1.3755139758040502,1.131612334836856,775,1066.023331248139,3.7160292921074043
4180,1.5531954122004514,1.3511693159133678,865,1343.5140315533904,3.736591989137814
4181,1.419538934584589,1.1208567810522745,835,1185.3150103781318,3.7391920623671155
4182,1.3231459761810842,1.0106473065608623,862,1140.5518314680946,3.7888544891640867
4183,0.9521738690164084,0.6772264461155819,955,909.32604491067,3.765470618824753
4184,0.7530161663587294,0.44744591698017044,982,739.4618753642723,3.734477536597678
4185,0.5133815306353425,0.4360402668099913,942,483.6054018584927,3.5647334504979495
4186,0.26960525070710073,0.2041780816609536,843,227.2772263460859,3.524838012958963
4187,0.3053415830996509,0.2391890812830052,789,240.9145090656246,3.5811638591117916
4188,0.2511030275136308,0.18247119610653328,884,221.97507632204963,3.693154034229829
4189,0.33305585072451604,0.25777901291412,792,263.7802337738167,3.617320503330866
4190,0.2607844170153115,0.1109277595668164,1257,327.8060121882466,3.534984789222077
4191,0.3683632623481889,0.173936980826578,1205,443.8777311295676,3.5076775431861806
4192,0.3372676689002763,0.1907263652196185,1075,362.56274406779704,3.3407682775712515
4193,0.41821364903514135,0.2865318763611568,847,354.2269607327647,3.35056967572305
4194,0.3884825142228277,0.2554847037812596,847,329.04468954673507,3.35056967572305
4195,0.38298560393979286,0.2554847037812596,858,328.6016481803423,3.3448275862068964
4196,0.39484311237950787,0.2554847037812596,869,343.11866465779235,3.438148443735036
4197,0.4589541179096247,0.29316283306565394,826,379.09610139335,3.4659188955996547
4198,0.47529764761724763,0.3030500099620561,826,392.5958569318465,3.4659188955996547
4199,0.47517522119286204,0.3030500099620561,826,392.49473270530405,3.4659188955996547
4200,0.3574163595322792,0.189999912545142,1015,362.77760492526335,3.5674362089914946
4201,0.047315508367484625,0.0327624953766823,670,31.701390606214698,3.7557172557172556
4202,0.11900922230981048,0.0926540157535153,704,83.78249250610658,3.8057416267942585
4203,0.23997245991171104,0.1772767533386537,681,163.42124519987522,3.8084252758274824
4204,0.24444806778027506,0.17999794177630696,706,172.58033585287419,4.044787077826725
4205,0.2548499361940574,0.1991733468897504,706,179.92405495300451,4.044787077826725
4206,0.2373034482846949,0.1799453004971094,747,177.2656758686671,4.00070771408351
4207,0.2374102870877627,0.1757732561981466,679,161.2015849325909,3.7525879917184266
4208,0.23875134567081363,0.1718596304135622,679,162.11216371048246,3.7525879917184266
4209,0.243786462924063,0.18634118495345586,688,167.72508649175535,3.6877551020408164
4210,0.22760385303104103,0.1690814507162758,729,165.92320885962891,3.7645968489341985
4211,0.21522880107060144,0.15431680092376085,808,173.90487126504595,3.7766497461928936
4212,0.20906395479937187,0.1519758122377146,764,159.7248614667201,3.641
4213,0.185708546162569,0.1392255998343161,767,142.43845490669042,3.637450199203187
4214,0.18668579655353534,0.1433701315183917,799,149.16195144627474,3.696113074204947
4215,0.2633777105916237,0.1989696815027266,728,191.73897331070202,3.7028985507246377
4216,0.3185172982573893,0.248223968816656,613,195.25110383177963,3.756853396901073
4217,0.3185172982573893,0.248223968816656,613,195.25110383177963,3.756853396901073
4218,0.6717412439618647,0.5247440039729909,698,468.8753882853816,3.627956989247312
4219,0.7897849018904407,0.5171422100842886,853,673.6865213125459,3.766996699669967
4220,0.5134895593683683,0.4112292073507494,932,478.57226933131926,3.8127467569091933
4221,0.6261862810114878,0.5086389840931875,894,559.8105352242701,3.750927070457355
4222,0.6178905444120064,0.5066583711166137,894,552.3941467043337,3.750927070457355
4223,0.6753597287608848,0.5672843192187753,802,541.6385024662296,3.683861459100958
4224,0.7438051028485675,0.6051966254769128,948,705.127237500442,3.7618775042930737
4225,1.4741931206222423,1.1290184046540486,997,1469.7705412603755,3.8256059009483665
4226,3.1011572400149814,2.364205032955299,936,2902.6831766540226,3.7844671884406984
4227,3.496545369840582,2.9246977812525508,842,2944.09120140577,3.6559139784946235
4228,3.1502718315700493,2.432320952937597,932,2936.053347023286,3.7095490716180373
4229,2.773527984965085,2.0672516573659636,942,2612.66336183711,3.700854700854701
4230,2.6430263556530593,2.068106694952605,847,2238.6433232381414,3.6329830234438156
4231,1.2845800213043292,1.0553200767127413,827,1062.3476776186803,3.6550580431177444
4232,1.0326333020568672,0.7484601892827503,858,885.999373164792,3.5802948021722267
4233,1.150199514016007,0.8220929324711144,855,983.4205844836861,3.353586497890295
4234,1.2281346356532328,0.8497406533187536,832,1021.8080168634897,3.3336244541484716
4235,1.245823344994017,0.8287663128446294,780,971.7422090953332,3.569373942470389
4236,2.009525848149874,1.2139811692800793,891,1790.4875307015375,3.6920572916666665
4237,1.9430504846302399,1.5356286059626987,812,1577.7569935197548,3.7177650429799427
4238,2.812856891584625,2.30139638708072,949,2669.4011901138088,3.750970604547976
4239,4.568465371706232,3.6810702107191178,1034,4723.793194344244,3.6573208722741435
4240,4.322269877947953,3.837302909005227,1064,4598.895150136622,3.637709772951629
4241,3.043642455682997,2.512081560187492,1011,3077.12252269551,3.716222760290557
4242,2.8899046994340494,2.482080382358287,849,2453.529089819508,3.688285903375248
4243,2.5813569633692777,2.182153866439945,872,2250.9432720580103,3.5450070323488045
4244,2.842273022251428,1.8752657364821697,932,2648.998456738331,3.5103318722604886
4245,3.3577232760799234,2.8523341881434843,960,3223.4143450367264,3.4973166368515205
4246,3.233633324206051,2.262410609940395,935,3023.447158132658,3.421153846153846
4247,3.797061084437212,2.899810598881558,808,3068.0253562252674,3.433277027027027
4248,3.379223515675538,2.4550328758758457,800,2703.3788125404303,3.4244235695986336
4249,2.763790761910837,1.763865830825326,1051,2904.7440907682894,3.271279853031231
4250,3.4944594268806455,2.41637757020231,1048,3662.1934793709165,3.2660098522167487
4251,3.0884800921453563,2.374006558489741,974,3008.179609749577,3.383005707038681
4252,3.2121572419234266,2.557888319762493,787,2527.9677493937365,3.4063848144952544
4253,2.3024358845858415,1.241794761768778,1088,2505.0502424293954,3.578095238095238
4254,3.9397484654772756,1.3307164691929574,1457,5740.213514200391,3.6185330713817945
4255,4.299372173786463,1.7980932692784295,1368,5881.541133739882,3.5471135940409684
4256,5.563409151096446,1.5122471752327329,1471,8183.774861262871,3.6325077399380805
4257,6.377427996394195,3.1933026336665247,1223,7799.594439590101,3.5198183319570604
4258,5.279508026184058,3.750684970703997,933,4925.780988429727,3.511985248924401
4259,2.6419078398720597,1.9404763054663041,1024,2705.313628028989,3.6349924585218703
4260,3.3744821995433,2.6728111284101375,938,3165.2643031716157,3.5366666666666666
4261,3.986345088609403,2.740540390000672,943,3759.123418558667,3.512871287128713
4262,3.230534157706856,2.099096245930567,1084,3501.899026954232,3.621885686370298
4263,3.6406696123547535,2.5595072983115683,1025,3731.6863526636225,3.489807162534435
4264,3.64898088325088,2.34512424304715,1016,3707.364577382894,3.467082860385925
4265,4.233080869196929,3.0220956273485204,963,4076.4568770366427,3.493076459963877
4266,4.788821427136403,2.2144775070052907,1270,6081.803212463232,3.585832083958021
4267,7.9402108037254555,6.344122155791046,875,6947.684453259773,3.6662686567164178
4268,5.598036565283627,3.629417836353749,1059,5928.320722635361,3.728448275862069
4269,5.921485913760209,3.871173361819845,981,5808.9776813987655,3.707933299646286
4270,3.4220676138641886,2.518628695515,868,2970.3546888341157,3.6192754613807248
4271,3.5747478236922157,2.96340420284532,779,2784.728554656236,3.643533123028391
4272,2.7966404408433485,1.8892701712567603,816,2282.0585997281723,3.688179347826087
4273,1.9240253362955673,1.3422295603591403,879,1691.2182706038036,3.6677018633540373
4274,0.9266442512870484,0.562703667532206,996,922.9376742819002,3.7745249101181306
4275,1.080229134903715,0.8459823390469379,1065,1150.4440286724564,3.8920579201404126
4276,2.3296071154842948,1.841040110567943,994,2315.629472791389,3.880161127895267
4277,3.4281742101450385,2.6263611148675627,844,2893.3790333624124,3.666166541635409
4278,3.0905378307613542,2.336325987189533,920,2843.294804300446,3.8388761467889907
4279,2.9389910872290868,1.8798523829579064,950,2792.041532867632,3.870633187772926
4280,2.221561097974959,1.5099898341765154,969,2152.6927039377356,3.947038998555609
4281,1.8279060383187224,1.3565491856255267,970,1773.0688571691608,3.810022026431718
4282,1.0785548440695565,0.7711011148438897,995,1073.1620698492086,3.834825870646766
4283,0.6625860195297187,0.4252670363517484,1051,696.3779065257344,3.817504655493482
4284,0.7740349872509532,0.4118562713226874,785,607.6174649919983,3.482905982905983
4285,0.4581462659964346,0.3497259338214816,763,349.5656009552796,3.4463229078613695
4286,0.2885593529167242,0.238335816000447,637,183.81230780795332,3.5143737166324436
4287,0.2885593529167242,0.238335816000447,637,183.81230780795332,3.5143737166324436
4288,0.2544236681139241,0.1911997994355989,789,200.74027414188612,3.5811638591117916
4289,0.19103784147042233,0.1181704355465252,1033,197.34209023894627,3.542305508233958
4290,0.30672503823045566,0.1363404831994878,1214,372.36419641177315,3.49102377486657
4291,0.40838660984432473,0.2378265309039821,1037,423.49691440856475,3.3185041908446165
4292,0.38522367711176636,0.18390196905031564,1178,453.7934916376608,3.4394481349003576
4293,0.29770111378503566,0.1399919399428337,1154,343.5470853079311,3.5131105398457585
4294,0.3715672195571375,0.2466822039095891,847,314.71743496489546,3.35056967572305
4295,0.36316824723133345,0.2321199789306474,889,322.85657178865546,3.337002540220152
4296,0.36024801722635785,0.21874640922990257,906,326.3847036070802,3.4123222748815167
4297,0.39420224057882913,0.2608939162322959,817,322.0632305529034,3.3675373134328357
4298,0.3999679329958695,0.2608939162322959,826,330.37351265458824,3.4659188955996547
4299,0.3997533029550448,0.2608939162322959,826,330.196228240867,3.4659188955996547
4300,0.3454540176100928,0.2149768832595596,883,305.03589754971193,3.4472199838839646
4301,0.03618192209040849,0.0197666579471754,596,21.56442556588346,3.80188679245283
4302,0.11829580860956279,0.0887328130019017,661,78.19352949092101,3.806451612903226
4303,0.21462977965774607,0.1583833877900443,753,161.6162240822828,3.8066666666666666
4304,0.25679040661099756,0.2088128414503992,646,165.8866026707044,3.800215982721382
4305,0.23693933433826547,0.17368913813941594,732,173.43959273561032,4.19376124775045
4306,0.24602084613979042,0.18307013941116046,706,173.69071737469204,4.044787077826725
4307,0.25052168780874023,0.2001935590520664,646,161.8370103244462,3.800215982721382
4308,0.25081395761721414,0.2001935590520664,646,162.02581662072032,3.800215982721382
4309,0.3097238778522143,0.2535986376701815,747,231.36373675560407,3.721266968325792
4310,0.2785795626904676,0.2257570663826216,749,208.65609245516023,3.7177637511271415
4311,0.30187055328652673,0.2175479050709659,639,192.8952835500906,3.677456647398844
4312,0.30230267509496755,0.2175479050709659,639,193.17140938568426,3.677456647398844
4313,0.30230267509496755,0.2175479050709659,639,193.17140938568426,3.677456647398844
4314,0.2696288730297541,0.20427330033549507,724,195.21130407354195,3.6964980544747084
4315,0.3185172982573893,0.248223968816656,613,195.25110383177963,3.756853396901073
4316,0.3185172982573893,0.248223968816656,613,195.25110383177963,3.756853396901073
4317,0.3185172982573893,0.248223968816656,613,195.25110383177963,3.756853396901073
4318,0.45359143811427666,0.3607690985173277,698,316.6068238037651,3.627956989247312
4319,0.8621870648266665,0.6443389849851379,698,601.8065712490132,3.627956989247312
4320,0.7062473600504741,0.4047123213987679,968,683.6474445288588,3.796080508474576
4321,0.946051739202983,0.7847394995817943,863,816.4426509321744,3.565897244973939
4322,0.82619910614004,0.6507425821642103,890,735.3172044646356,3.755431409062694
4323,0.7695948569352804,0.6221074166885411,933,718.0320015206166,3.721896955503513
4324,1.194899711661133,0.8078438047901879,1060,1266.593694360801,3.7774538386783285
4325,3.333753215541188,2.5064822513433147,943,3143.7292822553404,3.6711886304909562
4326,3.822995429172676,3.165226383483999,828,3165.440215354976,3.6387702818104186
4327,2.0012638405312777,1.558025098208736,829,1659.0477238004291,3.6429177268871924
4328,2.3210329536425416,1.888098668935533,817,1896.2839231259566,3.5961199294532626
4329,2.599637149270848,1.9877996897764516,925,2404.6643630755343,3.694857916102842
4330,1.5160577043320447,1.0266446504761702,981,1487.2526079497359,3.677325581395349
4331,1.0074360641147562,0.7959927260270121,861,867.4024512028051,3.655937052932761
4332,0.8541628879131119,0.5079120228778323,1038,886.6210776538102,3.6485671191553544
4333,0.9946428735310979,0.69136192052947,933,928.0018010045144,3.5283375314861463
4334,1.0070800344071487,0.6996050187577434,877,883.2091901750695,3.6036585365853657
4335,1.1526901138419214,0.8190016469120114,836,963.6489351718463,3.5157232704402515
4336,1.5095569600927092,1.1639233526723805,716,1080.8427834263798,3.5754189944134076
4337,1.5778015222248576,1.2783049966837376,710,1120.239080779649,3.630824372759857
4338,2.249360254464371,2.0973142473644826,901,2026.6735892723984,3.6685714285714286
4339,4.2887674863565985,3.921744875483359,913,3915.6447150435747,3.6989576946658493
4340,4.525193025616279,4.209226576710581,918,4154.127197515744,3.6815642458100557
4341,4.223804346875175,3.6200251268490433,917,3873.2285860845354,3.664797507788162
4342,4.259074491677806,3.4695713912125905,965,4110.006884469083,3.655644241733181
4343,3.9881261481618995,3.130967939933021,947,3776.755462309319,3.5137254901960784
4344,4.023394656579366,2.6097130406460654,1014,4079.7221817714767,3.487237663074305
4345,5.86683044160159,4.824463660379177,802,4705.198014164475,3.4006488240064883
4346,4.346712296600109,3.3862196439572534,960,4172.843804736105,3.4234939759036145
4347,3.2268846291893376,2.261531680952088,1081,3488.262284153674,3.4948453608247423
4348,4.0648259055809195,2.698843207147767,963,3914.4273470744256,3.4178037686809617
4349,4.681804712499595,3.170208631789591,1033,4836.304268012082,3.278376664552949
4350,3.7711419393509455,2.5529623960786814,1127,4250.076965648515,3.2805479452054795
4351,4.294914907646887,2.6570562084764253,1006,4320.684397092768,3.4228707564026206
4352,3.1441392179568926,2.0627916465910907,1097,3449.120722098711,3.427336574824419
4353,3.3700739083104003,2.240763038076067,1197,4033.9784682475492,3.5472458575906853
4354,4.846481143881129,2.8484451376588327,1307,6334.350855052636,3.472851646002565
4355,6.13829132875083,4.2110567912824575,1166,7157.247689323468,3.415911379657603
4356,4.779249652108671,1.4612747700535331,1505,7192.77072642355,3.4844221105527637
4357,5.343295562246516,2.6524276810367997,1293,6908.881161984746,3.4739562624254474
4358,4.3769370968939345,2.577106442787067,1274,5576.217861442873,3.4593143329202807
4359,4.544989215320933,3.1281510616948367,1138,5172.197727035222,3.6359223300970873
4360,2.365753415388613,1.727907687530458,1020,2413.068483696385,3.575892857142857
4361,3.5390191038095584,2.4784922042153403,649,2296.8233983724035,3.5336426914153134
4362,8.066156674675106,5.199346416037218,974,7856.436601133553,3.387328543435663
4363,6.147377892107107,4.115381467077805,1032,6344.093984654534,3.412859560067682
4364,4.08158146071131,1.901179323351952,1213,4950.958311842819,3.519705500216544
4365,5.43622696467828,2.8604291363529226,1205,6550.653492437327,3.462374945628534
4366,10.138191561623746,5.061693464495274,1165,11810.993169291663,3.4913062862238076
4367,9.492663595809395,4.480675893654749,1000,9492.663595809396,3.695274831243973
4368,5.84853791569158,4.269998930567478,964,5637.990550726683,3.7011930585683297
4369,7.197459932328943,5.303801811784526,872,6276.185060990839,3.6317991631799162
4370,4.603063660957909,2.719602151183525,1036,4768.7739527523945,3.7129719264278798
4371,3.6506308553638096,3.1567261989543747,940,3431.593004041981,3.707452725250278
4372,3.6616571559231224,3.1486746535710566,946,3463.9276695032736,3.7431043807463493
4373,1.2295697089452522,0.8211687358088495,887,1090.6283318344388,3.644123440577807
4374,1.2980390868645681,0.8711684824033512,518,672.3842469958463,3.7359913793103448
4375,0.780374926359562,0.4921262650432783,889,693.7533095336506,3.7632093933463797
4376,2.0343089740328293,1.376603332389989,908,1847.152548421809,3.7534504391468007
4377,2.8192780511523043,2.0689221492553855,860,2424.5791239909818,3.6763005780346822
4378,3.0679827731889096,2.154365027165012,890,2730.5046681381295,3.6662106703146375
4379,5.243215359154486,1.6083731172929894,932,4886.676714731981,3.8363740022805017
4380,3.828901048333748,1.4553016946031159,902,3453.6687455970405,3.8545454545454545
4381,1.6729274467781692,1.1599942827067586,897,1500.6159197600177,3.677954388389772
4382,0.975993386257998,0.621095018413133,896,874.4900740871662,3.749525616698292
4383,0.7853533670799345,0.5931434334932485,887,696.6084365999019,3.6852348993288593
4384,0.5763769521724187,0.3249192448650813,1046,602.8902919723499,3.4182926829268294
4385,0.42544387598837435,0.2879232807882608,1003,426.72020761633945,3.43403205918619
4386,0.2602470217247273,0.1829601594155668,939,244.37195339951896,3.4186206896551723
4387,0.25501134646842377,0.17139623720309,952,242.77080183793942,3.402464065708419
4388,0.2517318320721444,0.1745962700182033,939,236.37619031574357,3.4186206896551723
4389,0.2844083239558025,0.1843544584306059,939,267.05941619449857,3.4186206896551723
4390,0.32033324268308305,0.1870409156416726,1102,353.00723343675753,3.363529411764706
4391,0.3924087337146027,0.23217993729016215,1060,415.9532577374789,3.347826086956522
4392,0.3456541553145385,0.1351495362532144,1244,429.9937692112859,3.498334126606378
4393,0.3016155925447777,0.1345293058418436,1193,359.8274019059198,3.5231755424063116
4394,0.3686139816345501,0.2336829456454906,915,337.2817931956134,3.4062262718299166
4395,0.29383300475118135,0.1426959185423892,1111,326.4484682785625,3.4791666666666665
4396,0.3941919628775901,0.2608939162322959,817,322.0548336709911,3.3675373134328357
4397,0.39420224057882913,0.2608939162322959,817,322.0632305529034,3.3675373134328357
4398,0.39420224057882913,0.2608939162322959,817,322.0632305529034,3.3675373134328357
4399,0.3611250360489893,0.219765834283715,883,318.87340683125757,3.4472199838839646
4400,0.25753859919896815,0.145235539607568,933,240.2835130526373,3.4155942467827405
4401,0.05091665722406375,0.0374313817248282,422,21.486829348554902,4.044977511244378
4402,0.05360879181782358,0.03700570112671795,596,31.950839923422855,3.80188679245283
4403,0.19916500656119895,0.1524390002643834,661,131.64806933695252,3.806451612903226
4404,0.25679040661099756,0.2088128414503992,646,165.8866026707044,3.800215982721382
4405,0.25679040661099756,0.2088128414503992,646,165.8866026707044,3.800215982721382
4406,0.22868359734040938,0.1724256008767836,714,163.2800885010523,4.045985401459854
4407,0.24464562555001643,0.18108793072106485,706,172.7198116383116,4.044787077826725
4408,0.187976877497478,0.11412449218424325,880,165.41965219778064,3.914942528735632
4409,0.2517593606767432,0.1924233057792995,725,182.52553649063884,3.7735321528424977
4410,0.2969288666546245,0.197139720633296,639,189.73754579230504,3.677456647398844
4411,0.3019661005169993,0.2175479050709659,639,192.95633823036255,3.677456647398844
4412,0.3012116794833206,0.212759778337058,639,192.47426318984188,3.677456647398844
4413,0.30121167948329186,0.2127597783367771,639,192.4742631898235,3.677456647398844
4414,0.2652049976637186,0.1943922048072009,724,192.00841830853224,3.6964980544747084
4415,0.3185172982573893,0.248223968816656,613,195.25110383177963,3.756853396901073
4416,0.3185172982573893,0.248223968816656,613,195.25110383177963,3.756853396901073
4417,0.3185172982573893,0.248223968816656,613,195.25110383177963,3.756853396901073
4418,0.401372169625608,0.3186705925123695,698,280.1577743986744,3.627956989247312
4419,0.7325148718826161,0.5676129246991684,698,511.29538057406603,3.627956989247312
4420,0.8643665491960465,0.5682006682521787,924,798.674691457147,3.8251396648044693
4421,1.2236505180857569,0.9752253740555312,863,1056.0103971080082,3.565897244973939
4422,0.9702727198398929,0.7871864791217965,863,837.3453572218276,3.538109756097561
4423,1.202545675445667,0.9506663372589241,834,1002.9230933216862,3.5383399209486166
4424,1.1629731037945106,0.8037501078314944,958,1114.128233435141,3.6453416149068323
4425,2.0270562117936053,1.4337196506083434,1032,2091.9220105710006,3.6966233766233767
4426,2.026418146699794,1.758334684352503,865,1752.851696895322,3.6391673091750194
4427,1.665108634839147,1.4123312727007662,794,1322.0962560622827,3.6204379562043796
4428,2.0479884615752595,1.814903280005584,801,1640.4387577217828,3.6178861788617884
4429,2.006644405103903,1.5864573811478158,882,1769.8603653016423,3.642601858470336
4430,1.0391723045085441,0.8355322225638386,879,913.4324556630104,3.6423982869379015
4431,0.9991224517193203,0.832074621815654,745,744.3462265308937,3.540590405904059
4432,1.116465944003119,0.9454081404259156,891,994.7711561067791,3.610862619808307
4433,1.5324015708731207,1.3116682608098231,760,1164.6251938635717,3.523550724637681
4434,1.2735108641288548,1.0584054800612737,879,1119.4160495692634,3.643410852713178
4435,1.1991140910812166,0.913043160044892,833,998.8620378706534,3.5485327313769752
4436,2.0310406534201406,1.6183699212515434,763,1549.6840185595672,3.5581589958158997
4437,2.182691633280979,1.8902931497975504,753,1643.566799860577,3.600826446280992
4438,2.3440809474956312,1.9569303028267304,626,1467.394673132265,3.5714285714285716
4439,2.0083393304602066,1.657687786279617,799,1604.663125037705,3.655639097744361
4440,4.001571869059805,3.4974768044467632,768,3073.2071954379303,3.650858544562551
4441,4.1260903248778185,3.571050140466283,793,3271.98962762811,3.656373713380839
4442,5.880174839646426,4.483445682237268,907,5333.318579559309,3.5993333333333335
4443,6.808609677446312,4.820971591053372,867,5903.064590345953,3.4536163522012577
4444,7.017761798948897,5.924195520510058,1034,7256.36570011316,3.585795749092794
4445,5.328150185762714,3.029601992243885,1131,6026.1378600976295,3.5775862068965516
4446,6.064962160832489,4.642151882936655,1052,6380.340193195779,3.5356227575602257
4447,5.540302356775884,3.930301964341479,1092,6050.010173599266,3.4416058394160585
4448,4.263899269606103,2.4263903300956025,1013,4319.329960110982,3.480822679266259
4449,4.105414304758353,2.668484653903747,1123,4610.380264243631,3.3692390139335475
4450,4.392637458262849,2.904378047497497,1036,4550.772406760311,3.2853598014888337
4451,5.898586278539722,2.998575423482716,932,5497.48241159902,3.2861423220973784
4452,7.60486197969327,2.8298481543251235,1151,8753.196138626954,3.395048994326973
4453,6.973472643220815,3.225524251531554,1270,8856.310256890436,3.525402201524132
4454,4.429980620664339,2.390413533284672,1381,6117.803237137452,3.474449685534591
4455,5.035396876033853,1.8619494165403367,1482,7462.458170282171,3.6145975443383356
4456,5.764849484832659,0.8064149316420562,1931,11131.924355211864,3.625562781390695
4457,6.805102808578209,1.7513792451918977,1704,11595.895185817268,3.6079545454545454
4458,6.079694291285386,3.5921598735177778,1288,7830.646247175577,3.3693850850414306
4459,6.3916514839916125,4.487845180226528,1059,6768.758921547118,3.378285714285714
4460,5.591857481750027,3.7173602401176007,1053,5888.225928282778,3.4412751677852347
4461,5.706207156128666,4.037957253175868,1016,5797.506470626724,3.424115176964607
4462,7.921192809536168,5.845113019900266,1123,8895.499525109117,3.4871923656454045
4463,4.478116195505175,2.873273561283785,1107,4957.2746284242285,3.5305927342256216
4464,5.413647588913813,2.7548570496039773,1220,6604.650058474852,3.566775244299674
4465,6.606773425536135,3.9305204569939125,1144,7558.1487988133385,3.409797456429581
4466,4.814929987588536,2.7182849618930396,1156,5566.059065652347,3.4291079812206573
4467,5.335823324702561,4.3082573722876685,888,4738.2111123358745,3.485974754558205
4468,6.194283724661361,4.756999911688728,888,5500.523947499289,3.6769993800371976
4469,5.775893791795286,4.459531803981312,868,5013.475811278308,3.7172912557527944
4470,5.87987860179609,4.953689647413179,973,5721.121879547595,3.717517096265124
4471,5.6557847565156285,5.128763496384534,869,4914.876953412081,3.6577922077922076
4472,5.043475450509578,4.301734610977361,943,4755.997349830532,3.7375886524822697
4473,1.2045176173768404,0.8765762827345749,872,1050.339362352605,3.650962176509622
4474,0.9250932358816318,0.5618725588756069,518,479.1982961866853,3.7594142259414225
4475,0.7037364310437335,0.4068724312581182,663,466.57725378199535,3.637979420018709
4476,1.0245811772643167,0.6513708809174559,866,887.2872995108984,3.7971204188481678
4477,2.077766886558701,1.3865502297511585,836,1737.013117163074,3.7263389581804844
4478,3.2533906345713914,1.8035069862317372,878,2856.4769771536817,3.697513812154696
4479,3.9071151138138998,1.5812122805709636,902,3524.2178326601374,3.8267236119585113
4480,5.202544365363612,0.7120732659326512,731,3803.0599310808,3.7259062776304157
4481,1.2533907618419622,0.5035346723950727,876,1097.9703073735589,3.66025641025641
4482,0.8385491228822827,0.6775317621819282,840,704.3812632211175,3.6300148588410104
4483,0.5067254368297346,0.3053939431217496,1115,564.9988620651541,3.5617219917012446
4484,0.38943151267227755,0.2514105423301708,1037,403.84047864115183,3.4210526315789473
4485,0.3299439341756029,0.2068589596266873,971,320.3755600845104,3.4123376623376624
4486,0.3016263816056645,0.1990376148695225,925,279.00440298523966,3.372953736654804
4487,0.30511842879855056,0.1990376148695225,925,282.23454663865925,3.372953736654804
4488,0.30592086000346197,0.1990376148695225,925,282.9767955032023,3.372953736654804
4489,0.31208208397179615,0.1990376148695225,909,283.6826143303627,3.3929597701149423
4490,0.32630847002754837,0.164004516625009,1158,377.865208291901,3.3421348314606742
4491,0.3844419911786395,0.1724029517101236,1159,445.5682677760432,3.34641638225256
4492,0.273772126826498,0.1293879674853681,1199,328.2527800649711,3.417964693665628
4493,0.2451979283887863,0.1160819062094326,1171,287.12677414326873,3.4658385093167703
4494,0.24824694487725,0.1102923176090181,1147,284.73924577420576,3.482721956406167
4495,0.3311109006403232,0.1589340199418257,1129,373.8242068229249,3.471584699453552
4496,0.3933105368041037,0.2470926662205012,891,350.4396882924564,3.4561264822134388
4497,0.39420224057882913,0.2608939162322959,817,322.0632305529034,3.3675373134328357
4498,0.36827342577689337,0.2378265309039821,874,321.8709741290048,3.4328968903436987
4499,0.29906495432758895,0.1746667682834109,933,279.0276023876405,3.4155942467827405
4500,0.2355543989846353,0.1525707438437739,844,198.80791274303218,3.324396782841823
4501,0.03771678009246032,0.0225199211485206,591,22.29061703464405,3.769929364278507
4502,0.05091665722406375,0.0374313817248282,422,21.486829348554902,4.044977511244378
4503,0.12724634040194202,0.0982895762391261,661,84.10983100568367,3.806451612903226
4504,0.25679040661099756,0.2088128414503992,646,165.8866026707044,3.800215982721382
4505,0.25679040661099756,0.2088128414503992,646,165.8866026707044,3.800215982721382
4506,0.24418974088206236,0.1962777067827657,657,160.43265975951496,3.798076923076923
4507,0.1513602188073831,0.0932834392195854,867,131.22930970600115,3.943450663589152
4508,0.1775945384409401,0.120841105866054,909,161.43343544281453,3.9438386041439477
4509,0.256939718473331,0.1651025722497289,710,182.42720011606502,3.975775927327782
4510,0.2897917172476926,0.1875936486904463,652,188.94419964549556,3.67351598173516
4511,0.30230267509496755,0.2175479050709659,639,193.17140938568426,3.677456647398844
4512,0.3019390098911602,0.2175479050709659,639,192.93902732045134,3.677456647398844
4513,0.30230267509496755,0.2175479050709659,639,193.17140938568426,3.677456647398844
4514,0.24888586448943378,0.1835234865940975,731,181.9355669417761,3.700772200772201
4515,0.2917762774018731,0.2210169990075652,663,193.44767191744188,3.7158590308370045
4516,0.30131190998053536,0.2426495864256441,648,195.25011766738692,3.7251396648044692
4517,0.3185172982573893,0.248223968816656,613,195.25110383177963,3.756853396901073
4518,0.3185172982573893,0.248223968816656,613,195.25110383177963,3.756853396901073
4519,0.4805987948348569,0.389199149553224,698,335.45795879473013,3.627956989247312
4520,0.8433107486315932,0.6552792208723665,805,678.8651526484325,3.7046548956661316
4521,1.336215916557145,1.0661085319315315,844,1127.7662335742305,3.5365659777424483
4522,1.2689042490785474,0.9909493923908992,816,1035.4258672480946,3.5439469320066337
4523,1.3176577667210667,1.057711437423983,781,1029.0907158091532,3.547186147186147
4524,1.1089609086713834,0.7644744605188841,958,1062.3845505071854,3.6453416149068323
4525,1.4914381533305536,1.1792347335565454,958,1428.7977508906704,3.6453416149068323
4526,2.0465640940120315,1.7624271966509746,865,1770.2779413204073,3.6391673091750194
4527,1.560214682864327,1.2937175439934658,924,1441.6383669666382,3.681643132220796
4528,1.5103383856371335,1.1605705369651855,985,1487.6833098525765,3.710144927536232
4529,1.4800316479974702,0.9545592471928221,1002,1482.9917112934652,3.717357105401154
4530,1.372733778221338,1.0883597789395254,776,1065.2414118997583,3.5707196029776673
4531,0.9417012156714,0.7690553499288166,798,751.4775701057772,3.5625491738788355
4532,1.324164002794277,1.2200510029752156,856,1133.4843863919011,3.6146408839779007
4533,2.0319649183382884,1.869376370646913,798,1621.5080048339541,3.538971807628524
4534,1.9560852131054502,1.7473600726811445,851,1664.6285163527382,3.551395007342144
4535,2.112125565704217,1.6919749347483335,798,1685.4762014319654,3.5822187254130604
4536,2.680075402539192,2.114576864208736,793,2125.2997942135794,3.6056231003039514
4537,2.537930109529806,2.026295536844657,790,2004.9647865285467,3.466171617161716
4538,2.123423314727481,1.6784125519435922,706,1499.1368601976014,3.4488348530901725
4539,2.0570110353393853,1.6961423368073105,878,1806.0556890279802,3.7246737103791174
4540,3.8212459902421063,3.2162040042323117,822,3141.0642039790114,3.730795847750865
4541,4.178014065762049,3.5967410703138176,762,3183.646718110682,3.6396997497914927
4542,4.183525008192096,3.442731736388801,964,4032.918107897181,3.5903903903903904
4543,4.9986032509630425,4.068910718696243,839,4193.828127557993,3.4207836456558773
4544,6.3314591929406765,5.385344433395741,1000,6331.459192940676,3.614798694232862
4545,6.449191014080158,3.803537762403368,1132,7300.484227938739,3.592811646951774
4546,6.75311922022471,5.039993139045515,987,6665.328670361789,3.4317343173431736
4547,6.508404027471068,4.3429619345891375,1088,7081.143581888522,3.4695121951219514
4548,10.353899263371842,6.156538676326731,1077,11151.149506651474,3.4845154845154847
4549,6.133945452260767,3.3057738932107275,1186,7274.8593063812705,3.413554633471646
4550,3.685398220104728,2.0583004643448657,1120,4127.646006517295,3.307399347116431
4551,3.639638801178515,2.3711758527262323,1057,3847.0982128456903,3.3591423466349015
4552,3.863623155495721,1.733492345808232,1275,4926.119523257044,3.4329986905281538
4553,6.605315455456919,3.104164558957724,1385,9148.361905807833,3.4308656482569524
4554,4.689231193800793,0.705937697893891,2013,9439.422393120996,3.6959490213928086
4555,6.26389718258978,1.2059437227265069,1833,11481.723535687066,3.679404975634778
4556,9.225503879970134,3.61049657062518,1447,13349.304114316783,3.689620758483034
4557,4.996711842909665,0.9953978846915472,1710,8544.377251375527,3.636617359754396
4558,5.57485393316347,2.4905720899503767,1314,7325.3580681768,3.4713940370668817
4559,6.309421015607389,3.6722386750142606,1117,7047.623274433453,3.4293006636038794
4560,4.646108314511878,2.695617451943252,1233,5728.651551793145,3.548227535037098
4561,6.100790370969851,4.247410957038121,1129,6887.792328824962,3.5309229305423404
4562,5.901964512345794,5.003012296682934,928,5477.023067456897,3.4723549488054606
4563,2.536151406484226,1.8486452820014607,906,2297.7531742747087,3.487886944818304
4564,2.867081698028071,2.3307313397592377,840,2408.34862634358,3.5340425531914894
4565,2.6861836404498374,2.2281124818321363,958,2573.363927550944,3.454981992797119
4566,4.642158385067906,2.9539325259975224,896,4159.373913020843,3.446662078458362
4567,4.411336329850425,2.911143179961046,775,3418.7856556340794,3.483898305084746
4568,3.946560409993342,2.7272666098652243,823,3248.0192174245203,3.5915390226112325
4569,5.374012241742323,4.237089266040341,1017,5465.370449851942,3.784357048166151
4570,5.274819505126585,4.1623949340244355,1042,5496.361924341902,3.804198800342759
4571,4.70584883575203,4.148638269988754,1041,4898.788638017863,3.8114861902674266
4572,4.104475528205286,3.3357126720217414,1012,4153.729234543749,3.8690012970168612
4573,0.5117012839633742,0.2410284782739812,845,432.3875849490512,3.732764281024294
4574,0.5502178539947663,0.253041234277902,536,294.91676974119474,3.762954796030871
4575,0.5690556188120994,0.3440300746489161,536,305.01381168328527,3.7807775377969763
4576,0.654990094486517,0.5362801975306921,671,439.4983534004529,3.672178988326848
4577,1.2297069159670557,0.8867674824478162,665,817.7550991180921,3.510614525139665
4578,1.7159700278835859,1.0473139823276751,894,1534.0772049279258,3.6902356902356903
4579,1.5262143173711593,0.8987999377135281,956,1459.0608874068282,3.8263473053892216
4580,1.5045705064975572,0.5857094096165869,768,1155.510148990124,3.719672131147541
4581,0.846376057576264,0.6640936049560267,717,606.8516332821813,3.6982300884955754
4582,0.916473207826717,0.7035002820401641,697,638.7818258552218,3.720972097209721
4583,0.35305930591912327,0.2329482809808314,1025,361.8857885671014,3.5610885929357265
4584,0.315045401359578,0.1990376148695225,881,277.5549985977882,3.406037735849057
4585,0.315045401359578,0.1990376148695225,881,277.5549985977882,3.406037735849057
4586,0.315045401359578,0.1990376148695225,881,277.5549985977882,3.406037735849057
4587,0.315045401359578,0.1990376148695225,881,277.5549985977882,3.406037735849057
4588,0.3003883427052669,0.1990376148695225,925,277.85921700237185,3.372953736654804
4589,0.3007219570609896,0.18979508602394884,1036,311.54794751518523,3.362437185929648
4590,0.5351653411912627,0.23190502412715736,1122,600.4555128165968,3.4409492273730686
4591,0.5099328635588288,0.2334273443920476,1087,554.297022688447,3.4386873920552676
4592,0.4758033398592709,0.2004150219007114,993,472.47271648025605,3.4597126795752655
4593,0.2619420595297866,0.0921228886228761,1222,320.0931967453992,3.4985059760956174
4594,0.3170137974054592,0.0906105558074023,1345,426.38355751034265,3.569255404323459
4595,0.3349286862759607,0.230095930044146,828,277.32095223649543,3.4585492227979273
4596,0.36766004762154303,0.28665616646770753,866,318.39360124025626,3.419951729686243
4597,0.3386802312077851,0.22282197654064415,880,298.0386034628509,3.5050426687354537
4598,0.32399170542703914,0.1899620204332395,938,303.90421969056274,3.4713144517066086
4599,0.2366239732900516,0.1433352056341884,898,212.48832801446633,3.390302066772655
4600,0.306539412008272,0.2248633576778511,636,194.959066037261,3.5124069478908186
4601,0.04585388918535842,0.0322780380082864,573,26.274278503210375,4.131443298969073
4602,0.05091665722406375,0.0374313817248282,422,21.486829348554902,4.044977511244378
4603,0.05391323415322264,0.0373017454636239,661,35.63664777528017,3.806451612903226
4604,0.17344084325402492,0.1177248465425515,857,148.63880266869936,3.8263123784834736
4605,0.20479507438455033,0.14604713857366144,812,166.29360040025486,3.8521320495185694
4606,0.2312535772057543,0.1727632599050719,707,163.49627908446828,3.8141086749285034
4607,0.13744287170661285,0.095282878273235,889,122.18671294717882,3.792134831460674
4608,0.1699072374541612,0.1199762441660462,842,143.06189393640372,3.7054747054747055
4609,0.21357260299646905,0.1530270820678407,594,126.86212617990262,3.7995110024449876
4610,0.26094176535394,0.1929979373535435,658,171.69968160289253,3.6602491506228767
4611,0.29964593169403186,0.20155415781402353,646,193.57127187434457,3.660939289805269
4612,0.30230267509496755,0.2175479050709659,639,193.17140938568426,3.677456647398844
4613,0.26149599568460746,0.1907903668170841,652,170.49538918636406,3.67351598173516
4614,0.17006716949028922,0.1301545509059801,706,120.06742166014419,3.710735586481113
4615,0.22023089517847336,0.1764427036975904,657,144.691698132257,3.7288888888888887
4616,0.2926874108879969,0.225244552947392,663,194.05175341874192,3.7158590308370045
4617,0.3185172982573893,0.248223968816656,613,195.25110383177963,3.756853396901073
4618,0.3185172982573893,0.248223968816656,613,195.25110383177963,3.756853396901073
4619,0.3185172982573893,0.248223968816656,613,195.25110383177963,3.756853396901073
4620,0.566621255857972,0.4703373667349397,837,474.2619911531225,3.6846153846153844
4621,1.3153054681318304,1.035853446417366,844,1110.1178151032648,3.5365659777424483
4622,1.3162945012815914,1.0756355143092409,814,1071.4637240432155,3.5396694214876034
4623,1.2746372917715336,1.0236911830642208,814,1037.5547555020285,3.5396694214876034
4624,1.239420689818306,0.9627506688779486,832,1031.1980139288305,3.537509667440062
4625,1.329282178708195,1.0197143537311453,954,1268.135198487618,3.64125
4626,1.317405987991107,0.6900260480505517,1130,1488.668766429951,3.698858647936787
4627,1.55506661271911,0.9716312634798486,1083,1684.137141574796,3.651559454191033
4628,1.6439862574659292,1.164957111680805,1073,1763.997254260942,3.6174863387978142
4629,1.933230115393037,1.6068071365584253,890,1720.5748026998028,3.5364238410596025
4630,1.4601164715656239,1.2415053283101845,799,1166.6330607809334,3.5587076438140266
4631,1.2612000898234663,1.066252096388588,819,1032.922873565419,3.5530474040632054
4632,1.6754260232665903,1.462199460657536,889,1489.4537346839988,3.616781465247339
4633,2.130363250510968,1.9655964240226176,802,1708.5513269097962,3.56988416988417
4634,2.0632211226256882,1.8950324280644943,827,1706.2838684114442,3.5736961451247167
4635,1.999469232679401,1.5907587484522518,868,1735.5392939657202,3.57475317348378
4636,2.750450835897321,2.2368920635895218,747,2054.586774415299,3.4720379146919433
4637,2.662033972948366,2.114090068609448,843,2244.0946391954726,3.4973743435858964
4638,3.5699643231886675,2.721154352713256,825,2945.220566630651,3.602322206095791
4639,3.671913559827526,2.472745039093425,808,2966.9061563406412,3.6168294515401955
4640,3.1860721958856075,2.018142322081267,917,2921.6282036271023,3.69436021831413
4641,3.530891865936322,2.71102338847148,991,3499.1138391428954,3.6513122656668453
4642,3.6503446414113805,2.7166989871077316,990,3613.8411949972665,3.6129912663755457
4643,4.35216264368292,3.2552573714645785,856,3725.4512229925795,3.492466296590008
4644,3.91873956180903,2.512123644122087,1066,4177.376372888426,3.6747747747747748
4645,4.66823857444052,3.1025374336266656,996,4649.565620142757,3.659969864389754
4646,5.127468833619714,3.782679412192178,876,4491.66269825087,3.54887714663144
4647,6.08691095871786,3.8335027134143433,1063,6470.386349117085,3.5483554246440843
4648,8.790608331790882,5.9680911993506625,1030,9054.326581744608,3.4626006904487916
4649,6.667674369902594,4.360676202082642,1029,6861.036926629769,3.488385598141696
4650,6.5620986031789235,4.162482449932495,1062,6968.9487165760165,3.4500548847420416
4651,6.119684426336318,4.104923260754567,933,5709.665569771784,3.3852515506547207
4652,5.88234468449313,3.1827056512995733,1142,6717.637629691155,3.4043715846994536
4653,8.099198355224175,3.854696362747719,1335,10812.429804224274,3.5028724626579852
4654,9.622392719413206,6.206893433972178,1193,11479.514514259954,3.5447437011294527
4655,6.795844999345528,1.0145374848086341,1796,12205.337618824567,3.729984701682815
4656,6.89727178692849,1.435984686416488,1788,12332.321955028141,3.7177225340817963
4657,3.7514796944459277,0.18038113686443918,1890,7090.296622502803,3.7209653092006034
4658,5.984958672860781,4.243279566291807,1042,6236.3269371209335,3.4773595199127114
4659,5.227009620816146,2.7374893776717237,1203,6288.092573841824,3.5950996677740865
4660,5.184553439012743,2.6567147813898675,1215,6299.232428400483,3.5353191489361704
4661,4.381735415645929,2.009571245442108,1305,5718.164717417938,3.604049493813273
4662,6.276570282676916,3.610569948191454,1128,7079.971278859562,3.671868033883192
4663,2.704226748810056,1.905686888274388,766,2071.437689588503,3.5602409638554215
4664,4.506416350281261,3.141592653589793,785,3537.5368349707896,3.6126126126126126
4665,2.3270480863475305,1.8450605874098984,791,1840.6950363008966,3.522239263803681
4666,3.324060670848381,2.614100191794641,785,2609.387626615979,3.562929061784897
4667,2.993242800023106,2.323130888243351,842,2520.310437619455,3.57319587628866
4668,2.4766745614275325,1.7718943045375568,923,2285.9706201976123,3.5973871733966747
4669,5.10715156125672,3.4904838761521035,1010,5158.223076869287,3.757162346521146
4670,5.559737987727495,5.086123412259234,911,5064.921306819748,3.7447721179624667
4671,5.266403182365132,4.822959296558111,925,4871.422943687748,3.8253886010362694
4672,3.349773022791548,2.485734904966297,829,2776.9618358941934,3.8175757575757574
4673,0.6024311317536333,0.3595190663190773,738,444.59417523418136,3.7453737971872685
4674,0.52203221655213,0.3405926632401425,653,340.88703740854083,3.7104779411764706
4675,0.7510652233515812,0.6141396612187886,419,314.69632858431254,3.898936170212766
4676,0.696359417981981,0.6141396612187886,517,360.01781909668415,3.697823303457106
4677,1.6934276847607834,1.014915903488181,566,958.4800695746035,3.621654501216545
4678,2.0853798162711765,1.5035655676961237,867,1808.0243007071101,3.6180408738548273
4679,2.4323536563549797,1.5710859267257926,920,2237.7653638465813,3.746938775510204
4680,1.060414468113932,0.8354947583201437,705,747.5922000203221,3.706405693950178
4681,0.9155962379220476,0.6812360795434742,694,635.423789117901,3.7193784277879343
4682,1.025278252974882,0.8301170061950333,668,684.8858729872212,3.7509328358208953
4683,0.3532405313681905,0.2367238903242703,1015,358.53913933871337,3.5627578078962876
4684,0.315045401359578,0.1990376148695225,881,277.5549985977882,3.406037735849057
4685,0.315045401359578,0.1990376148695225,881,277.5549985977882,3.406037735849057
4686,0.315045401359578,0.1990376148695225,881,277.5549985977882,3.406037735849057
4687,0.315045401359578,0.1990376148695225,881,277.5549985977882,3.406037735849057
4688,0.28499257774864784,0.1990376148695225,985,280.71768908241813,3.5217657878602084
4689,0.4049266290989413,0.1879431185435684,1160,469.7148897547719,3.55094726062468
4690,0.9019846970894513,0.3469889085881647,1043,940.7700390642976,3.4574726609963546
4691,0.7969334847400041,0.3794093731748653,855,681.3781294527035,3.530688622754491
4692,0.788146421968589,0.3369381754386487,735,579.2876201469129,3.6070507308684436
4693,0.8569578251342954,0.5076404680861256,645,552.7377972116205,3.6996497373029773
4694,0.21956250297803198,0.130899693902454,947,207.92569032019628,3.7099945385035498
4695,0.1614514931748602,0.1014778676954093,788,127.22377662178985,3.5289042277825713
4696,0.14844937086340204,0.0713160748343693,783,116.2358573860438,3.5218531468531467
4697,0.14844937086340204,0.0713160748343693,783,116.2358573860438,3.5218531468531467
4698,0.16148656064398742,0.0964689221934382,921,148.72912235311242,3.5017972681524085
4699,0.29069099717243047,0.21475601064023597,670,194.76296810552842,3.6106951871657755
4700,0.3062250026873901,0.2248633576778511,636,194.75910170918013,3.5124069478908186
4701,0.0618124359194305,0.0374313817248282,573,35.41852578183368,4.131443298969073
4702,0.04688949570108109,0.0334054210028698,573,26.867681036719468,4.131443298969073
4703,0.046887463598971925,0.028400349510509203,848,39.76056913192819,4.132797731568998
4704,0.10333208330848655,0.0659470375706322,916,94.65218831057368,3.8711826762909496
4705,0.1500291166542057,0.10920683808376574,760,114.02212865719635,3.8808844507845937
4706,0.20085996964383057,0.1569490423767107,743,149.2389574453661,3.8544866612772837
4707,0.27900389561654676,0.1864070401391442,691,192.7916918710338,3.7243133265513735
4708,0.2872539153887465,0.18615073261086215,652,187.28955283346272,3.67351598173516
4709,0.245615280091803,0.1831451694182842,652,160.14116261985555,3.67351598173516
4710,0.2915898365286944,0.18780141076595155,658,191.86611243588092,3.6602491506228767
4711,0.2983135252747008,0.1993441363333681,646,192.7105373274567,3.660939289805269
4712,0.25766595348976173,0.1913634242637287,652,167.99820167532465,3.67351598173516
4713,0.19610226231647251,0.1478796028065832,652,127.85867503034008,3.67351598173516
4714,0.1732037782773335,0.13103735698202665,678,117.43216167203211,3.7634297520661155
4715,0.19247236785408667,0.140917616961502,599,115.29094834459792,3.801643192488263
4716,0.2185796127287889,0.1725216523180358,663,144.91828323918705,3.7158590308370045
4717,0.292395092584838,0.2331793178151713,663,193.8579463837476,3.7158590308370045
4718,0.3185172982573893,0.248223968816656,613,195.25110383177963,3.756853396901073
4719,0.3185172982573893,0.248223968816656,613,195.25110383177963,3.756853396901073
4720,0.7443002354052596,0.5957159627207533,808,601.3945902074497,3.705835331734612
4721,1.4498476876347068,1.2064493084466794,763,1106.2337856652814,3.5912806539509536
4722,1.4498476876347068,1.2064493084466794,763,1106.2337856652814,3.5912806539509536
4723,1.236491067339716,0.9502521706143048,891,1101.713540999687,3.633635729239358
4724,1.2097978393990574,0.938521612883013,934,1129.9511819987197,3.618437900128041
4725,1.5524465509658292,1.0220370742557947,1061,1647.1457905747448,3.6129191321499015
4726,2.970658665356206,2.08477923935295,1032,3065.7197426476046,3.5589026358257128
4727,3.3528091321448548,2.614427954393277,906,3037.6450737232385,3.4941820670773445
4728,2.288531472973472,1.8323095839233567,971,2222.164060257241,3.546037296037296
4729,1.7657628329742683,1.5115946928067263,911,1608.6099408395585,3.5064102564102564
4730,1.5159920895261876,1.2728364366887177,823,1247.6614896800525,3.5159817351598175
4731,1.5375678450513737,1.2755494708670625,767,1179.3145371544035,3.556378600823045
4732,1.8441796067031628,1.6363819779198256,912,1681.8918013132845,3.6464285714285714
4733,2.983635140062039,2.7822949849769234,840,2506.253517652113,3.5998563218390807
4734,2.798031972839682,2.6991085094195992,823,2302.7803136470584,3.58704137392662
4735,2.2599379857321797,1.790596818481654,897,2027.1643732017653,3.6058981233243967
4736,2.7841799444617084,2.1397649363081044,713,1985.120300401198,3.4914914914914914
4737,2.5016530962428294,1.9131809899948624,872,2181.4414999237474,3.558460421205519
4738,4.280496451200429,3.1653244725017124,733,3137.603898729915,3.5784037558685444
4739,3.1895911344799095,2.5658649099657493,838,2672.8773706941643,3.5567765567765566
4740,2.897389103212438,2.172236747750555,925,2680.0849204715055,3.548239895697523
4741,4.81692172194791,3.527406577159936,856,4123.284993987411,3.4147317854283425
4742,3.522543400674077,2.126739749985646,911,3209.037038014084,3.4615384615384617
4743,3.668028063469084,2.6870881034687097,903,3312.2293413125826,3.4803646563814867
4744,3.4151231977468,2.1947234262815902,982,3353.6509801873576,3.5655690352397458
4745,3.942680714601112,2.7157231576917003,945,3725.8332752980505,3.673614920460779
4746,5.007822480718555,3.65024743779319,836,4186.539593880711,3.6102783725910066
4747,4.985981653736421,3.274488999607016,991,4941.107818852794,3.562394127611519
4748,4.973339272752515,3.2921107365868503,914,4545.6320952957985,3.5555555555555554
4749,5.087167537233074,3.333854617723188,1042,5300.828573796864,3.502808988764045
4750,6.274143280719488,4.151976853585591,987,6192.579418070135,3.44535175879397
4751,6.196076114626638,4.046251291865191,912,5650.821416539494,3.382142857142857
4752,6.437414239912548,3.878978617598116,1023,6585.474767430536,3.3168195718654436
4753,7.6318243472928575,3.2943509705317746,1238,9448.198541948557,3.4803115534400693
4754,8.647322604674423,3.9681883414139874,1269,10973.452385331844,3.5171149144254277
4755,6.173416930323278,0.7600983069429977,1833,11315.87323328257,3.730623579904065
4756,6.756501637652041,2.803456481550931,1570,10607.707571113704,3.675251256281407
4757,7.207023176627214,3.368540892601975,1427,10284.422073047033,3.6286219081272084
4758,5.9229683897934455,3.523134403091464,1202,7119.408004531721,3.5892857142857144
4759,5.520075830337191,3.0471352967974497,1122,6193.525081638329,3.5845794392523365
4760,4.396931485332822,1.3825464477211622,1505,6617.381885425897,3.602870813397129
4761,6.03106237133377,2.1733445831190776,1505,9076.748868857325,3.6098496961944355
4762,7.361399345213242,2.124086422391406,1325,9753.854132407545,3.5909431137724552
4763,3.729403980176696,2.674380376102927,884,3296.793118476199,3.50354609929078
4764,2.3443476289991185,1.538583961598442,816,1912.9876652632809,3.5685393258426967
4765,4.772246952966155,3.674556654462677,934,4457.278654070388,3.6519465427077282
4766,4.615160469130979,3.442785004133584,704,3249.0729702682092,3.676068376068376
4767,3.778560817609452,2.186999964531493,1008,3808.7893041503276,3.6572952011633544
4768,4.300544909224452,3.358222511256024,862,3707.0697117514774,3.5869711215580926
4769,4.065084581137519,3.434448964383033,894,3634.185615536942,3.6666666666666665
4770,4.539522034562916,3.39680884635178,982,4457.810637940784,3.78354371201496
4771,3.1791652122782414,2.964411464947673,891,2832.636204139913,3.9286427145708585
4772,1.608327910131518,1.231714390674236,760,1222.3292116999537,3.808247422680412
4773,0.7216657949370914,0.4377810025976714,626,451.7627876306192,3.7334525939177103
4774,0.4930177048243725,0.2855173297421691,886,436.81368647439405,3.6496250852079073
4775,0.5958674622604704,0.4768944979917868,844,502.91213814783697,3.65929203539823
4776,1.4640255615324675,1.2535380776791203,900,1317.6230053792208,3.6728232189973613
4777,2.874391830785341,2.07956340063539,914,2627.1941333378018,3.6412760416666665
4778,2.70647704188252,2.094047538479394,943,2552.2078504952165,3.6436712657468506
4779,2.144860405735892,1.6213902268687104,926,1986.140735711436,3.736199883788495
4780,1.0665546237270025,0.8524635102131104,839,894.839329306955,3.645645645645646
4781,0.8074693961874199,0.5645011196757161,867,700.0759664944931,3.7387005649717513
4782,0.8307874813864826,0.6331589637899699,861,715.3080214737615,3.744301994301994
4783,0.5229862247399674,0.3176619510984168,1115,583.1296405850636,3.6599794238683128
4784,0.35113971356550316,0.2416342327721864,1047,367.6432801030818,3.5097799511002443
4785,0.315045401359578,0.1990376148695225,881,277.5549985977882,3.406037735849057
4786,0.315045401359578,0.1990376148695225,881,277.5549985977882,3.406037735849057
4787,0.30044045166780226,0.1990376148695225,985,295.9338448927852,3.5217657878602084
4788,0.36658872496851425,0.2107931042898648,992,363.65601516876615,3.5210494203782794
4789,0.4674749207660735,0.22364175842975187,1158,541.3359582471131,3.625315179021684
4790,1.1375237123912394,0.5277397849262366,873,993.0582009175521,3.6348773841961854
4791,1.085191479995371,0.5277397849262366,809,877.9199073162551,3.579491255961844
4792,0.880150865793675,0.4035459379435209,817,719.0832573534325,3.569291338582677
4793,0.9061515814342701,0.4740738363652587,749,678.7075344942683,3.644
4794,0.16408045043233177,0.10014733822985444,800,131.2643603458654,3.6572280178837557
4795,0.2536855040016586,0.1650920325753206,393,99.69840307265183,4.105263157894737
4796,0.2536855040016586,0.1650920325753206,393,99.69840307265183,4.105263157894737
4797,0.2534703981972839,0.1642869222789468,393,99.61386649153258,4.105263157894737
4798,0.20268502409083522,0.1319349462314197,491,99.51834682860009,3.9507995079950797
4799,0.2740331470824146,0.2009794483113951,683,187.16463945728918,3.6223350253807105
4800,0.3065243925024648,0.2248633576778511,636,194.94951363156764,3.5124069478908186
4801,0.06450454451021805,0.0459132672601608,646,41.66993575360086,3.9708029197080292
4802,0.0709808666534622,0.056086569276205,503,35.703375926691486,4.2110091743119265
4803,0.05544273558460254,0.03988989036548855,610,33.82006870660755,4.121258633921719
4804,0.04923621076948406,0.0346048141987353,683,33.62833195555761,4.0478229835831545
4805,0.05813233379088489,0.0386514752652002,775,45.052558687935786,3.793503480278422
4806,0.0860013347849718,0.05599762602413675,712,61.23295036689992,3.8149435273675065
4807,0.2405345149377757,0.1691620826306442,669,160.91759049337193,3.7720306513409962
4808,0.21087136605469742,0.1171252694011925,932,196.532113162978,3.938149688149688
4809,0.21063119080462955,0.11619102725341654,912,192.09564601382215,3.6609085092770313
4810,0.22813199923528138,0.15339131427727004,790,180.2242793958723,3.9051194539249146
4811,0.16868068595915084,0.124009124948722,675,113.85946302242681,3.6836403033586134
4812,0.19164909582785217,0.138944402817662,787,150.82783841651965,3.75327868852459
4813,0.15680488857581917,0.092252628799216,817,128.10959396644427,3.703580349708576
4814,0.1732037782773335,0.13103735698202665,678,117.43216167203211,3.7634297520661155
4815,0.19247236785408667,0.140917616961502,599,115.29094834459792,3.801643192488263
4816,0.19247236785408667,0.140917616961502,599,115.29094834459792,3.801643192488263
4817,0.21781171440455688,0.1723348239907446,663,144.4091666502212,3.7158590308370045
4818,0.3283822798023422,0.2302068707175288,841,276.1694973137698,3.725234996384671
4819,0.5438381594845486,0.38107070703703183,806,438.3335565445462,3.7315026697177727
4820,0.6777048789333868,0.4501149331797079,930,630.2655374080498,3.748640483383686
4821,1.0566725591418797,0.8038197842226665,901,952.0619757868336,3.66732412886259
4822,1.1908801292645848,0.8541608939138147,949,1130.145242672091,3.734162226169331
4823,1.3985849475520526,1.1532091267576672,845,1181.8042806814844,3.6781695423855965
4824,1.4441354830698805,1.1311674683981467,845,1220.294483194049,3.6781695423855965
4825,1.5583670243076597,1.0292545684841867,1028,1602.0013009882741,3.5376522702104096
4826,4.901379743706167,3.5390245494288224,994,4871.971465243931,3.470372632864997
4827,3.5119367442260074,2.661777554633428,977,3431.162199108809,3.4593241551939924
4828,2.845391703754522,2.207503503564238,971,2762.8753443456408,3.546037296037296
4829,1.737702769348167,1.2456804530690826,1019,1770.7191219657823,3.555438225976769
4830,2.006596670597777,1.6265346066228077,823,1651.4290599019703,3.5159817351598175
4831,1.4415515287992453,1.1802262186238066,823,1186.3969082017788,3.5159817351598175
4832,1.7198856767504709,1.5052809848196218,896,1541.017566368422,3.6418002466091246
4833,2.9738755862606987,2.7771202282538123,842,2504.003243631508,3.583453237410072
4834,3.0333074195542755,2.8363151681878267,820,2487.312084034506,3.5885885885885886
4835,2.4828496847851356,2.2122214282856447,936,2323.947304958887,3.635126777983921
4836,2.0532895172198686,1.6602679761517591,819,1681.6441146030725,3.5661462612982744
4837,1.735469956153874,1.2286076042652778,842,1461.265703081562,3.548031496062992
4838,2.4061291647999776,1.9301249447509317,839,2018.7423692671814,3.523884103367267
4839,2.7660979769391596,1.987792919437341,910,2517.149159014635,3.3210943124550036
4840,3.0747338138951408,1.9992255494744784,1077,3311.4883175650666,3.3760539629005057
4841,3.8544380250965404,2.3122185261001658,1033,3981.6344799247263,3.393452380952381
4842,3.5338915763720253,1.955153493289973,882,3116.8923703601263,3.4985734664764623
4843,3.3785715496861215,2.066356572170317,1038,3506.957268574194,3.4044289044289044
4844,3.1338138259147894,1.3572526004907093,1187,3719.8370113608553,3.5390008764241894
4845,4.030847456755152,2.5128005699344547,1000,4030.847456755152,3.6858560794044664
4846,4.723698761188608,3.064690806845666,956,4515.856015696309,3.6106696935300793
4847,5.672511001967297,4.08292679052234,858,4867.0144396879405,3.5333806818181817
4848,6.20759337776681,4.934865526146562,891,5530.965699590228,3.608005082592122
4849,7.376757330507944,5.111714010858783,907,6690.718898770705,3.5625413633355394
4850,5.661796267748032,3.6718286615263422,1005,5690.105249086771,3.5629466739967013
4851,7.070811536249335,5.098121371201715,828,5854.631952014449,3.4798761609907123
4852,6.312239644920926,4.355423460128643,954,6021.876621254563,3.4910394265232974
4853,9.670891184724926,4.842576536159127,1088,10521.92960898072,3.393709327548807
4854,7.1409273373459,2.880746346970111,1257,8976.145663043797,3.4987373737373737
4855,8.101435967264365,1.6569019301675738,1762,14274.730174319811,3.589851415755537
4856,8.548032704450097,2.0952964449276426,1724,14736.808382471969,3.538808664259928
4857,8.786014820728907,2.1044328647659567,1743,15314.023832530484,3.598395875107419
4858,6.230183732086139,3.4494957779863937,1194,7438.83937611085,3.5199095022624434
4859,5.135044499174313,2.756494301656282,1179,6054.217464526515,3.411819021237304
4860,4.2135604236413196,1.3062204676832836,1839,7748.737619076386,3.531869309051955
4861,5.7655604302943875,1.7243141281744634,1625,9369.03569922838,3.5137789040228067
4862,4.634749109977605,1.7820433952791113,1334,6182.7553127101255,3.589641434262948
4863,4.364985675724917,3.2095851007598393,866,3780.0775951777778,3.515878616796048
4864,2.3922420537619025,1.4263587352094198,859,2054.935924181474,3.471539002108222
4865,5.969343585806685,4.219797470923028,895,5342.562509296983,3.601156069364162
4866,3.8684593660959883,2.849501432001664,874,3381.0334859678937,3.64376130198915
4867,4.1256386811784465,2.867950827325154,1027,4237.030925570264,3.664780763790665
4868,4.0494319377817405,2.6475876260258606,984,3984.6410267772326,3.6059637912673055
4869,3.6845644498947174,2.7733051002030935,1008,3714.0409654938753,3.646998982706002
4870,3.5401131895731615,2.250058866232272,1089,3855.183263445173,3.8311144922023583
4871,2.6995744817847616,2.283055889415285,901,2432.31660808807,3.7572128470332062
4872,1.7498559650345962,1.2023477924014476,910,1592.3689281814825,3.7360959651035985
4873,2.083121060997113,1.5878287674046176,931,1939.3857077883122,3.7321131447587352
4874,7.924545871463317,3.6227234170924216,1046,8289.07498155063,3.779489648531536
4875,1.724022420318085,1.5379169033848163,869,1498.1754832564159,3.7314132618888145
4876,1.7923944207399156,1.6623714347622192,874,1566.5527237266863,3.6474719101123596
4877,3.1853866204228467,2.462785781380404,874,2784.027906249568,3.6126062322946177
4878,2.4007599107835476,1.9353586418042923,873,2095.863402114037,3.640248104755341
4879,1.930234381786701,1.4420450666731393,870,1679.3039121544298,3.768987341772152
4880,1.3429007933659762,0.8485657241632741,1001,1344.243694159342,3.854
4881,0.8698967106935561,0.6046080627389827,906,788.1264198883619,3.791331269349845
4882,1.0228586724729365,0.7458522609436751,732,748.7325482501896,3.6630963972736126
4883,1.0228586724729365,0.7458522609436751,732,748.7325482501896,3.6630963972736126
4884,0.6935106143653191,0.4394500952964184,1047,726.1056132404891,3.5097799511002443
4885,0.41307167445503634,0.2674137219825226,1055,435.79061655006336,3.510497900419916
4886,0.2934217631158829,0.1710511630807432,1091,320.1231435594283,3.594465141032464
4887,0.37531239954156026,0.2060522126879806,985,369.6827135484369,3.5217657878602084
4888,0.4734179999475514,0.3002337403979738,985,466.31672994833815,3.6070154577883473
4889,1.9907894328715503,0.6872776388214692,1372,2731.363101899767,3.6922428330522767
4890,5.145274079267835,2.3022804095493,1362,7007.863295962791,3.82008874546188
4891,2.28447972408712,0.9252827188528931,1327,3031.5045938636085,3.7965819091288036
4892,1.173613663328746,0.6036745710876007,756,887.2519294765319,3.526573998364677
4893,0.4336822704908737,0.1887186869992546,832,360.82364904840693,3.610473457675753
4894,0.15939087419197664,0.1179097766774458,641,102.16955035705703,3.716446124763705
4895,0.2536855040016586,0.1650920325753206,393,99.69840307265183,4.105263157894737
4896,0.2536855040016586,0.1650920325753206,393,99.69840307265183,4.105263157894737
4897,0.253625401597385,0.1648670778621823,393,99.6747828277723,4.105263157894737
4898,0.25357044523058053,0.1646613840321428,393,99.65318497561816,4.105263157894737
4899,0.22658621495318645,0.1678154407124782,687,155.6647296728391,3.617321248741188
4900,0.30441252878520086,0.2248633576778511,641,195.12843095131376,3.5012254901960786
4901,0.0709808666534622,0.056086569276205,503,35.703375926691486,4.2110091743119265
4902,0.06846630316492042,0.0554191232283864,556,38.06726455969575,4.168012924071083
4903,0.06940492010746523,0.056086569276205,556,38.58913557975067,4.168012924071083
4904,0.05568311312974045,0.0429176139257112,593,33.020086085936086,4.1141732283464565
4905,0.04451605702366737,0.0324234053032477,578,25.73028095967974,4.137380191693291
4906,0.032554286038502654,0.01954423458739,578,18.816377330254532,4.137380191693291
4907,0.07734426864779864,0.0536256365488685,568,43.93154459194963,3.8231368186874306
4908,0.11413733348956856,0.0654969317799833,987,112.65354815420417,3.9086099086099084
4909,0.1687348882257552,0.0942006623284215,987,166.54133467882036,3.7172195892575037
4910,0.14993088759682655,0.1062834361555728,812,121.74388072862315,3.7572598659717054
4911,0.12805164996051907,0.0935761326988759,702,89.89225827228438,3.8421052631578947
4912,0.16936778589300208,0.1186548538049259,775,131.26003406707662,3.7664720600500416
4913,0.1833339380420514,0.1329753675715947,678,124.30040999251085,3.7634297520661155
4914,0.17769637443311811,0.1333930272256313,678,120.47814186565408,3.7634297520661155
4915,0.1678814913633702,0.121305258091749,678,113.82365114436499,3.7634297520661155
4916,0.17114063051420014,0.121309684381408,766,131.0937229738773,3.775943396226415
4917,0.23238493346569927,0.1624986913897329,801,186.1403317060251,3.742228961334344
4918,0.748806487043649,0.4467213457097797,838,627.4998361425779,3.704858593183466
4919,0.8393885732286609,0.5850128662307862,776,651.3655328254408,3.599170124481328
4920,0.8566840921880546,0.6102692963015296,731,626.236071389468,3.647519582245431
4921,0.7990097206955484,0.5345604201938022,784,626.42362102531,3.620974401321222
4922,0.8646671791279609,0.6439735687130104,982,849.1031699036575,3.7173423423423424
4923,1.4313934510441082,1.06985837655244,866,1239.5867286041978,3.6596971881759193
4924,1.7489001975352485,1.4744928197942124,713,1246.9658408426321,3.6219262295081966
4925,1.5223762190494465,1.1521209596593742,890,1354.9148349540073,3.599443671766342
4926,5.427672510776939,4.432431086003219,925,5020.597072468669,3.4562277580071172
4927,4.777091686081011,3.6037666932068713,981,4686.3269440454715,3.465015479876161
4928,3.2224218425254767,2.481278800527221,919,2961.405673280913,3.525901639344262
4929,1.9977846733742697,1.3861056270475145,1031,2059.715998248872,3.573988735279058
4930,2.3156853163595135,1.7893089265354047,798,1847.9168824548917,3.5250996015936256
4931,1.515291717686195,1.245329113338964,884,1339.5178784345965,3.7067092651757187
4932,1.4934980430966993,1.0510060266178605,1025,1530.8354941741168,3.765886287625418
4933,2.250321472144623,1.8797292612966467,1004,2259.3227580332014,3.756784434203789
4934,2.3702572931020804,2.096880629606149,997,2363.146521222774,3.7596699329551315
4935,1.8644026419208293,1.5591484302543086,1060,1976.266800436079,3.7557177615571775
4936,1.7274414592507947,1.429396823545006,761,1314.5829504898547,3.532367149758454
4937,1.7300715167213785,1.4284953368549962,761,1316.584424224969,3.532367149758454
4938,1.884162113028284,1.319091158852252,862,1624.1477414303808,3.4937007874015746
4939,3.657797425358522,2.451911126819226,1029,3763.8735506939192,3.430364614465033
4940,5.910300159992189,4.765200576127347,921,5443.386447352806,3.3557623478883323
4941,4.4484289281053835,2.582910728483089,1120,4982.24039947803,3.4218426501035197
4942,4.587440315914384,2.780477851065373,1061,4867.274175185162,3.4672131147540983
4943,5.20585552798411,2.9886623055545978,1076,5601.500548110903,3.311866428145498
4944,4.355195881977146,2.63270887798966,1029,4481.496562554483,3.4184397163120566
4945,3.430479466909382,2.1496764984694714,1018,3492.228097313751,3.458602466236054
4946,4.023700599849426,2.827971392062458,937,3770.207462058912,3.6034985422740524
4947,3.5001698922312623,1.9139083725329658,1132,3962.192318005789,3.5796562935438923
4948,8.984683793944267,4.133871537362875,1216,10925.37549343623,3.5367521367521366
4949,6.130596333879563,2.511362401776969,1176,7209.5812886423655,3.5373271889400923
4950,4.098567041333104,2.4267733862650185,1008,4131.355577663769,3.6543144520910533
4951,4.782843464765502,2.9159052783141677,854,4084.548318909739,3.618320610687023
4952,6.2727964538841166,3.3547090426549064,1029,6454.707551046756,3.5383001049317944
4953,6.560576181597782,3.319766904433984,1109,7275.678985391941,3.4467545638945234
4954,5.732991570161332,2.6186123073627874,1219,6988.516724026664,3.414239482200647
4955,5.3242600799309585,2.182387862184282,1285,6841.674202711281,3.36183908045977
4956,4.913680163960551,1.7749959189649562,1435,7051.131035283391,3.39162466072121
4957,6.186203099538883,2.089163786857396,1541,9532.938976389418,3.4340217010850544
4958,7.535349573150971,1.549035713331868,1663,12531.286340150065,3.5385538553855387
4959,6.7212446855084895,1.6008882518215375,1821,12239.38657231096,3.4901470996391897
4960,4.812213253239478,1.5201294821349554,2065,9937.220367939522,3.58742774566474
4961,6.34173147020461,2.2264067392637554,1468,9309.661798260368,3.692034827475008
4962,4.751192432659612,2.2488751367512525,1237,5877.22503919994,3.713402858246427
4963,3.7045150855182687,2.3271265030700983,969,3589.6751178672025,3.672268907563025
4964,3.674152781803493,2.29079111566057,896,3292.0408924959297,3.49205340114431
4965,3.8880588171836816,2.477999027746689,949,3689.767817507314,3.530070754716981
4966,4.250399368841738,3.3214880843115004,819,3481.077083081384,3.532129963898917
4967,7.7229007644223255,6.687518356826302,929,7174.5748101483405,3.578884934756821
4968,9.387156333368871,8.178888981329399,949,8908.41136036706,3.5765453495089545
4969,5.993672317004148,4.539220452421732,886,5310.393672865675,3.494314381270903
4970,3.510365165619791,2.3520276145615586,1019,3577.062103766567,3.6436726926736442
4971,4.863120737685129,3.3519765857380355,1069,5198.676068585403,3.721502590673575
4972,7.198112162724127,5.245969527534277,980,7054.149919469644,3.771090047393365
4973,6.016791824789527,4.335526630916028,947,5697.901858075682,3.7139830508474576
4974,1.6356814650790321,1.0652229657696934,942,1540.8119401044482,3.6519065190651907
4975,1.0697686621633984,0.9227971105407752,961,1028.0476843390259,3.7878464818763327
4976,1.1581633480537168,0.9801347066306648,923,1068.9847702535806,3.750291036088475
4977,2.6452818402046594,2.2731607619224348,888,2349.0102741017377,3.6733735747820253
4978,2.018288821329153,1.5384551776147484,899,1814.441650374909,3.6159468438538207
4979,1.9299622878593268,1.4414673142914607,874,1686.7870395890516,3.7369826435246996
4980,1.3345232545313364,0.935905933513175,910,1214.416161623516,3.7838651414810354
4981,0.7757619383081023,0.5401458237165185,807,626.0398842146385,3.6846339501206757
4982,0.5171545174315724,0.3404285459475212,807,417.34369556727887,3.6846339501206757
4983,0.6383187314628476,0.4158727565656292,746,476.1857736712843,3.647279549718574
4984,0.6680209498608294,0.4683494149720645,746,498.34362859617875,3.647279549718574
4985,0.5199993931695496,0.3489005396586218,746,387.91954730448396,3.647279549718574
4986,0.31867830267538894,0.1675496827961805,1035,329.83204326902757,3.6126482213438735
4987,0.3578103075592695,0.19785361898935025,988,353.51658386855826,3.612676056338028
4988,0.745082144073535,0.2242914647553341,985,733.905911912432,3.6070154577883473
4989,2.8834870899841367,1.0244278477882256,1444,4163.755357937093,3.697900466562986
4990,2.31991517724015,0.7996860578533871,1596,3702.58462287528,3.8027787190782787
4991,5.546288580559384,1.7758872212239485,1766,9794.745633267872,3.778433809819764
4992,1.7768237511722906,0.7478833719613158,1266,2249.45886898412,3.551293900184843
4993,0.43177111164430576,0.2231439926617201,218,94.12610233845865,4.2821869488536155
4994,0.21373439573650896,0.1554139378625507,466,99.60022841321317,3.941736028537455
4995,0.22011376461152396,0.13257874823253654,456,100.37187666285493,3.9565217391304346
4996,0.2536855040016586,0.1650920325753206,393,99.69840307265183,4.105263157894737
4997,0.2536855040016586,0.1650920325753206,393,99.69840307265183,4.105263157894737
4998,0.23375805032795866,0.1375241478226228,429,100.28220359069427,4.003792667509481
4999,0.3940786378922212,0.2702951570974345,761,299.89384343598033,3.627318718381113
5000,0.4114798600601351,0.28337603347081675,732,301.2032575640189,3.4942307692307693
5001,0.11073151306526084,0.0787873216869546,746,82.60570874668458,4.079663212435233
5002,0.11945319855907231,0.0915633977588314,636,75.97223428356999,4.146181818181818
5003,0.07093575913132118,0.0483063947907277,682,48.37818772756104,4.242206235011991
5004,0.056893788633672046,0.0429176139257112,615,34.98968000970831,4.269902912621359
5005,0.06639369744198569,0.0429176139257112,497,32.99766762866689,4.212765957446808
5006,0.048467651070846475,0.0398603526412464,578,28.014302318949262,4.137380191693291
5007,0.0342337568030645,0.0182063975774555,578,19.787111432171283,4.137380191693291
5008,0.03937133565845136,0.0234113713003538,568,22.362918654000374,3.8231368186874306
5009,0.0666985914060872,0.0445503492155735,678,45.221644973327116,3.767552182163188
5010,0.07429211028298557,0.0446788665339789,628,46.655445257714945,3.862137862137862
5011,0.07679417625773866,0.0445984428500336,636,48.841096099921785,3.863239573229874
5012,0.17668816332563328,0.1312661583502299,733,129.5124237176892,3.920816326530612
5013,0.19676433941887234,0.1415382328245531,747,146.98296154589764,3.8752181500872602
5014,0.21357260299646905,0.1530270820678407,594,126.86212617990262,3.7995110024449876
5015,0.13417452015193593,0.0963845741418825,810,108.6813613230681,3.785190615835777
5016,0.28555084817212495,0.2068832888522171,707,201.88444965769236,3.7406749555950265
5017,0.37260676127959536,0.2650925819304552,755,281.3181047660945,3.685810810810811
5018,1.0834669908712902,0.5725509122924032,710,769.2615635186161,3.6934763181411974
5019,0.9786627644012946,0.5210294389234311,776,759.4423051754046,3.599170124481328
5020,0.8286735232628148,0.5552336977270367,813,673.7115744126685,3.5831381733021077
5021,0.7385791126881714,0.5421955830608625,813,600.4648186154834,3.5831381733021077
5022,0.9426513130583486,0.6723706566809655,889,838.0170173088719,3.668481960517359
5023,1.6439552636097603,1.3174244713261798,751,1234.61040297093,3.5789473684210527
5024,1.7489001975352485,1.4744928197942124,713,1246.9658408426321,3.6219262295081966
5025,1.4243530104719035,0.8996907668079248,1059,1508.3898380897458,3.606896551724138
5026,3.5896947336854743,2.4382900128343286,1062,3812.2558071739736,3.6058968058968057
5027,4.115073926713372,2.5311046640711954,1070,4403.129101583308,3.5623447590660704
5028,2.2071237793518907,1.4902730910178874,942,2079.110600149481,3.587378640776699
5029,1.2798481546791411,0.9581879246225584,963,1232.493772956013,3.588709677419355
5030,2.2092130513984682,1.7202917756119604,817,1804.9270629925486,3.556981132075472
5031,1.8118506178728395,1.3633190627062084,1003,1817.286169726458,3.7231491136600625
5032,2.191124553912374,1.7167869739919315,942,2064.039329785456,3.757575757575758
5033,2.346518628528848,1.992044235554758,885,2076.6689862480307,3.7229152987524623
5034,2.29702986977303,1.9533638876068131,891,2046.6536139677694,3.7176317501626546
5035,1.7249850782566418,1.4521544522744056,948,1635.2858541872965,3.7358145210494205
5036,1.5814510749101829,1.3048671337956916,739,1168.6923443586252,3.5465465465465464
5037,1.5814510749101829,1.3048671337956916,739,1168.6923443586252,3.5465465465465464
5038,2.72409057316271,2.120496111846416,808,2201.0651831154696,3.4847396768402152
5039,5.628938272050515,3.8515179566811577,984,5538.875259697707,3.4239059438275636
5040,5.455104146943783,3.820352220995691,1026,5596.936854764322,3.32
5041,4.731226877945689,3.262529891978297,1070,5062.412759401887,3.3462669018224576
5042,4.416548508544399,3.388176858943205,897,3961.644012164326,3.443298969072165
5043,3.833219783278238,2.6523870323466383,998,3825.5533437116815,3.2857142857142856
5044,3.517008389732541,2.46280416219372,852,2996.491148052125,3.2966101694915255
5045,2.934464290216555,1.3696917524240029,1187,3483.209112487051,3.476211649622054
5046,5.177302555684272,2.631487955470557,1190,6160.990041264284,3.57791932059448
5047,7.317462022795745,3.3571254592867072,1143,8363.859092055536,3.6155210643015523
5048,6.917383633741698,2.595795290670249,1237,8556.80355493848,3.5208866155157716
5049,5.471187860530952,2.5074773110840076,1128,6171.499906678913,3.488630621526023
5050,4.22800224356217,2.6606082237299,754,3187.913691645876,3.568006843455945
5051,3.6537260114552828,2.450215443719636,905,3306.622040367031,3.6703635243376462
5052,4.010179412313729,2.1266010274503087,1014,4066.321924086121,3.4100467289719627
5053,5.4468940763946,2.926239643643365,1056,5751.920144672698,3.3499433748584373
5054,4.483588916509087,2.685788984851797,1048,4698.8011845015235,3.4005571030640667
5055,4.02043604380772,1.9372093719098842,1178,4736.073659605495,3.3903273082559844
5056,4.17141792074913,2.1456758257170807,1059,4417.531578073329,3.400992829564258
5057,4.073181365352161,2.702860325020263,981,3995.79091941047,3.3789013732833957
5058,5.526100124235132,2.197841087769803,1308,7228.138962499553,3.49499799919968
5059,16.072215934237693,2.748892953632632,2725,43796.78842079772,3.7015650296815976
5060,7.5863121760746175,1.3651710829190062,2523,19140.26562023626,3.8346097738876734
5061,10.261823213463604,3.054326053602151,2373,24351.306485549132,3.884896125772038
5062,6.042317320700007,1.9001248940354194,1732,10465.293599452412,3.86
5063,4.374576050688414,1.3284305897169892,1591,6959.950496645267,3.666763933469507
5064,3.9146865082028404,2.4037813510903288,956,3742.4403018419152,3.4608745684695053
5065,3.1770475542241874,2.002215163557129,1010,3208.8180297664294,3.4921494315105575
5066,3.4665870105812004,2.791564862440992,845,2929.2660239411143,3.5452631578947367
5067,4.644268357115703,3.280529595856794,1101,5113.339461184389,3.657649667405765
5068,9.080131142341319,5.930812328821483,1035,9397.935732323265,3.63568215892054
5069,6.027727759091698,3.529899997481846,1154,6955.997833991819,3.6359388275276125
5070,5.441822427136418,3.654004555755761,1021,5556.100698106283,3.6859741503111536
5071,5.11160976204746,3.6462550905313273,998,5101.386542523365,3.590085287846482
5072,6.841751765930011,3.2656466629813785,1179,8066.425332031483,3.655862344937975
5073,6.5614131108381475,3.337014732172098,1169,7670.291926569795,3.719332298136646
5074,2.885969546695002,2.235020901925188,976,2816.706277574322,3.8097323600973234
5075,0.780904831046916,0.4822065791930628,881,687.977156152333,3.8146696528555433
5076,0.7394862055571648,0.5236284900908705,891,658.8822091514338,3.7215033887861986
5077,1.0540539619222353,0.8342962808854504,958,1009.7836955215015,3.7726550079491257
5078,1.3319530249953782,0.9846785068117123,956,1273.3470918955816,3.8241430700447094
5079,1.2737806241440595,0.9124575528179388,968,1233.0196441714495,3.902967498822421
5080,0.9592175307904814,0.6083466315223554,1068,1024.4443228842342,4.014168530947054
5081,0.7467132439816293,0.5021464883677736,877,654.8675149718889,3.913141567963903
5082,0.6141632791647678,0.4106377616422491,768,471.67739839854164,3.7039529015979813
5083,0.5343866087654534,0.3979946343180959,692,369.79553326569373,3.713997985901309
5084,0.5295835124827589,0.4106377616422491,692,366.4717906380692,3.713997985901309
5085,0.4937806253552741,0.3621037191471258,728,359.4722952586396,3.725
5086,0.3739384284062325,0.2069430089120247,903,337.6664008508279,3.7366436203645508
5087,0.5154468711098129,0.2932925638545896,816,420.60464682560735,3.727766463000679
5088,0.6622433744298675,0.4066527506546655,885,586.0853863704327,3.6957352005092297
5089,5.33127646383629,2.210577095863456,1250,6664.095579795363,3.6396598030438674
5090,3.516584650006371,1.491137214844883,1260,4430.896659008027,3.643805309734513
5091,3.240737949154961,1.2957166283460633,1289,4177.311216460745,3.6208530805687205
5092,0.43177111164430576,0.2231439926617201,218,94.12610233845865,4.2821869488536155
5093,0.43177111164430576,0.2231439926617201,218,94.12610233845865,4.2821869488536155
5094,0.20417596441785307,0.0519377283293194,466,95.14599941871953,3.941736028537455
5095,0.21521692486014146,0.15008350773836376,466,100.29108698482592,3.941736028537455
5096,0.2536855040016586,0.1650920325753206,393,99.69840307265183,4.105263157894737
5097,0.2318245969987528,0.1792852674998176,508,117.76689527536642,3.779816513761468
5098,0.3432905153009265,0.2453891264695792,646,221.76567288439853,3.7445600756859037
5099,1.091512980120018,0.7820852857032456,646,705.1173851575317,3.7445600756859037
5100,1.2654900909765288,0.9071605453265232,565,715.0019014017388,3.6923076923076925
5101,0.29153677455938454,0.1821851376473845,909,265.0069280744805,4.041708542713568
5102,0.17953674267319622,0.1077238165659071,849,152.4266945295436,4.020464601769912
5103,0.07322317830768227,0.0467652536765624,778,56.9676327233768,4.1931034482758625
5104,0.05750189108713662,0.0395381324049518,758,43.586433444049554,4.167129372570794
5105,0.046357769027669096,0.0290025006515627,812,37.642508450467304,3.9577377252952144
5106,0.06639369744198569,0.0429176139257112,497,32.99766762866689,4.212765957446808
5107,0.05321974634795029,0.0429176139257112,578,30.76101338911527,4.137380191693291
5108,0.03332347387964521,0.0181696165443098,871,29.02474574917098,3.846067415730337
5109,0.034865191815806516,0.0191608061520753,706,24.614825421959402,3.6345991561181434
5110,0.04220162258079632,0.0275664091640397,665,28.064079016229556,3.6783144912641315
5111,0.12114631363310843,0.0793219936221359,899,108.91053595616448,4.024456521739131
5112,0.30868352153751916,0.2240064057153517,685,211.44821225320064,3.8817598533455544
5113,0.3048133552832332,0.22464935366725225,712,217.02710896166204,3.835907335907336
5114,0.24385191493563482,0.1530465595591319,852,207.76183152516086,3.837441705529647
5115,0.22611627715645705,0.1550604028810214,836,189.03320770279808,3.815083393763597
5116,0.31822283230422554,0.2341961238703053,828,263.48850514789876,3.7645722937168813
5117,0.679879114804365,0.4406545525680664,805,547.3026874175139,3.65008025682183
5118,0.9870990514833615,0.513467686074905,778,767.9630620540553,3.635294117647059
5119,1.0834669908712902,0.5725509122924032,710,769.2615635186161,3.6934763181411974
5120,0.9326800363395037,0.5637534887341464,767,715.3655878723994,3.6314921681780707
5121,0.7082675199121236,0.4584486465328649,917,649.4813157594173,3.653179190751445
5122,0.9888154409389359,0.6621979661730579,916,905.7549439000653,3.6593121349772875
5123,1.2356930987517618,0.8127291459029478,911,1125.716412962855,3.6651465798045604
5124,1.4178424153932583,0.925098768929548,1030,1460.3776878550561,3.706206206206206
5125,2.0985982455096703,1.647770780111902,877,1840.4706613119808,3.6615384615384614
5126,2.3092597828220454,1.9832811803417176,811,1872.8096838686788,3.5856137607505865
5127,1.7146783624173625,1.1040899786231444,1043,1788.4095320013091,3.5653305570015617
5128,1.5490759496435083,0.7878233211240976,1142,1769.0447344928864,3.5781459919390954
5129,1.005320951091122,0.7176769986464449,928,932.9378426125613,3.456551724137931
5130,1.1889620289487886,0.6489159096677775,1096,1303.1023837278722,3.544904137235116
5131,1.98993376580249,1.515705790598061,1011,2011.8230372263174,3.7334360554699537
5132,2.346518628528848,1.992044235554758,885,2076.6689862480307,3.7229152987524623
5133,2.346518628528848,1.992044235554758,885,2076.6689862480307,3.7229152987524623
5134,2.2893514890829785,1.9164345257075084,891,2039.812176772934,3.7176317501626546
5135,1.839353140428438,1.5339055554832566,948,1743.7067771261593,3.7358145210494205
5136,1.3293424897160802,1.0022511174912525,895,1189.7615282958918,3.5767309064953605
5137,1.5814510749101827,1.3048671337956916,739,1168.692344358625,3.5465465465465464
5138,1.3412987271665426,1.0595540753937152,848,1137.421320637228,3.695681511470985
5139,2.5525764105611013,1.8713508600794562,916,2338.1599920739686,3.679004854368932
5140,3.454531646951487,2.302992131220949,1063,3672.1671407094304,3.4934245134139927
5141,4.401547148259645,3.3009329253194024,973,4282.705375256635,3.574074074074074
5142,4.735728977911449,3.360586396580257,984,4659.957314264865,3.768346595932803
5143,7.401018218976343,3.242901168126252,1211,8962.633063180352,3.387978142076503
5144,5.171040498241378,2.819077844593864,1139,5889.815127496929,3.424257674886764
5145,4.877110743626937,2.3080560198667235,1227,5984.214882430251,3.416003536693192
5146,6.393942168972298,4.052556014388285,982,6278.851209930797,3.5310307609282243
5147,7.030494974711467,2.9169845434151256,1214,8535.020899299721,3.452774248199915
5148,6.273124149542201,1.3953624373894913,1476,9259.131244724289,3.4964610717896867
5149,5.626682752108672,1.7356890204244777,1255,7061.486853896383,3.4731833910034604
5150,5.962599265076108,3.334911013125136,999,5956.636665811032,3.607315761161915
5151,7.6207479295457725,3.8395868191330664,1084,8260.890755627617,3.584637964774951
5152,5.750763205507032,2.788292827770566,1100,6325.839526057735,3.3452380952380953
5153,4.097843123799236,1.3854040964663672,1366,5597.653707109756,3.3848270440251573
5154,5.517074463192781,2.717291863582532,1245,6868.757706675013,3.3850524475524475
5155,4.095494184070075,0.753591577261638,1673,6851.761769949236,3.559712660879976
5156,4.30981814703617,1.879964495501086,1302,5611.383227441093,3.539009900990099
5157,3.7885959753634912,1.7599620222681756,1238,4690.281817500002,3.4878661087866107
5158,4.9927998487684935,1.620546729970692,1561,7793.760563927618,3.532776349614396
5159,6.770337398063969,1.3638603596856422,2933,19857.39958852162,3.7502909393183708
5160,7.360636202158616,1.7108184088216778,3024,22258.563875327654,3.9522802778616732
5161,15.386609670829593,2.699004731787752,3195,49160.21789830055,3.9366342469790747
5162,9.774790097240981,2.18948447680679,2471,24153.506330282464,3.929988768251591
5163,8.82461916253249,1.6293577569797435,1884,16625.58250221121,3.72781217750258
5164,3.379919169488886,2.150782662869329,958,3237.962564370353,3.456445993031359
5165,2.286648114809366,1.521044214789654,976,2231.768560053941,3.4685714285714284
5166,3.3757031331562946,2.5017154273908484,903,3048.259929240134,3.552941176470588
5167,3.251356533446197,2.275076961722068,956,3108.2968459745643,3.6113053613053614
5168,6.728181552512882,4.110004979159578,996,6701.26882630283,3.601925254813137
5169,4.845057191395702,2.66879643773226,1124,5445.844283128768,3.6019507663725037
5170,5.8801822757384565,3.719199322870272,971,5709.656989742041,3.6226001097092704
5171,6.063762164710378,4.544075570237589,930,5639.298813180651,3.5413533834586466
5172,5.9423137164412445,3.9005887990239745,1066,6334.506421726367,3.5722861430715356
5173,6.122743214062897,4.413989742588351,1006,6159.479673347274,3.6580310880829017
5174,5.2499662550708965,4.129206762503415,954,5008.467807337635,3.677401746724891
5175,2.7774320267638206,2.1236423136646083,895,2485.8016639536195,3.875770020533881
5176,0.9434353443145234,0.6998849050064352,694,654.7441289542792,3.723874256584537
5177,0.9340664910149007,0.705337788129199,819,765.0004561412037,3.877991827203736
5178,1.2115585243518465,0.8918725964555175,821,994.6895484928659,3.856038072575848
5179,1.1639429183219316,0.8284484543416425,917,1067.3356561012113,3.9545454545454546
5180,1.2064503628297716,0.9294345765770514,883,1065.2956703786883,3.9081172491544534
5181,1.0372043543660532,0.7950389397098367,897,930.3723058663496,3.897777777777778
5182,0.4857691726094238,0.3249077377329761,874,424.5622568606364,3.813548387096774
5183,0.5803467403936489,0.4133918713788227,664,385.35023562138286,3.7526427061310783
5184,0.5225327456174595,0.3743550704160254,706,368.9081184059264,3.752895752895753
5185,0.32608114403330174,0.2199219086692966,865,282.060189588806,3.6289034132171385
5186,0.4449532365953664,0.1433913042238896,857,381.324923762229,3.631320224719101
5187,0.5719871409449535,0.2728721376958243,747,427.27439428588025,3.7174242424242423
5188,0.6314966988724985,0.3600232541093887,850,536.7721940416237,3.677069199457259
5189,0.9640452598942715,0.6151978590798673,830,800.1575657122453,3.664552501761804
5190,1.1561591498354944,0.6370721023543905,705,815.0922006340236,3.7310996563573884
5191,1.057465514792094,0.5827542206125195,630,666.2032743190192,3.5502645502645502
5192,0.43177111164430576,0.2231439926617201,218,94.12610233845865,4.2821869488536155
5193,0.43177111164430576,0.2231439926617201,218,94.12610233845865,4.2821869488536155
5194,0.19267476371801306,0.0576854094884434,564,108.66856673695936,3.732275132275132
5195,0.2546984382883701,0.1605280270934143,651,165.8086833257289,3.76486013986014
5196,0.23954062857516475,0.1359817477362812,700,167.67844000261533,3.786479802143446
5197,0.35544338132752895,0.2458258052666694,772,274.40229038485234,3.714736012608353
5198,0.6282040379762899,0.4037615240225795,788,495.0247819253164,3.6976923076923076
5199,1.0681161412086169,0.7891136302893855,673,718.8421630333992,3.606299212598425
5200,0.8620184392754214,0.4706244537074652,808,696.5108989345405,3.6540460282108387
5201,0.3067449963985417,0.2036118273729832,857,262.8804619135502,3.9010791366906474
5202,0.1885193752638732,0.0848855290051411,1064,200.58461528076108,3.945758564437194
5203,0.07654749863241678,0.0581349797671888,609,46.61742666714182,4.156344410876133
5204,0.046413742626013006,0.0365679817801143,708,32.86092977921721,3.9022606382978724
5205,0.04133629245440523,0.019683687838172252,926,38.27740681277925,3.8657534246575342
5206,0.0633862806244032,0.0429176139257112,497,31.502981470328393,4.212765957446808
5207,0.06576471224913559,0.0429176139257112,497,32.68506198782039,4.212765957446808
5208,0.050950147302939564,0.0429176139257112,578,29.44918514109907,4.137380191693291
5209,0.0359457485330606,0.0191925366862751,578,20.77664265210903,4.137380191693291
5210,0.04525571337477182,0.0429176139257112,415,18.781121050530306,4.105793450881612
5211,0.2784149697297884,0.1974325326799956,744,207.1407374789626,3.796712802768166
5212,0.3259825517956417,0.2412437371419666,653,212.86660632255402,3.8375411635565313
5213,0.4262717022327815,0.3038986398087835,719,306.4893539053699,3.72579001019368
5214,0.5244919619179016,0.3760223601910823,749,392.8444794765083,3.7166504381694256
5215,0.6283294367805012,0.44084632058037965,710,446.1139001141559,3.765066394279877
5216,0.7948777840455835,0.5171106111249202,828,658.1588051897431,3.7645722937168813
5217,0.9141732148861009,0.6276354180902936,745,681.0590450901452,3.661417322834646
5218,0.8915339973846149,0.5669728082083879,826,736.407081839692,3.6009693053311795
5219,1.206942869202565,0.7336911566476965,807,974.00289544647,3.603960396039604
5220,0.9931799119976257,0.644772823029049,893,886.9096614138797,3.655433287482806
5221,0.9147007207902034,0.6283493980360377,878,803.1072328537986,3.67696440564137
5222,0.7596845972182118,0.5248521866003706,878,667.00307635759,3.67696440564137
5223,1.0078126829220362,0.5831379512475104,1039,1047.1173775559955,3.6813627254509016
5224,1.4020907432276963,1.010692926460648,1014,1421.720013632884,3.6282390269698572
5225,2.0276409304068337,1.6791093569484796,898,1820.8215555053368,3.5328467153284673
5226,2.1246812538558686,1.5779469846095653,833,1769.8594844619386,3.5856603773584905
5227,1.6715680419256231,1.5267170877628669,854,1427.5191078044822,3.603815113719736
5228,1.2353933431350324,0.8638855708792963,985,1216.862442988007,3.50836949783013
5229,1.2302951033530225,0.8106779543964291,868,1067.8961497104235,3.3625
5230,1.0894497419130944,0.601694151517397,1028,1119.954334686661,3.624022346368715
5231,1.9735733452307669,1.436974007662596,1035,2042.6484123138437,3.649197860962567
5232,2.275544629247879,1.8908995782556848,896,2038.8879878060995,3.716601815823606
5233,2.28527835819097,1.9246786782132672,893,2040.7535738645365,3.7197411003236245
5234,2.554529853333142,2.086152806809342,933,2383.3763531598215,3.7329650092081033
5235,2.541468622514703,2.0763740005058375,952,2419.478128633997,3.7103448275862068
5236,1.3392114134647146,0.9995823040258752,1053,1410.1896183783444,3.6515716568993075
5237,1.2297472100901234,1.0109677263710246,739,908.7831882566012,3.7540453074433655
5238,0.05846605065198591,0.0327606095915142,739,43.206411431817585,3.766613924050633
5239,,,0,0.0,4.228571428571429
5240,3.306806316152593,2.819143367615593,697,2304.844002358357,3.732615894039735
5241,3.779243647913009,2.840672084602464,957,3616.73617105275,3.760938204781236
5242,3.691340504364378,2.680725779613961,970,3580.600289233447,3.7748257839721253
5243,6.954479548313513,5.660068393694219,936,6509.392857221448,3.794659300184162
5244,6.260494123044934,4.568590700191815,1071,6704.989205781124,3.607565011820331
5245,5.324854104866978,3.881448978796072,1011,5383.427500020515,3.529539295392954
5246,4.835410681467626,3.127631777041316,1029,4975.637591230187,3.4197002141327624
5247,4.940137440109447,1.920395368981052,1219,6022.027539493415,3.431078767123288
5248,6.918112714739638,2.2641897659455976,1319,9124.990670741583,3.437086092715232
5249,6.125235890177861,2.0494434897856255,1236,7570.791560259836,3.4358974358974357
5250,4.471385378918926,1.3756105117954616,1285,5745.73021191082,3.5790679908326966
5251,7.853250095287174,4.473002778063795,1025,8049.581347669353,3.5274725274725274
5252,6.4552383769484045,2.5714226457287777,1213,7830.204151238415,3.417326502095948
5253,4.5384971483115235,2.5778149482181023,1106,5019.577846032545,3.3983530622748326
5254,6.4494855942538125,3.948032456024478,1045,6739.712445995234,3.381700054141852
5255,5.336723755951393,1.5943152585179978,1549,8266.585097968707,3.573116219667944
5256,5.312084437908743,1.8079808356428388,1506,7999.999163490566,3.5990629183400267
5257,6.188331748751134,2.1139911852951023,1726,10681.060598344457,3.638873079112123
5258,6.278389793374931,2.0263895717343683,2070,12996.266872286107,3.6650094696969697
5259,3.8972202111178675,0.6841922354728464,2104,8199.751324191993,3.7223247232472323
5260,4.444852516527577,1.3112284252131792,1943,8636.348439613083,3.8666666666666667
5261,5.822144132962707,1.3819036958227318,1949,11347.358915144316,3.890760127446518
5262,12.40896578641913,3.141592653589793,2186,27125.999209112215,3.936336717428088
5263,7.720925257614072,1.7009467379646557,1876,14484.455783283998,3.874044860734533
5264,2.6178190568176527,1.197737490916183,1245,3259.1847257379777,3.807522873602169
5265,2.9301338460120494,2.0523487953775463,881,2581.4479183366157,3.6107423053711525
5266,5.503757487868846,3.9543533342988058,921,5068.9606463272075,3.613995485327314
5267,6.669089634103105,4.550211579389018,973,6489.024213982321,3.6344647519582245
5268,6.549572228529676,4.496995791758605,1013,6634.716667500561,3.571267605633803
5269,5.0447594797540365,2.32712839207227,1174,5922.547629231239,3.6813725490196076
5270,5.368145610381535,3.0873621531141766,1092,5862.015006536636,3.7365092748735242
5271,5.191909852786231,3.276028149224966,1105,5737.060387328785,3.6319634703196346
5272,3.9979162471016907,1.9247651417972764,1214,4853.470323981453,3.5348032857760483
5273,4.952896423796819,2.6791634984976533,1231,6097.015497693884,3.7155172413793105
5274,3.2859898242005343,2.2189046708486293,1049,3447.0033255863605,3.8429276315789473
5275,2.5646638691589594,1.8307505692371095,921,2362.0554234954016,3.8916184971098264
5276,1.4123270077599142,1.0886644813290531,910,1285.217577061522,3.8919049927290352
5277,1.573499635206446,1.029801794513153,884,1390.9736775224983,3.8727272727272726
5278,1.1942021204100366,0.8935927540585378,764,912.370419993268,3.843873517786561
5279,1.0594974051699688,0.86278168802316,951,1007.5820323166404,3.921380632790029
5280,1.2460566163725535,1.0034524547406305,867,1080.331086395004,3.8300613496932514
5281,1.050922370224425,0.8342185416608685,855,898.5386265418833,3.7278436845778087
5282,0.7274435079525338,0.5692330873683642,830,603.778111600603,3.7975415762834417
5283,0.4279225842789635,0.3103178729693452,845,361.5945837157242,3.8294198895027622
5284,0.2557898575820536,0.1304226857082894,837,214.09611079617886,3.6518745218056616
5285,0.4199280588795427,0.2403061938256422,743,312.00654774750024,3.5294642857142855
5286,0.6087610506226321,0.3639767707133952,636,387.172028195994,3.6302681992337167
5287,0.5930269236169835,0.3439577159260157,642,380.7232849621034,3.6240458015267176
5288,0.46150086667417584,0.2203614575692384,869,401.0442531398588,3.6621530128639135
5289,0.6791465861149798,0.33864078655522906,946,642.4726704647709,3.6025798525798525
5290,0.8119465999875328,0.5269586523248566,872,708.0174351891286,3.5392441860465116
5291,0.749413682125238,0.5256982423091718,899,673.722900230589,3.510431154381085
5292,0.4387994521006017,0.310145194349415,813,356.74395455778915,3.5080645161290325
5293,0.11761415089093749,0.007452963922267649,850,99.97202825729687,3.597692862292718
5294,0.2790544837326827,0.1754746501183121,570,159.06105572762914,3.7237394957983194
5295,0.3981598190472485,0.2500820962802181,558,222.17317902836467,3.7282377919320595
5296,0.3554651866173426,0.1793004687114623,643,228.5641149949513,3.731589147286822
5297,0.5331525281693114,0.355251838286824,776,413.72636185938563,3.658711217183771
5298,0.8058840640531072,0.5611680462350044,700,564.1188448371751,3.607421875
5299,0.7964898542721158,0.5255996225883233,756,602.1463298297195,3.582608695652174
5300,0.7427858162501444,0.45030835898401955,808,600.1709395301167,3.6540460282108387
5301,0.28063779881200057,0.18527916740994765,882,247.52253855218453,3.9240506329113924
5302,0.23817098269934128,0.13233467085799394,998,237.6946407339426,4.0008733624454145
5303,0.06304778428809639,0.0407116604507869,889,56.04948023211769,4.073465442242629
5304,0.06639369744198569,0.0429176139257112,497,32.99766762866689,4.212765957446808
5305,0.06639369744198569,0.0429176139257112,497,32.99766762866689,4.212765957446808
5306,0.06474263913651226,0.0429176139257112,497,32.1770916508466,4.212765957446808
5307,0.06639369744198569,0.0429176139257112,497,32.99766762866689,4.212765957446808
5308,0.04390259483900366,0.0326225930145419,578,25.375699816944117,4.137380191693291
5309,0.03773696538434703,0.0214148358706426,578,21.811965992152583,4.137380191693291
5310,0.027958377171169613,0.0097058853196658,673,18.81598783619715,3.8872458410351203
5311,0.21311434664223336,0.1619267383188894,673,143.42595529022304,3.8872458410351203
5312,0.31213567608678183,0.2412437371419666,660,206.009546217276,3.8354978354978355
5313,0.337435819127876,0.2412437371419666,660,222.70764062439815,3.8354978354978355
5314,0.7901493495729032,0.5455151206770813,742,586.2908173830941,3.7154072620215897
5315,1.005698775171055,0.7029993277640653,683,686.8922634418307,3.752173913043478
5316,0.8518213098110993,0.5421701696694209,805,685.7161543979349,3.7537490134175218
5317,0.8460393033177521,0.5723516382624996,805,681.0616391707905,3.7537490134175218
5318,1.0004886213936215,0.6487070425785115,799,799.3904084935036,3.625314333612741
5319,1.3348699797834462,0.8654636273332725,791,1055.882154008706,3.623005877413938
5320,1.1672165957470153,0.6994625889656361,923,1077.340917874495,3.6694750486066106
5321,0.8877799300129714,0.5355019372272649,984,873.5754511327639,3.636580992229528
5322,0.591528867919389,0.351789229093016,1024,605.7255607494543,3.649823143001516
5323,0.8681716727893076,0.4381865654846091,1181,1025.3107455641723,3.687423687423687
5324,1.226724616407227,0.9046601671300282,889,1090.5581839860247,3.517917511832319
5325,1.4743826828427467,1.2124069185490696,915,1349.0601548011132,3.522106631989597
5326,1.529972544264464,1.4236385383659569,890,1361.675564395373,3.5639810426540284
5327,1.5457127482669777,1.4224663565510736,854,1320.0386870199989,3.607456140350877
5328,0.9695703276945818,0.7399188516384824,967,937.5745068806607,3.5135818066961466
5329,0.8938122270719085,0.7460835828482446,844,754.3775196486908,3.362778730703259
5330,0.8406201452748697,0.5653051745586296,1020,857.4325481803671,3.6286037309214247
5331,0.9043098558015403,0.6966088341266132,1026,927.8219120523804,3.652056277056277
5332,1.3923908359926425,1.034041073893469,1017,1416.0614802045175,3.641352549889135
5333,1.7208450366986994,1.0949600922458456,1116,1920.4630609557485,3.6668253212755832
5334,2.4685544163750746,1.7070320934428405,1053,2599.3878004429534,3.737163192679207
5335,2.692768754647304,2.0265451757095527,955,2571.594160688175,3.710349050826699
5336,1.171660848740977,0.779400247541346,1068,1251.3337864553635,3.670918367346939
5337,1.8104660224180429,0.9925727634829492,936,1694.596196983288,3.764940239043825
5338,0.06252523530340601,0.0476301616901189,569,35.57685888763802,3.9375
5339,,,0,0.0,4.433734939759036
5340,1.075321709774812,0.7450701043167256,647,695.7331462243034,3.85570987654321
5341,3.5218826971731265,2.988882272558867,839,2954.859582928253,3.857622243528284
5342,4.587847710085488,3.581025474787229,934,4285.049761219846,3.723122238586156
5343,4.039180341809271,2.482544443960252,1128,4556.195425560857,3.6960898180410378
5344,5.184140873345488,2.792352462652409,1145,5935.841299980583,3.574727668845316
5345,4.459023404293712,2.9490564484938746,941,4195.941023440382,3.489240506329114
5346,4.183870087650039,2.711054187199499,887,3711.0927677455843,3.417403127124405
5347,4.181255639264847,2.791632778983153,941,3934.5615565482203,3.545401966454598
5348,6.877009145397651,3.748825071547771,1108,7619.7261331005975,3.5114325711619228
5349,9.791484507667368,7.380962091814839,921,9017.957231561646,3.4455190199871053
5350,5.318351385537363,2.890921537985692,1046,5562.995549272081,3.4425622022233986
5351,5.25658250803252,3.60819153332433,887,4662.588684624845,3.404975812024879
5352,4.5765114655435415,2.9346485748907303,962,4402.604029852887,3.3931788931788933
5353,3.921408969158678,2.2122715507742416,1044,4093.9509638016602,3.4246119733924614
5354,3.429878955409317,1.1191673710197143,1440,4939.025695789416,3.472212389380531
5355,3.2655184542400595,1.43271128628455,1358,4434.574060858001,3.53397341211226
5356,2.9647205811573283,1.0671639301124063,1546,4583.4580184692295,3.6318138348740834
5357,2.6726432548725008,1.5147048101734026,1317,3519.8711666670833,3.6529324424647363
5358,5.14636407834895,1.701007730435861,1779,9155.38169538278,3.7715827338129495
5359,5.343777000072566,2.8483658063652753,1322,7064.473194095933,3.6768511861969806
5360,4.15814287970482,1.9070052451612556,1432,5954.460603737302,3.9665753424657533
5361,6.205411861781984,1.709512199197349,1814,11256.617117272519,4.0737469640097155
5362,2.872585556847105,0.7919249574553131,2062,5923.27141821873,4.074906367041199
5363,4.29480851543311,2.4127500341325563,1094,4698.520515883823,3.828889773179467
5364,1.7705219754028243,0.955881570103429,1117,1977.6730465249548,3.8542676108833396
5365,2.1231371149175757,1.253053099561824,826,1753.7112569219175,3.614229765013055
5366,3.818522673450616,2.893074681194962,896,3421.396315411752,3.647490129723632
5367,8.438929290214892,5.472197891805817,999,8430.490360924678,3.7092018301982717
5368,8.565404961887072,5.220919093422618,1019,8728.147656162926,3.6739018087855295
5369,4.952779385265988,2.8143976435340887,1105,5472.821220718916,3.798579189302131
5370,6.641073090290427,4.795550305251645,947,6289.096216505034,3.6283744974152787
5371,5.239399573465077,3.2308341065237243,1057,5538.045349152586,3.645130183220829
5372,6.820873294061084,3.6149470656871747,1156,7884.929527934612,3.6597633136094676
5373,3.645109123950583,2.8679187633816285,994,3623.2384692068795,3.7327586206896552
5374,2.9945485656989344,2.360595127515098,920,2754.9846804430194,3.80307855626327
5375,3.3715961092608646,2.392078617431278,906,3054.6660749903435,3.8326133909287257
5376,2.475408316402799,1.5945131530788217,981,2428.3755583911457,4.012014417300761
5377,1.4671784259964744,1.0847131947990551,656,962.4690474536872,3.845117845117845
5378,1.679169477529255,0.9701692215697517,786,1319.8272093379944,3.733983286908078
5379,1.3278199784310387,1.0685506125147637,909,1206.9883603938142,3.8595909342178
5380,1.4815327550691249,1.131729508750142,802,1188.189269565438,3.7033492822966507
5381,1.4555314670977595,1.1302143304935943,812,1181.8915512833807,3.6910377358490565
5382,0.9734816506876027,0.7592018441973829,846,823.5654764817119,3.7271428571428573
5383,0.3756492289468973,0.2829174687772969,924,347.0998875469331,3.80575117370892
5384,0.4241118713279498,0.2259458175009993,821,348.1958463602468,3.5466237942122185
5385,0.5378138310096658,0.2623734658522604,689,370.55372956565975,3.6008849557522122
5386,0.6024816460005236,0.3564129424185827,636,383.178326856333,3.6302681992337167
5387,0.6087610506226321,0.3639767707133952,636,387.172028195994,3.6302681992337167
5388,0.4557508621467044,0.2013000617134094,805,366.87944402809705,3.6565217391304348
5389,0.6363932575775308,0.4462066931457968,918,584.2090104561734,3.595946801773274
5390,0.8539275661701898,0.6524610533264223,780,666.063501612748,3.5439045183290707
5391,0.8539275661701898,0.6524610533264223,780,666.063501612748,3.5439045183290707
5392,0.8539275661701898,0.6524610533264223,780,666.063501612748,3.5439045183290707
5393,0.58763603707482,0.4137537815598336,875,514.1815324404675,3.5816044260027664
5394,0.3668075549482527,0.2018489600167112,741,271.8043982166552,3.685258964143426
5395,0.4680439750841896,0.3020762055835516,492,230.27763574142128,3.8672875436554133
5396,0.3586036912298391,0.1878328225272018,659,236.31983252046396,3.733
5397,0.37544191873184735,0.23897083310727,743,278.9533456177626,3.6748726655348047
5398,0.8407860422245705,0.5905264740044465,714,600.3212341483434,3.6936936936936937
5399,0.9095829452619033,0.605213212654896,660,600.3247438728562,3.6387711864406778
5400,0.7360658085667762,0.45484293340437804,808,594.7411733219551,3.6540460282108387
5401,0.3231885083356116,0.2186744560562397,795,256.9348641268112,4.050341827221877
5402,0.37517116115544424,0.276171194212839,717,268.9977225484535,4.069314079422383
5403,0.09864981979502768,0.0725725742719804,738,72.80356700873043,4.077990746860542
5404,0.06639369744198569,0.0429176139257112,497,32.99766762866689,4.212765957446808
5405,0.06639369744198569,0.0429176139257112,497,32.99766762866689,4.212765957446808
5406,0.06639369744198569,0.0429176139257112,497,32.99766762866689,4.212765957446808
5407,0.06110623712582112,0.0429176139257112,497,30.369799851533095,4.212765957446808
5408,0.06059512233452558,0.0429176139257112,497,30.115775800259215,4.212765957446808
5409,0.045773965098546754,0.0351762683115036,497,22.749660653977738,4.212765957446808
5410,0.03341296148473746,0.01588374739048055,782,26.128935881064695,4.16248574686431
5411,0.3074480312136883,0.207644109181455,719,221.05513444264187,4.084070796460177
5412,0.37935079737425587,0.2424722113586617,660,250.37152626700887,3.8354978354978355
5413,0.40850766119869625,0.3216583161892888,629,256.95131889397993,3.854335260115607
5414,0.3885374831379557,0.2571701849778628,683,265.37110098322376,3.752173913043478
5415,0.9269108803205847,0.6452417356374318,683,633.0801312589593,3.752173913043478
5416,0.9385843265590385,0.6543569427768036,683,641.0530950398232,3.752173913043478
5417,0.7739280360248353,0.4737757014813485,885,684.9263118819792,3.755059316120028
5418,1.1483871967795583,0.7268010932346256,858,985.3162148368609,3.6907600596125185
5419,1.2326910277528378,0.7801536347075552,844,1040.391227423395,3.6998480243161094
5420,0.9535314274640262,0.5919321148953998,896,854.3641590077675,3.584089323098395
5421,0.7260191922844864,0.5273490875165326,885,642.5269851717704,3.5751587861679606
5422,0.5718663429802223,0.2648483780641824,1231,703.9674682086537,3.6861924686192467
5423,0.9375079656824526,0.4737560442396155,1166,1093.1342879857398,3.680082987551867
5424,1.2415810925637958,0.938879400189896,872,1082.65871271563,3.5273735273735274
5425,1.154958809537482,0.8321384430867104,971,1121.4650040608951,3.5675029868578254
5426,1.2239030713030774,0.8220390421430563,1068,1307.1284801516867,3.529854760623991
5427,0.9196075228305912,0.7304214968691212,999,918.6879153077606,3.5244712990936558
5428,0.7802073084755702,0.5795209562938763,994,775.5260646247168,3.5219244823386116
5429,0.6294283164382635,0.5410053942881036,851,535.6434972889622,3.3476027397260273
5430,0.4882169071742384,0.40120767152097336,858,418.8901063554965,3.358887952822241
5431,0.431714068778468,0.3396986526519546,801,345.8029690915529,3.316336166194523
5432,0.41559571948898294,0.3021874843333324,878,364.89304171132704,3.5726109857035366
5433,0.6378298131808549,0.3646773057639501,1116,711.818071509834,3.6668253212755832
5434,1.21096733774439,0.924890518819956,849,1028.111269744987,3.570100697134005
5435,1.2381872950499497,0.953217118364296,849,1051.2210134974073,3.570100697134005
5436,1.3023467579172088,1.0601297190638235,816,1062.7149544604424,3.620663068619892
5437,4.693649318376828,2.4110658317126363,820,3848.7924410689984,3.6146153846153846
5438,0.6321462761779053,0.3351176587505019,820,518.3599464658823,3.7662936142198813
5439,0.23173209316206744,0.1347162710790327,268,62.104200967434075,4.200236966824645
5440,1.765152013418178,1.0261621249372488,268,473.0607395960717,4.203931203931204
5441,6.383280357993092,5.570075256073103,870,5553.45391145399,3.6297662976629765
5442,8.093794574372202,5.815462962805308,1058,8563.23465968579,3.6958443854995577
5443,4.36901473299463,3.1962551970460433,926,4045.707642753028,3.4564943253467844
5444,5.378041390782976,4.485469137019434,967,5200.566024887138,3.49818401937046
5445,4.182909906033651,2.2507430097584455,1076,4500.811058892209,3.5240994419076612
5446,3.5599582222850086,1.749449677597386,1069,3805.595339622674,3.4768280123583932
5447,4.032661255645588,2.0534365370035426,898,3621.329807569738,3.4386885245901637
5448,3.3108273105024493,1.6406692277816424,1073,3552.517704169128,3.4225641025641025
5449,5.297307789951301,3.1190970758801098,1066,5646.930104088086,3.7195652173913043
5450,4.869439555842115,1.9950813153110687,1181,5750.8081154495385,3.6909020217729394
5451,4.217327302075518,2.427154473143482,1007,4246.848593190047,3.3524492234169654
5452,3.6038007328882156,2.2041141498997168,1107,3989.4074113072547,3.396276595744681
5453,4.317339853227931,3.318441037814749,973,4200.771677190776,3.3617021276595747
5454,3.036957409446136,1.537914464486108,1319,4005.746823059453,3.4295163290615958
5455,3.9953093332051792,2.5922112582794767,1059,4231.032583864285,3.3923076923076922
5456,2.571128746827365,0.8917235770247076,1517,3900.402308937113,3.6268994503718073
5457,3.117971864300919,1.0762768016380997,1461,4555.356893743643,3.731005496281927
5458,8.018258580908125,3.0237829290958738,1624,13021.651935394793,3.8012198502911008
5459,4.416556707007844,1.2620148405706586,1828,8073.465660410338,3.7983316977428854
5460,3.35253640183119,0.6809098459913538,1984,6651.432221233081,4.056558841039889
5461,4.9177547364807035,1.817101897261742,1996,9815.838454015484,4.031840591618734
5462,3.309060810674929,1.0942614722725803,1720,5691.584594360878,3.919828022255943
5463,2.43855988911138,1.1597393369176143,1085,2645.8374796858475,3.8343337334933976
5464,1.4450317152769416,0.5172308105867643,1334,1927.67230817944,3.86098380690498
5465,2.174210653488702,1.1746719356893258,973,2115.506965844507,3.555735930735931
5466,4.179928768863477,1.5535569426065476,1341,5605.284479045923,3.653173241852487
5467,6.078318202602873,2.374393474351672,1319,8017.301709233189,3.610120131052057
5468,5.151138820975129,2.155458490856503,1288,6634.666801415966,3.6572164948453607
5469,5.1341813971030055,2.908716895443936,1092,5606.526085636482,3.698843416370107
5470,4.634404174804469,2.4360568072810054,1108,5134.9198256833515,3.641544117647059
5471,4.790732771619536,3.1389623979128607,1017,4872.175228737067,3.549438202247191
5472,4.1233275493399635,2.510098368124531,1056,4354.233892103001,3.6038598273235145
5473,3.8924659978409824,3.215718980812309,777,3024.4460803224433,3.586348684210526
5474,2.5856393722977558,2.091919101530338,962,2487.385076150441,3.8962131837307155
5475,2.4830657820363604,1.436068874451196,1024,2542.659360805233,3.9734513274336285
5476,2.2362143605646105,1.6931569288464998,869,1943.2702793306466,3.997159090909091
5477,0.8143545342450885,0.5614256090427979,876,713.3745719986975,3.9615952732644018
5478,1.4689002192377916,1.196723505611201,763,1120.770867278435,3.7647476901208243
5479,1.5238671159505202,1.1501516759831916,855,1302.9063841376947,3.746217331499312
5480,1.4015176709095838,1.1105165073841208,855,1198.2976086276942,3.746217331499312
5481,1.1518667832220066,0.9131296847927604,890,1025.161437067586,3.723821989528796
5482,0.6610158440744726,0.5362345806747346,896,592.2701962907274,3.7204928664072634
5483,0.3927618217863376,0.2573584863784142,851,334.2403103401733,3.604992657856094
5484,0.6452794358948909,0.3935601987783907,633,408.46188292146593,3.6692015209125475
5485,0.5748095480330707,0.3431002916515095,689,396.0437785947857,3.6008849557522122
5486,0.527395805825536,0.2623734658522604,714,376.5606053594327,3.5692175408426485
5487,0.5717130305490558,0.2867483755251036,785,448.79472898100875,3.6567828020756115
5488,0.5987301696014695,0.3224175241140956,805,481.977786529183,3.6565217391304348
5489,0.664258173493659,0.4802527269257451,884,587.2042253683945,3.6090727151434288
5490,0.8539275661701898,0.6524610533264223,780,666.063501612748,3.5439045183290707
5491,0.8539275661701898,0.6524610533264223,780,666.063501612748,3.5439045183290707
5492,0.8108887007030434,0.6162593121133974,819,664.1178458757926,3.6340909090909093
5493,0.6465244560317394,0.4450763896117217,844,545.666640890788,3.6159420289855073
5494,0.3697214539300843,0.2014964169591954,806,297.99549186764796,3.6534133533383346
5495,0.4680439750841896,0.3020762055835516,492,230.27763574142128,3.8672875436554133
5496,0.46804397508418955,0.3020762055835516,492,230.27763574142125,3.8672875436554133
5497,0.34794498977614946,0.1797634983544417,672,233.81903312957243,3.7282099343955015
5498,0.7450055681125325,0.5234243220165513,743,553.5391371076116,3.6748726655348047
5499,0.9095829452619033,0.605213212654896,660,600.3247438728562,3.6387711864406778
5500,0.7701538461608142,0.4935662661982735,776,597.6393846207918,3.639291465378422
5501,0.37517116115544424,0.276171194212839,717,268.9977225484535,4.069314079422383
5502,0.37517116115544424,0.276171194212839,717,268.9977225484535,4.069314079422383
5503,0.10655446727525307,0.07161030546737325,860,91.63684185671764,4.0229333333333335
5504,0.045906264755403256,0.027046381855126853,778,35.71507397970373,3.951770451770452
5505,0.06639369744198569,0.0429176139257112,497,32.99766762866689,4.212765957446808
5506,0.06639369744198569,0.0429176139257112,497,32.99766762866689,4.212765957446808
5507,0.06639369744198569,0.0429176139257112,497,32.99766762866689,4.212765957446808
5508,0.05564295237641748,0.0429176139257112,497,27.65454733107949,4.212765957446808
5509,0.07747692937862537,0.054466276451443,655,50.74738874299962,4.166448230668414
5510,0.15696836749384993,0.0974375297493332,774,121.49351644023984,4.159327925840093
5511,0.34040524145417045,0.2412437371419666,697,237.2624532935568,4.088752869166029
5512,0.4079371354910508,0.3216583161892888,629,256.59245822387095,3.854335260115607
5513,0.40772482925561226,0.3216583161892888,629,256.4589176017801,3.854335260115607
5514,0.40850766119869625,0.3216583161892888,629,256.95131889397993,3.854335260115607
5515,0.41251872843620313,0.2881522603978558,683,281.7502915219267,3.752173913043478
5516,0.5183058466587208,0.3409185940467398,761,394.43074930728653,3.7409133271202237
5517,0.7636085531712133,0.5563043565361067,797,608.596016877457,3.6982142857142857
5518,0.9658877049885779,0.6784586101729956,852,822.9363246502684,3.6860377358490566
5519,0.7352957796250496,0.4548457345742413,990,727.9428218287991,3.6902552204176335
5520,0.6083729551779167,0.4193379348354017,952,579.1710533293767,3.6419910657306955
5521,0.6401121256593187,0.3836221898752022,929,594.6641647375071,3.7010565568676195
5522,0.6382237705760305,0.3950064791625677,1068,681.6229869752005,3.6577645895153315
5523,0.6651740882581585,0.3894851141056335,1103,733.6870193487488,3.715893741557857
5524,1.0861757117746822,0.7627931413669673,987,1072.0554275216114,3.633997785160576
5525,1.532919570508045,1.1531803181192397,952,1459.3394311236589,3.5626930203829525
5526,1.6491360051193218,1.1429818886767866,1022,1685.4169972319469,3.537514654161782
5527,0.9900375818222602,0.7323114469898098,1022,1011.8184086223499,3.537514654161782
5528,0.7626340370621338,0.621917262810721,914,697.0475098747903,3.410077519379845
5529,0.4343424714103612,0.3522730036433884,839,364.413333513293,3.3178155774395703
5530,0.44292380806273846,0.3522730036433884,801,354.7819702582535,3.316336166194523
5531,0.44292380806273846,0.3522730036433884,801,354.7819702582535,3.316336166194523
5532,0.44292380806273846,0.3522730036433884,801,354.7819702582535,3.316336166194523
5533,0.74272449045376,0.5203778702473858,969,719.7000312496934,3.466887417218543
5534,1.1451247657942596,0.8851757872159057,789,903.5034402116709,3.5666387259010897
5535,1.1451247657942596,0.8851757872159057,789,903.5034402116709,3.5666387259010897
5536,1.1382984197893078,0.8851757872159057,793,902.6706468929211,3.560200668896321
5537,1.143387630750922,0.6820114703093691,807,922.7138180159942,3.5373870172555466
5538,0.9465817177107901,0.2550887564110166,973,921.0240113325988,3.7411575562700965
5539,1.4993793447515524,0.6638384641203113,727,1090.0487836343787,3.7970813064628213
5540,0.5993893510413476,0.1765219695138235,833,499.29132941744257,3.7731958762886597
5541,3.579875256599026,3.280468167232013,845,3024.994591826177,3.6869398207426376
5542,2.045858304346455,1.6805130969147455,912,1865.822773563967,3.5748427672955976
5543,4.0887799295785365,3.0271363340959185,1111,4542.634501761754,3.5179168657429525
5544,5.294140618222674,3.2169794320303104,1161,6146.497257756524,3.4986583184257602
5545,4.203932921492669,2.8887817888128966,1019,4283.807647001029,3.468217934165721
5546,4.383481408998572,2.2352181251522,1128,4944.567029350389,3.461985472154964
5547,4.753222567661656,3.461261857666462,939,4463.275991034296,3.4245049504950495
5548,3.1702089416081436,2.099218268493184,881,2792.9540775567743,3.3836265223274697
5549,2.955487114436869,2.069712949218326,770,2275.7250781163893,3.4130067567567566
5550,3.268367524456607,2.224787062888609,781,2552.59503660061,3.7797157622739017
5551,3.653391287053084,2.3959290500960373,820,2995.780855383529,3.2463891248937977
5552,2.5850124109703416,1.3949472336366655,1125,2908.1389623416344,3.3881748071979434
5553,2.5212094128835165,1.1222460227428652,1307,3295.220702638756,3.594448727833462
5554,2.703362448541003,0.8623158725203399,1611,4355.116904599556,3.628111718275653
5555,2.8639411054337427,0.9340959326009232,1653,4734.094647281977,3.6650203370133645
5556,2.2915011280074205,0.5567090904464391,1855,4250.734592453765,3.637813807531381
5557,3.9375301130057245,1.88557814763698,1250,4921.912641257156,3.5607746188710343
5558,4.417099393131729,2.275337105494422,1235,5455.117750517686,3.5196581196581196
5559,5.561016293151215,1.8380441372557572,1589,8836.45488981728,3.6602351522460053
5560,5.9884057227722085,2.6726205807196948,1233,7383.704256178133,3.672926447574335
5561,4.116634060706103,1.521139698290238,1600,6586.6144971297645,3.8602269582064768
5562,3.990573532182111,1.694731406017185,1562,6233.275857268458,3.586559306286776
5563,1.8363862702226854,0.5556088095304511,1858,3412.0056900737495,3.7798578199052133
5564,2.9232256912774717,1.0532052516445438,1494,4367.299182768543,3.7677254679523537
5565,3.837238496347851,1.7918703240427083,1261,4838.75774389464,3.660342940532652
5566,6.678656325083963,2.863353133447385,1274,8508.608158156969,3.6212409592691284
5567,9.25206598618352,3.6486426557123335,1341,12407.0204874721,3.5701072881982983
5568,7.582403708988004,3.5497714509482523,1215,9212.620506420424,3.4748414376321355
5569,7.618594000062876,5.279789759727933,985,7504.315090061933,3.5397008055235903
5570,6.527004274747695,3.2044667523236274,1151,7512.5819202345965,3.6294372294372295
5571,5.548302753594191,3.5813788442650885,1033,5731.3967444628,3.613312202852615
5572,3.1619465460870395,1.6810273482264126,1105,3493.950933426179,3.6355492692126354
5573,2.118417543781738,1.50295380734218,993,2103.5886209752657,3.868700878409616
5574,1.9979064834579563,1.4448761874062308,978,1953.9525408218813,3.930772666368915
5575,2.1282404282615377,1.7714775554040645,846,1800.491402309261,3.998482549317147
5576,1.7888453453948607,1.355367245410121,861,1540.195842384975,4.0080037664783426
5577,1.5590183984937704,1.1724369229717484,873,1361.0230618850617,3.9897531439217513
5578,1.4280404416967527,1.0389104995311615,881,1258.1036291348391,3.9510321651464233
5579,1.8501108794663255,1.4162812595439662,711,1315.4288353005575,3.7
5580,1.169704780063556,0.9479416195671598,925,1081.9769215587894,3.786008230452675
5581,0.6133718401573792,0.5001994119322067,890,545.9009377400675,3.723821989528796
5582,0.5766614219419514,0.4611148286900496,672,387.5164755449913,3.598249027237354
5583,0.4819661822677479,0.3542867459171236,807,388.94670909007255,3.627906976744186
5584,0.49272985063634556,0.2790363788822743,833,410.4439655800758,3.6498889711324947
5585,0.5211553576938851,0.28669098827325423,784,408.58580043200595,3.621287128712871
5586,0.4738652396477582,0.2499954981339005,832,394.2558793869348,3.689245810055866
5587,0.5838607344325679,0.282582909635664,884,516.13288923839,3.8552009456264775
5588,0.6683551769188131,0.3723267721539438,838,560.0816382579653,3.8795552810376774
5589,0.5877825478636141,0.3889252607636003,968,568.9735063319785,3.775542615140286
5590,0.8095152744545452,0.6019334960159983,884,715.6115026178179,3.734608487746563
5591,0.8151891239068729,0.613463367166657,808,658.6728121167533,3.530844155844156
5592,0.7993272002294973,0.607078162151313,819,654.6489769879583,3.6340909090909093
5593,0.6017044874075622,0.40382107712965976,854,513.8556322460581,3.6441032798325192
5594,0.3746729415417014,0.2025871435142661,783,293.3689132271522,3.69002284843869
5595,0.42210321292219777,0.2567660874131207,547,230.89045746844218,3.750826901874311
5596,0.4680439750841896,0.3020762055835516,492,230.27763574142128,3.8672875436554133
5597,0.34687549550956337,0.1781520918412868,667,231.36595550487877,3.643781094527363
5598,0.6368808528967319,0.401794339738153,843,536.890558991945,3.6008902077151337
5599,0.8387003072522581,0.5865020811211192,782,655.8636402712658,3.5258999122036876
5600,0.8340254256243075,0.5861848636985065,782,652.2078828382084,3.5258999122036876
5601,0.37517116115544424,0.276171194212839,717,268.9977225484535,4.069314079422383
5602,0.37517116115544424,0.276171194212839,717,268.9977225484535,4.069314079422383
5603,0.1325934635148704,0.09225001557738674,860,114.03037862278853,4.0229333333333335
5604,0.0599403668117976,0.0420186049464079,778,46.63360537957853,3.951770451770452
5605,0.06639369744198569,0.0429176139257112,497,32.99766762866689,4.212765957446808
5606,0.06639369744198569,0.0429176139257112,497,32.99766762866689,4.212765957446808
5607,0.07464360017445672,0.0552153707046361,655,48.89155811426915,4.166448230668414
5608,0.11870743906559336,0.0774745942706994,655,77.75337258796365,4.166448230668414
5609,0.20176413054690404,0.1226095375578765,655,132.15550550822215,4.166448230668414
5610,0.18187153868639136,0.1121274338133336,754,137.1311401695391,4.1681141439205955
5611,0.28759078153517265,0.20188549071682535,764,219.71935709287192,4.207678883071553
5612,0.393881400465242,0.2862191449206144,651,256.41679170287256,3.9697560975609756
5613,0.4044943841233002,0.3216583161892888,629,254.42696761355583,3.854335260115607
5614,0.40248389359838405,0.3193746445998327,629,253.16236907338356,3.854335260115607
5615,0.34541608515589756,0.2411843815049157,734,253.5354065044288,3.784749034749035
5616,0.4250591134286784,0.32896097399263,734,311.99338925664995,3.784749034749035
5617,0.5251669470169852,0.4618820746607073,670,351.8618545013801,3.6521252796420582
5618,0.5268827346297726,0.4618820746607073,670,353.0114322019477,3.6521252796420582
5619,0.5259989555142474,0.4618820746607073,650,341.89932108426075,3.705949656750572
5620,0.4132843058497989,0.3233947732371063,722,298.3912688235548,3.657469077069458
5621,0.29958859935223114,0.167887410202114,1079,323.2560987010574,3.7334014300306437
5622,0.40561727033569844,0.2251019761032488,1242,503.77664975693745,3.7209208400646205
5623,0.3889715608053036,0.1584131301786157,1245,484.26959320260295,3.6636291600633912
5624,0.7421234423554417,0.5025448773960136,994,737.6707017013091,3.651867893881971
5625,1.507059157997541,0.9934404048504504,1045,1574.8768201074304,3.619673855865334
5626,1.2928386472627007,0.8367491329852419,1011,1307.0598723825904,3.5293764988009593
5627,1.1103579604016556,0.79532832768253,884,981.5564369950636,3.398858075040783
5628,0.5887862603487526,0.4743495145394123,914,538.1506419587598,3.410077519379845
5629,0.44292380806273846,0.3522730036433884,801,354.7819702582535,3.316336166194523
5630,0.44292380806273846,0.3522730036433884,801,354.7819702582535,3.316336166194523
5631,0.44292380806273846,0.3522730036433884,801,354.7819702582535,3.316336166194523
5632,0.44292380806273846,0.3522730036433884,801,354.7819702582535,3.316336166194523
5633,0.7426722110159313,0.5186948015264043,969,719.6493724744374,3.466887417218543
5634,1.1451247657942596,0.8851757872159057,789,903.5034402116709,3.5666387259010897
5635,1.1451247657942596,0.8851757872159057,789,903.5034402116709,3.5666387259010897
5636,2.9915128132691042,1.513332847851428,902,2698.344557568732,3.602165087956698
5637,4.296059070357462,1.9701929305635917,894,3840.6768088995705,3.6066576086956523
5638,1.6056043755447063,0.496723186331744,889,1427.3822898592439,3.62853385930309
5639,2.992577207524637,1.1862868669742084,671,2008.0193062490314,3.6952861952861955
5640,2.1358731452999535,1.039703579796701,820,1751.4159791459617,3.7862829148805877
5641,1.5602187664191214,1.2426727304444165,659,1028.184167070201,3.5641263940520447
5642,1.5587132738678309,1.0883786634366237,819,1276.5861712977535,3.5326241134751775
5643,6.448495526720519,5.287143752041912,920,5932.615884582878,3.5423829282750443
5644,4.852328961816022,1.9719787494114376,1283,6225.538058009956,3.5657596371882088
5645,3.729564238380513,2.306024210118101,987,3681.079903281566,3.4393939393939394
5646,5.7792488618870985,3.5673587335005816,1000,5779.248861887098,3.455023364485981
5647,4.541977541062604,3.0503202468302835,1005,4564.687428767917,3.4265652428320656
5648,1.7848677368163999,1.1090419842839132,763,1361.8540831909131,3.4138513513513513
5649,1.814104266187084,1.3411075739370997,611,1108.4177066403083,3.597048808172531
5650,2.676770473380741,1.8793282581489863,801,2144.093149177974,3.328358208955224
5651,3.7833433601825863,2.4519038073237605,877,3317.992126880128,3.3465703971119134
5652,4.41536174807504,2.417354904283185,1053,4649.375920723017,3.44632469592808
5653,5.544760634167682,2.409791323226231,1275,7069.569808563794,3.61559037065342
5654,4.295415802111976,1.93315629160246,1357,5828.879243465952,3.637251356238698
5655,4.598996049160793,2.502789539281353,1214,5583.181203681203,3.6512295081967214
5656,2.938532623395052,0.7631773317241342,1648,4842.701763355046,3.6708715596330275
5657,3.118774173909328,1.1264585718206144,1482,4622.023325733624,3.6789926681542875
5658,8.12138765641305,2.5330179465153115,1593,12937.37053666599,3.7033293697978595
5659,7.5886571015603765,1.357204132886943,1768,13416.745755558746,3.765601217656012
5660,4.875213521082251,0.651098501421637,1515,7385.948484439609,3.823664560597358
5661,3.729090726214519,0.9315115999163468,1844,6876.443299139573,3.7885881492318947
5662,3.613221411236232,1.5751083403361068,1593,5755.861708099317,3.6202872531418313
5663,1.8983148516560102,1.2617565627411087,1092,2072.959818008363,3.6018683274021353
5664,3.1690133897284256,1.780727026402923,1207,3824.9991614022097,3.601873536299766
5665,4.390696832236248,1.712334374467297,1327,5826.454696377501,3.677814569536424
5666,5.354349420675991,2.8140566789372383,1139,6098.6039901499535,3.6900354470263883
5667,6.729932412095979,3.51650463471691,1206,8116.298488987752,3.4666374012291485
5668,7.111507312272985,4.030757892783888,1061,7545.309258321637,3.527944111776447
5669,7.990593860849079,5.2773068568403945,1034,8262.274052117948,3.523237597911227
5670,6.67911721296013,2.3002747424684413,1293,8636.098556357449,3.552808988764045
5671,4.381354331344658,2.318753652509973,1113,4876.447370786605,3.559774964838256
5672,3.3144133919408274,2.170284521705739,809,2681.3604340801294,3.6465014577259476
5673,2.2818137900658715,1.5595007127595175,509,1161.4432191435285,3.821831869510665
5674,1.6916407094163135,1.4137208181470176,851,1439.5862437132828,3.9025866813428727
5675,1.901917760846714,1.6271864665449742,842,1601.4147546329332,3.9302325581395348
5676,1.7904268308447338,1.3790330630244754,823,1473.521281785216,3.9230343300110744
5677,1.8646293068250195,1.4457871191202365,792,1476.7864110054154,3.935185185185185
5678,1.4533384853684659,1.118995664844363,877,1274.5778516681446,3.923391215526047
5679,1.3884320437573379,0.9807121410069892,893,1239.8698150753028,3.9002100840336134
5680,0.9084768402770356,0.7158359847133877,787,714.971273298027,3.661189358372457
5681,0.6394385614911376,0.4801897226821839,626,400.28853949345216,3.6902564102564104
5682,0.6161880614304065,0.4801897226821839,626,385.73372645543446,3.6902564102564104
5683,0.6012739496870203,0.4801897226821839,626,376.3974925040747,3.6902564102564104
5684,0.6324137739650361,0.4829308052605172,862,545.1406731578611,3.8416030534351147
5685,0.755924525896366,0.5754381247044444,834,630.4410545975693,3.842857142857143
5686,0.6790103317414752,0.4726605034931073,911,618.5784122164839,3.858111927642736
5687,0.8208575362621255,0.5499684972400568,884,725.6380620557189,3.8552009456264775
5688,0.7549637508437339,0.47697785816913435,960,724.7652008099845,3.852846401718582
5689,0.7726279912636611,0.5255275196725311,969,748.6765235344876,3.7625698324022347
5690,0.8221260174471193,0.6217067302512265,858,705.3841229696284,3.786736020806242
5691,0.8539275661701898,0.6524610533264223,780,666.063501612748,3.5439045183290707
5692,0.7097642387412567,0.5124044730950909,863,612.5265380337046,3.6320224719101124
5693,0.4520015145637857,0.3036673792101347,850,384.20128737921783,3.726101694915254
5694,0.39185515715512215,0.2683829635410424,800,313.48412572409774,3.747703180212014
5695,0.43146821269194735,0.3032913252316297,699,301.5962806716712,3.7016478751084128
5696,0.3968108411083348,0.2849842839312987,699,277.37077793472605,3.7016478751084128
5697,0.5631808459318971,0.3518965052092267,831,468.0032829694065,3.6210526315789475
5698,1.060978484222615,0.7531573592308131,701,743.7459174400532,3.624633431085044
5699,1.1789603365714707,0.8674722714688854,631,743.923972376598,3.5642857142857145
5700,0.9033893320063334,0.5858028869287009,821,741.6826415771998,3.552674230145867
5701,0.3659966966271363,0.2666581430079595,769,281.4514597062678,4.07185628742515
5702,0.41418683376204596,0.3188030788479236,769,318.50967516301336,4.07185628742515
5703,0.15966899517430885,0.115889579883381,786,125.49983020700675,4.086047940995698
5704,0.06639369744198569,0.0429176139257112,497,32.99766762866689,4.212765957446808
5705,0.05353687577965285,0.0411944071123998,655,35.066653635672616,4.166448230668414
5706,0.11119025545867305,0.07964639940305829,800,88.95220436693843,4.134361233480176
5707,0.19754019904401118,0.1195290365861804,655,129.38883037382732,4.166448230668414
5708,0.22389943012036131,0.1348598407317374,621,139.04154610474438,4.186609686609686
5709,0.22389943012036131,0.1348598407317374,621,139.04154610474438,4.186609686609686
5710,0.22230852558659642,0.1445525463109398,653,145.16746720804747,4.214564369310793
5711,0.2666918911739745,0.192336534760922,749,199.7522264893069,4.213403880070547
5712,0.3651550884484773,0.2482916796347302,716,261.4510433291098,4.1158493248045485
5713,0.3978779610381128,0.2949679950395848,651,259.01855263581143,3.9697560975609756
5714,0.3701408062299018,0.2624306522323132,651,240.96166485566607,3.9697560975609756
5715,0.3356709366468876,0.2546049300142459,743,249.4035059286375,3.7638623326959846
5716,0.5138861094390406,0.4618820746607073,670,344.30369332415717,3.6521252796420582
5717,0.5146165333623341,0.4618820746607073,670,344.7930773527639,3.6521252796420582
5718,0.5161213097216812,0.4618820746607073,670,345.80127751352643,3.6521252796420582
5719,0.4945734220691825,0.4339097630782065,670,331.36419278635225,3.6521252796420582
5720,0.4103114721888729,0.2873209788938605,777,318.81201389075426,3.786729857819905
5721,0.34008346637889475,0.2610312846799062,820,278.8684424306937,3.7701149425287355
5722,0.33621583563230384,0.2389070896362744,917,308.3099212748226,3.627320954907162
5723,0.388374942054413,0.251797218102147,979,380.2190682712703,3.6036655211912945
5724,0.3326924698212143,0.2052496507900659,715,237.87511592216825,3.68
5725,1.0966603103886572,0.7912505069001318,934,1024.2807299030057,3.5376344086021505
5726,0.7770468804239109,0.6101355433100385,884,686.9094422947372,3.398858075040783
5727,0.47778964442093186,0.35268491390891077,896,428.09952140115496,3.3926282051282053
5728,0.4819318002327963,0.3719017229624049,837,403.3769167948505,3.3407671721677072
5729,0.44292380806273846,0.3522730036433884,801,354.7819702582535,3.316336166194523
5730,0.44292380806273846,0.3522730036433884,801,354.7819702582535,3.316336166194523
5731,0.44292380806273846,0.3522730036433884,801,354.7819702582535,3.316336166194523
5732,0.384339392236985,0.30177102092020036,874,335.9126288151249,3.365873666940115
5733,0.556104859377559,0.3769155513770898,1015,564.4464322682225,3.5
5734,1.0218991714042671,0.7006559850817102,864,882.9208840932868,3.573746312684366
5735,1.1371228916630103,0.8748383882831888,800,909.6983133304083,3.57318070318888
5736,2.7068355951559857,1.1978588867633984,923,2498.409254328975,3.5894736842105264
5737,9.21177380434767,4.9448769118106535,729,6715.383103369451,3.530593607305936
5738,1.183937946176098,0.2313673826355002,987,1168.5467528758086,3.6187974314068887
5739,1.9731290878637027,0.9021478505822088,851,1679.132853772011,3.5909712722298224
5740,2.300329919570914,1.1349972094882557,788,1812.6599766218803,3.6555555555555554
5741,1.000813375197065,0.6154911550377484,659,659.5360142548658,3.5547169811320756
5742,1.000627036012838,0.6949682225067872,903,903.5662135195928,3.5058103975535166
5743,3.9179186421833503,1.8002408226912134,1254,4913.0699772979215,3.577025484975276
5744,4.858469421145882,2.7936469087904854,1157,5621.249120265786,3.5698784722222223
5745,4.581069139107098,2.253099817466593,1187,5437.729068120125,3.552199022656597
5746,4.556095668223934,2.8081410861907043,920,4191.60801476602,3.4498626373626373
5747,2.1945502730289923,1.2653037710637811,897,1968.511594907006,3.4305750350631135
5748,2.0536423583930152,1.575714908975633,602,1236.2926997525951,3.609048723897912
5749,1.5912056753028272,1.0110529333245928,745,1185.4482281006062,3.477047704770477
5750,4.2506863037552804,3.0405627701503954,789,3353.7914936629163,3.40893470790378
5751,4.980121594944052,3.29489716637224,867,4317.765422816493,3.3922134102379236
5752,5.414277230814627,2.212887878308745,1068,5782.448082510022,3.4967121901871523
5753,7.322847890764779,4.682235785609016,1080,7908.6757220259615,3.516336633663366
5754,5.683295354896651,1.3642930701004368,1505,8553.35950911946,3.7078449053201084
5755,5.681488720407486,2.0970421170621467,1346,7647.283817668476,3.699757028809441
5756,4.18734679671544,1.1063065981611164,1370,5736.665111500152,3.6980164158686732
5757,4.844499139082026,1.032332515766241,1617,7833.555107895636,3.7751605995717346
5758,11.067840005279402,3.681636201320436,1533,16966.998728093324,3.7202630005977286
5759,8.138059503501871,2.038114570775624,1481,12052.466124686272,3.6833173230867757
5760,5.721263295922418,1.379380932508853,1488,8513.239784332558,3.7245922208281055
5761,5.110473010072094,1.61357669763654,1457,7445.959175675041,3.750303766707169
5762,3.305247201264103,1.996613579494458,1415,4676.924789788706,3.7235668789808916
5763,1.5101115300996302,0.8111190722185514,1453,2194.1920532347626,3.6997853419196565
5764,3.259729676334701,1.2828580734479178,1459,4755.945597772328,3.6021403840100725
5765,8.567381643281827,2.385305220003485,1565,13407.95227173606,3.6328102710413694
5766,8.668642549972809,2.1055337602410487,1736,15048.763466752796,3.6014157364552135
5767,4.375730059869785,1.4024754706284508,1679,7346.850770521368,3.497737556561086
5768,4.305898655332713,1.4511967541608382,1386,5967.975536291141,3.423150632426217
5769,7.274382317414982,2.8823376257824314,1226,8918.392721150769,3.221047573282076
5770,6.559678621035591,2.9928931272991868,1191,7812.577237653389,3.294145199063232
5771,5.532564914486313,3.259450500178832,962,5322.327447735834,3.3095709570957097
5772,3.240162534861344,2.096673045442504,876,2838.3823805385373,3.5488372093023255
5773,2.742566792220193,2.0857313163828786,647,1774.440714566465,3.6422764227642275
5774,2.4099178810858444,1.9461138088250305,746,1797.7987392900397,3.6162393162393163
5775,2.7985320196289942,2.129927189672011,670,1875.0164531514263,3.713751169317119
5776,1.4477072025363884,0.9915992090239648,948,1372.4264280044963,3.919928025191183
5777,1.8262429831564686,1.4009704458835621,832,1519.4341619861818,3.9114411441144115
5778,1.9982217895373093,1.5680779715965172,847,1692.493855738101,3.916977115486961
5779,1.5530006774525953,1.0042514932519633,923,1433.4196252887455,3.8925
5780,1.2168875883588606,0.8261462299746832,781,950.3892065082701,3.7982456140350878
5781,0.5935296920541999,0.4530401364401845,781,463.5466894943301,3.7982456140350878
5782,0.6394385614911376,0.4801897226821839,626,400.28853949345216,3.6902564102564104
5783,0.49094653276311295,0.3474635358944006,825,405.0308895295682,3.8245010323468684
5784,0.7320640545447905,0.5508717315325602,825,603.9528449994522,3.8245010323468684
5785,0.82808635290584,0.6545185470701593,712,589.5974832689581,3.837979094076655
5786,0.7350767160193717,0.5373332733995154,784,576.3001453591875,3.861800141743444
5787,0.8002022830487926,0.6046643547671526,784,627.3585899102534,3.861800141743444
5788,0.9230638026553696,0.6732527464730155,829,765.2198924013014,3.841677943166441
5789,0.7868527387510698,0.5408765197415818,850,668.8248279384093,3.811111111111111
5790,0.6652813483221318,0.464806180353837,861,572.8072409053555,3.7904269081500646
5791,0.5754584907032727,0.3881906642327494,893,513.8844321980225,3.836892052194543
5792,0.49173481439597583,0.296547164635627,878,431.7431670396668,3.7032894736842104
5793,0.4074985170951756,0.2877301023837038,866,352.8937158044221,3.7313531353135314
5794,0.5006328031108986,0.3606552321748286,756,378.47839915183937,3.570135746606335
5795,0.5174458418650965,0.3777895350137127,576,298.04880491429554,3.7209302325581395
5796,0.5174458418650965,0.3777895350137127,576,298.04880491429554,3.7209302325581395
5797,0.4906501961572401,0.3426826384838101,764,374.8567498641314,3.5498220640569396
5798,0.8611006082896581,0.5833378801269229,764,657.8808647332987,3.5498220640569396
5799,1.1066700992853162,0.7920399000372901,668,739.2556263225912,3.4886621315192743
5800,0.8482779024982104,0.5187390106314931,837,710.0086043910021,3.532066508313539
5801,0.5960502823849964,0.4643714245176864,779,464.32316997791213,4.061305207646671
5802,0.5652011731723092,0.4359965823118775,769,434.6397021695058,4.07185628742515
5803,0.3184509801743761,0.2354202672495344,836,266.22501942577844,4.101343784994401
5804,0.19966910876385444,0.1367100414640834,800,159.73528701108356,4.134361233480176
5805,0.15629192480729834,0.0981031261842383,800,125.03353984583866,4.134361233480176
5806,0.18242518321976817,0.1138083272665233,782,142.65649327785871,4.135593220338983
5807,0.22242804098174582,0.1330941737653987,621,138.12781344966416,4.186609686609686
5808,0.21733064409489966,0.1269772975011834,621,134.9623299829327,4.186609686609686
5809,0.2135215502533836,0.1345287422377304,653,139.4295723154595,4.214564369310793
5810,0.2556900245137065,0.1949375890952014,653,166.96558600745033,4.214564369310793
5811,0.32653831316209386,0.2924063836428021,560,182.86145537077257,4.177065767284992
5812,0.4066966572137384,0.29277488323669254,766,311.5296394257236,4.048332198774677
5813,0.5976783177547721,0.4656504542764514,726,433.91445868996453,3.838248436103664
5814,0.7869972082090166,0.5878590583882495,793,624.0887861097502,3.9105263157894736
5815,0.6470439263978363,0.5142079728516238,858,555.1636888493435,3.7834067547723937
5816,1.8146887283512385,1.3064829396927289,714,1295.6877520427843,3.551760939167556
5817,1.349708803055768,1.0159770009892937,714,963.6920853818183,3.551760939167556
5818,0.5459437976761795,0.4706639983940175,714,389.80387154079216,3.551760939167556
5819,0.5061756926756612,0.4618820746607073,639,323.4462676197475,3.666283084004603
5820,0.44049489932817487,0.3461503294411492,730,321.5612765095677,3.7373029772329245
5821,0.41149008200107184,0.34483474251129453,720,296.2728590407717,3.7586206896551726
5822,0.28191854139756184,0.20721869917485755,728,205.236698137425,3.7568965517241377
5823,0.348370180715457,0.2478492204209613,614,213.8992909592906,3.7378740970072237
5824,0.298298595268853,0.2052496507907218,715,213.2834956172299,3.68
5825,0.44681199478419253,0.3025440170571308,1043,466.0249105599128,3.6816961889425657
5826,0.4372848171530116,0.3285885969095091,922,403.1766014150767,3.4647364513734225
5827,0.5285079821541728,0.426100431002386,822,434.4335613307301,3.353102189781022
5828,0.518769578284487,0.4227276043720661,837,434.2101370241156,3.3407671721677072
5829,0.44777172374150176,0.3522730036433884,837,374.784932771637,3.3407671721677072
5830,0.40691107451483294,0.3087117950260186,901,366.6268781378645,3.3905882352941177
5831,0.34512711456332557,0.280996561360141,874,301.6410981283465,3.365873666940115
5832,0.2851735619291727,0.21728367322497227,874,249.24169312609692,3.365873666940115
5833,0.3773119250442127,0.3161630146594021,644,242.98887972847297,3.5462962962962963
5834,0.4707801409770142,0.3904057738171258,872,410.5202829319564,3.585029069767442
5835,1.0384681913977347,0.7697971543585498,870,903.4673265160293,3.6080691642651295
5836,1.2780500146651192,0.5581628197921413,891,1138.7425630666212,3.570728291316527
5837,1.4544833983668872,0.472529593236531,592,861.0541718331973,3.645464025026069
5838,1.5032818145179319,0.7398755755689597,521,783.2098253638425,3.701111111111111
5839,0.8798496559432671,0.353079102372062,855,752.2714558314934,3.603317208016586
5840,0.7289385264938679,0.2333847817791461,1087,792.3561782988344,3.6630123927550047
5841,0.9090935884871155,0.611714810652803,730,663.6383195955943,3.5327800829875518
5842,0.8447967063374985,0.6011683103018005,727,614.1672055073614,3.505008347245409
5843,1.74685671269808,1.0562500424725934,1078,1883.1115362885303,3.498469387755102
5844,3.6600379969522376,2.2982277340913355,1103,4037.021910638318,3.5233061028351753
5845,3.8206347132897442,2.1811307878979096,1125,4298.214052450962,3.6102540834845733
5846,3.4138011529590617,2.49562676389112,817,2789.0755419675534,3.6539293439077145
5847,2.4902528729093123,1.781474624495836,703,1750.6477696552465,3.6475409836065573
5848,4.2052113099538095,1.1039612931160592,792,3330.527357483417,3.4954507857733663
5849,1.8071696639462305,1.1231304928733392,888,1604.7666615842527,3.48
5850,4.300732192164627,2.9008143513226625,954,4102.898511325055,3.4154147615937296
5851,4.456498959103491,2.2081793104260456,1076,4795.192879995356,3.474372955288986
5852,5.276190332086526,2.845305442517053,1133,5977.923646254034,3.478974358974359
5853,6.912111041008571,4.607978018246564,1101,7610.2342561504365,3.521313081822636
5854,9.685984751700175,3.940829038247272,1251,12117.16692437692,3.6041996830427894
5855,13.29205154202656,9.32842117038189,1052,13983.238222211941,3.606776180698152
5856,8.651508775479954,4.2129103018760485,1165,10079.007723434146,3.6775979557069847
5857,9.636913705650947,3.793535632546938,1252,12065.415959474985,3.6923954372623573
5858,7.121352604396173,2.3803080977552336,1488,10596.572675341506,3.7508109702152757
5859,6.336610103334168,1.9867585370087484,1694,10734.217515048082,3.7495943753380208
5860,5.567576348328752,2.107994769154879,1611,8969.36549715762,3.672813801308745
5861,6.022741350149228,3.5653551594326673,1226,7383.880895282953,3.764147499087258
5862,4.311058966204368,1.6529706625085625,1811,7807.327787796111,3.840752638825149
5863,2.3355677828038472,0.9172848578210756,1675,3912.076036196444,3.6365603028664144
5864,2.0187471263214753,1.0937998755492384,1751,3534.826218188903,3.476549413735343
5865,4.531711350273098,1.1344346791217128,1917,8687.290658473528,3.56480605487228
5866,5.2197162515345035,1.109207949136479,2361,12323.750069872962,3.617852975495916
5867,3.8962152040639393,1.1839740398105896,2142,8345.692967104958,3.5790743584119324
5868,5.925737065763295,2.207337157862717,1345,7970.116353451632,3.474797999230473
5869,5.619112557424686,1.8230288068605964,1349,7580.182839965902,3.497844827586207
5870,6.651516976045384,3.715225731245442,1101,7323.320190625968,3.275607180570222
5871,4.7665621951973725,2.4415448297679765,1086,5176.486543984346,3.306553911205074
5872,4.086045194656183,3.058861896853127,901,3681.5267203852213,3.5065703022339028
5873,3.862013566942004,2.775012093619588,859,3317.4696540031814,3.3689839572192515
5874,4.42281011704822,2.9867568600773113,918,4060.139687450266,3.5379464285714284
5875,3.9176564044048385,2.895133073715559,960,3760.950148228645,3.484366428963247
5876,4.597314872331442,3.003362694797978,1085,4988.086636479614,3.847962382445141
5877,2.6392640812345785,1.6822919278019972,1082,2855.6837358958137,3.938958707360862
5878,2.3480863806561136,1.4689842724723814,1029,2416.180885695141,3.9685606060606062
5879,1.1906394104728675,0.8078754553003932,909,1082.2912241198364,3.8815043791859867
5880,1.387443048464304,0.95000646828285,733,1016.995754524335,3.75
5881,0.753600849480795,0.5402463139913423,813,612.6774906278863,3.7754237288135593
5882,0.47456434601223657,0.3686193354367978,761,361.143467315312,3.7978963185574757
5883,0.47405439101818797,0.3689821161204532,867,411.00515701276896,3.9422527158376215
5884,0.8014525703730319,0.6199844853876538,732,586.6632815130594,3.7970890410958904
5885,0.7593774237453287,0.5842601864882712,783,594.5925227925924,3.766935483870968
5886,0.8856806845243709,0.6928378040118043,783,693.4879759825824,3.766935483870968
5887,1.0785091837426093,0.7953189435642162,768,828.2950531143239,3.795751633986928
5888,1.1696801889600035,0.8531903059454974,829,969.6648766478429,3.841677943166441
5889,0.5977836628047939,0.43811451554860936,834,498.55157477919806,3.8394895903290798
5890,0.695689335514227,0.5213277657896707,746,518.9842442936133,3.901470588235294
5891,0.660934010320624,0.5004729860911896,784,518.1722640913692,3.941215323645971
5892,0.4364306629313828,0.2818981234434204,887,387.11399802013653,4.021320852834114
5893,0.26770301714935696,0.1787821281002805,823,220.3195831139208,3.8178164768921636
5894,0.470590454363688,0.354010268936867,576,271.0601017134843,3.7209302325581395
5895,0.5174458418650965,0.3777895350137127,576,298.04880491429554,3.7209302325581395
5896,0.5174458418650965,0.3777895350137127,576,298.04880491429554,3.7209302325581395
5897,0.5174458418650965,0.3777895350137127,576,298.04880491429554,3.7209302325581395
5898,0.3962860884652116,0.23618616002573295,848,336.05060301849943,3.6076589595375723
5899,0.766172712135157,0.515159537770314,854,654.3114961634241,3.599427753934192
5900,0.636808203000529,0.4619544957520785,781,497.34720654341317,3.553950722175021
5901,0.5710356641015079,0.4377983828352495,868,495.65895644010885,4.060913705583756
5902,0.41592432021380576,0.3164174241173304,819,340.6420182551069,4.097780443911217
5903,0.3915379817308463,0.2375876285719891,967,378.6172283337284,3.9496661530559836
5904,0.4862258053361496,0.3510991788452099,834,405.5123216503488,4.089543616406702
5905,0.32354476343967126,0.23752475545956359,782,253.01200500982293,4.135593220338983
5906,0.22446970336901156,0.1660694910857661,782,175.53530803456704,4.135593220338983
5907,0.220039049050262,0.1302273834476182,621,136.6442494602127,4.186609686609686
5908,0.22389943012036131,0.1348598407317374,621,139.04154610474438,4.186609686609686
5909,0.23850318749195698,0.1843936211099454,653,155.7425814322479,4.214564369310793
5910,0.32653831316209386,0.2924063836428021,560,182.86145537077257,4.177065767284992
5911,0.32653831316209386,0.2924063836428021,560,182.86145537077257,4.177065767284992
5912,0.5644791441099758,0.4211881890228178,825,465.69529389073006,4.06356968215159
5913,0.9015988239816851,0.7047583697550505,785,707.7550768256228,3.905775075987842
5914,1.0820915825740827,0.8967265949096852,797,862.4269913115438,3.794044665012407
5915,1.280542477830045,1.0502034971581733,845,1082.058393766388,3.6859827721221614
5916,1.765273144572957,1.20968936479681,830,1465.1767099955543,3.7343260188087775
5917,1.9220125461375241,1.402716603249957,765,1470.339597795206,3.5942857142857143
5918,1.3324645663426078,0.9974713928083998,765,1019.335393252095,3.5942857142857143
5919,0.521129235852521,0.43443928542190224,702,365.83272356846976,3.6424870466321244
5920,0.46683644387522244,0.3766669490108416,772,360.39773467167174,3.732463295269168
5921,0.2606944881175376,0.2091056449872289,730,190.30697632580242,3.745183887915937
5922,0.2817444505025292,0.1914178717143508,624,175.80853711357824,3.709205020920502
5923,0.29417804384806495,0.2478492204209613,601,176.80100435268704,3.751068376068376
5924,0.29417804384806495,0.2478492204209613,601,176.80100435268704,3.751068376068376
5925,0.334535026448126,0.22109223060427652,1072,358.6215483523911,3.6844124700239806
5926,0.3698604547824555,0.2698653367672091,1001,370.23031523723796,3.6659205372132067
5927,0.43267276929426207,0.3196237119943366,885,382.91540082542195,3.4680851063829787
5928,0.45304434172538627,0.34391213372857155,944,427.67385858876463,3.554072096128171
5929,0.40640477711908884,0.34014057336638437,902,366.57710896141816,3.3979829325058186
5930,0.2984747078061039,0.2307486580272797,909,271.31350939574844,3.408809891808346
5931,0.3773119250442127,0.3161630146594021,644,242.98887972847297,3.5462962962962963
5932,0.3773119250442127,0.3161630146594021,644,242.98887972847297,3.5462962962962963
5933,0.36830830663499514,0.3161630146594021,665,244.92502391227177,3.5566778900112235
5934,0.4554012683116274,0.362908512153588,665,302.8418434272322,3.5566778900112235
5935,0.43918260272167925,0.2948268285017977,857,376.3794905324791,3.621522693997072
5936,0.876383566795598,0.2924263238576612,948,830.811621322227,3.6109345200254293
5937,1.4845605726528568,0.7081406297712216,571,847.6840869847813,3.6978494623655913
5938,1.3982347881064021,0.7273883724832708,571,798.3920640087556,3.6978494623655913
5939,0.9735556174667815,0.386902612921448,819,797.3420507052941,3.6065699006875476
5940,0.9735953866091775,0.4404463734599738,871,848.0015817365936,3.611899932386748
5941,0.9126273936162315,0.5549622831017789,812,741.0534436163799,3.602719033232628
5942,0.915739597243984,0.7205715589684704,752,688.636177127476,3.4122965641952985
5943,1.5063192803088588,1.1058620620605886,725,1092.0814782239227,3.419811320754717
5944,1.0762239990038438,0.586235366944365,1095,1178.465278909209,3.6188524590163933
5945,2.6035873120703865,1.165284088727763,1179,3069.6294409309858,3.6548387096774193
5946,3.9174953324562347,2.8257951475344747,795,3114.4087893027067,3.5832710978342046
5947,2.652692307866144,1.6168239684134695,747,1981.5611539760098,3.5045045045045047
5948,5.80225797393249,3.185663287527321,768,4456.134123980152,3.509871244635193
5949,4.413318362753966,2.541473337923445,968,4272.092175145839,3.5223880597014925
5950,5.377844026935845,3.088452866289516,1103,5931.761961710237,3.5527219225110347
5951,5.853943474491047,3.02613733432253,1110,6497.877256685062,3.4781281790437437
5952,6.260931357797034,3.220016004539558,1164,7287.724100475748,3.5653579676674365
5953,8.104076418081679,5.773460088143076,1009,8177.013105844413,3.6223888591322977
5954,8.99054641046192,2.756295503611931,1307,11750.64415847373,3.695870736086176
5955,12.9891803374473,6.341410071622969,1193,15496.09214257463,3.6155187445510024
5956,8.778857981761481,2.3832430252968395,1337,11737.3331216151,3.727587400484597
5957,9.510636205170842,4.305335829607867,1238,11774.167622001502,3.6560215467487494
5958,6.797095649107914,2.3418119159829227,1501,10202.440569310978,3.6804661146887456
5959,7.567544761100634,3.625557481673678,1561,11812.93737207809,3.623574144486692
5960,4.142399179865951,2.143768123960541,1479,6126.608387021742,3.65506958250497
5961,3.307083227613462,2.139859469996103,1100,3637.791550374808,3.6808785529715764
5962,4.10977439781725,2.5263223996818347,1212,4981.046570154507,3.717149220489978
5963,4.167613084611803,1.7792748801312774,1568,6534.817316671308,3.4975308641975307
5964,4.713884335430099,1.896590879817954,1909,8998.80519633606,3.404963041182682
5965,6.8792223439038525,1.7018302349005925,2320,15959.795837856938,3.5782208588957056
5966,5.930102426980519,1.2972764059235766,1976,11717.882395713506,3.499654138805626
5967,7.289543680913171,1.300319142534855,1960,14287.505614589816,3.553520456707897
5968,6.841593249926155,1.1433585897953593,1926,13176.908599357774,3.577494199535963
5969,5.536335440348323,1.3350777656662811,1626,9002.081426006374,3.4970662196144175
5970,5.9468696247820265,1.759950342707436,1394,8289.936256946145,3.3739260366081436
5971,4.46404311414575,2.746286263468705,1087,4852.41486507643,3.197429906542056
5972,7.546194555585727,5.292965279097974,928,7002.868547583555,3.40694626474443
5973,6.289980491654023,3.6521000504890875,1112,6994.458306719273,3.475010679196924
5974,7.003457906229553,4.808422014764319,979,6856.385290198732,3.4686346863468636
5975,5.849638900796796,3.9886156042458243,1048,6130.421568035043,3.479582146248813
5976,5.228776471053328,3.9545347033852614,1000,5228.776471053327,3.7370689655172415
5977,4.4196864588685205,3.303027766370996,1004,4437.365204703995,3.7552643893308377
5978,3.0455492645756572,2.244918322815728,888,2704.4477469431836,3.8797434526990915
5979,1.0534946006131667,0.7783148414723715,734,773.2650368500643,3.768243785084202
5980,0.8820388295992233,0.5904793581638931,706,622.7194136970517,3.7642857142857142
5981,0.7538140089335956,0.4775380928106553,738,556.3147385929935,3.698641765704584
5982,0.6519988890816683,0.47630633411524326,738,481.17518014227113,3.698641765704584
5983,0.4309377600821099,0.29540324498293713,870,374.9158512714356,3.9473991817650496
5984,0.5869099202234337,0.4408701147831108,843,494.7650627483546,3.946341463414634
5985,1.0478456166726822,0.7743544173484179,783,820.4631178547102,3.766935483870968
5986,1.2539832057403428,0.9143879233027454,735,921.6776562191519,3.818639798488665
5987,1.2622614238089795,0.9359381020552856,735,927.7621464996,3.818639798488665
5988,1.140992233607133,0.8343900764762451,752,858.0261596725641,3.8667699457784663
5989,0.527766403451321,0.40392047379287827,808,426.43525398866734,3.8572409059711736
5990,0.5187458814763269,0.37003159123774726,836,433.67155691420936,3.9172205438066463
5991,0.5122064400374415,0.3683128132051259,785,402.08205542939163,3.950592885375494
5992,0.8747898269583368,0.5704838007663294,867,758.442779972878,4.001609442060086
5993,0.4294391999617316,0.318238878597902,822,352.99902236854336,3.7237237237237237
5994,0.4266553700274762,0.2918625711740275,823,351.1373695326129,3.6231075697211157
5995,0.47160469798749727,0.3279662552292258,753,355.11833758458545,3.548447789275635
5996,0.4284196765684448,0.3281218993761751,738,316.17372130751227,3.577545195052331
5997,0.4103130459470755,0.3281926281201739,728,298.707897449471,3.5890027958993476
5998,0.5545642826106446,0.4196226638013883,769,426.4599333275857,3.619774919614148
5999,0.7981607371279088,0.6123333681011428,659,525.9879257672919,3.615
6000,0.7710469515125024,0.5856352887586583,659,508.11994104673903,3.615
6001,0.7277457727594265,0.6408861714814285,790,574.919160479947,3.818846466287571
6002,0.7299252495274059,0.5905676182871856,736,537.2249836521707,3.85625
6003,0.6389297745958424,0.48339815503166006,820,523.9224151685908,4.158415841584159
6004,0.49206297243010627,0.3676998313844011,777,382.3329295781926,4.076370757180157
6005,0.41468773814657334,0.3026066063270741,731,303.1367365851451,4.0571227080394925
6006,0.37060536433915814,0.2668912709859923,782,289.81339491322166,4.135593220338983
6007,0.20805773716445097,0.1454610303620957,782,162.70115046260065,4.135593220338983
6008,0.21502897067985374,0.1336888110259336,653,140.4139178539445,4.214564369310793
6009,0.26818697169530487,0.1949375890952014,653,175.12609251703407,4.214564369310793
6010,0.32653831316209386,0.2924063836428021,560,182.86145537077257,4.177065767284992
6011,0.300028379254193,0.2264345590256271,729,218.72068847630672,4.0473208072373
6012,0.665552578012279,0.5172012868392248,786,523.1243263176513,3.986781229345671
6013,1.0580037761226722,0.8352096960359099,792,837.9389906891564,3.9809711286089238
6014,1.3511716501277165,1.1095174647447343,755,1020.1345958464259,3.642390289449113
6015,1.5596613363744598,1.1993539917709086,703,1096.4419194712452,3.6696606786427144
6016,1.3069671080789536,1.0817221706039175,844,1103.0802392186367,3.7319116527037317
6017,1.3184506864327588,0.9401868871301364,687,905.7756215793053,3.478310502283105
6018,1.417025196708927,1.1402605960385697,601,851.6321432220651,3.598503740648379
6019,0.8096522668747914,0.6640936049576471,601,486.60101239174963,3.598503740648379
6020,0.4510530708645507,0.3260397206206775,673,303.5587166918426,3.6646586345381524
6021,0.24956566232424515,0.185886915315721,602,150.23852871919559,3.7037861915367483
6022,0.24103924181825526,0.185886915315721,624,150.40848689459128,3.709205020920502
6023,0.25475538391517555,0.198235012234624,624,158.96735956306955,3.709205020920502
6024,0.26306810015811655,0.2142009631045473,624,164.15449449866472,3.709205020920502
6025,0.30412672177476124,0.2478492204209613,699,212.58457852055813,3.62881679389313
6026,0.25739560293572666,0.1921855240036953,939,241.69447115664732,3.6513647642679903
6027,0.27321995559584167,0.1968303062185297,967,264.2036970611789,3.6083916083916083
6028,0.3087903973365701,0.19430332550023943,1042,321.759594024706,3.653763440860215
6029,0.360903211073278,0.2936237666401259,729,263.09844087241964,3.612549800796813
6030,0.3773119250442127,0.3161630146594021,644,242.98887972847297,3.5462962962962963
6031,0.3773119250442127,0.3161630146594021,644,242.98887972847297,3.5462962962962963
6032,0.3773119250442127,0.3161630146594021,644,242.98887972847297,3.5462962962962963
6033,0.39442495597143423,0.3485361392288533,665,262.29259572100375,3.5566778900112235
6034,0.5097995665512979,0.3952037683242527,637,324.7423238931767,3.609248554913295
6035,0.5374057589711192,0.3807833771053224,812,436.3734762845488,3.4961702127659575
6036,0.819725459515819,0.4501405043820145,999,818.9057340563031,3.6062717770034842
6037,1.0423051029657817,0.641327709383458,804,838.0133027844886,3.652337858220211
6038,0.8514420688629382,0.5427276237453128,843,717.7656640514568,3.6072992700729927
6039,0.8414405561542435,0.6022668455947883,819,689.1398154903254,3.6065699006875476
6040,1.1598111884258022,0.8489025286592377,698,809.54820952121,3.666350710900474
6041,0.936484230850281,0.6049992904473309,794,743.5684792951231,3.6141855027279814
6042,1.0231099508923598,0.7799767003610891,725,741.7547143969608,3.419811320754717
6043,1.5231010202826551,1.1284192149271093,725,1104.248239704925,3.419811320754717
6044,1.88452079641685,1.3864350133059942,931,1754.4888614640874,3.5698224852071005
6045,2.8695997132527618,2.0175868661575227,907,2602.726939920255,3.660693641618497
6046,2.324026504506764,1.489011812373498,982,2282.194027425642,3.6642143983184448
6047,2.6662583723669853,1.538996359869906,744,1983.696229041037,3.472985781990521
6048,3.2973926162717264,1.9006999456338665,1002,3303.9874015042697,3.571747627024009
6049,4.399958447276033,1.9578277668464157,1275,5609.947020276942,3.606472233320016
6050,7.257865284788983,3.979909468531448,1201,8716.69620703157,3.5160851835070233
6051,7.248861859043382,4.29003887336325,1168,8466.67065136267,3.626271186440678
6052,5.42558623198606,2.7166759638301547,1143,6201.445063160067,3.704201680672269
6053,6.77433482650349,4.477366770618214,887,6008.834991108596,3.611764705882353
6054,4.125359727831682,2.495427404810287,1052,4339.8784336789295,3.6251889168765743
6055,4.420153479523906,3.5166537277425904,926,4093.062122039137,3.418044077134986
6056,4.039429089015288,2.8521673478346115,1044,4217.16396893196,3.5468831849135674
6057,3.8984527236501187,1.9379581715363507,1143,4455.931463132086,3.6285591026747195
6058,9.85223582964814,4.415398282026366,1428,14068.992764737546,3.6623159303882193
6059,6.003961766095859,3.306923997191529,1350,8105.34838422941,3.604779411764706
6060,2.466312394784926,1.330120585778754,1395,3440.5057907249716,3.6568007981376787
6061,3.161711864772362,2.35783019853812,973,3076.3456444235085,3.530835734870317
6062,2.066134291966626,0.4184220147851662,1853,3828.546843014158,3.6717791411042944
6063,3.6937215991992587,1.4058122051681825,1806,6670.861208153861,3.6079306071871127
6064,8.791712561880018,1.19004615420358,3185,28001.60450958786,3.6944364783481505
6065,6.900687334624135,1.5020454783511925,2792,19266.719038270585,3.636019736842105
6066,5.457783588949528,0.8126333438341652,2528,13797.276912864409,3.5791807057989007
6067,6.834622113726016,1.0095593260478353,2048,13997.30608891088,3.531311368099498
6068,7.390746805517069,1.288958055742008,1780,13155.529313820383,3.4974146845915204
6069,8.421031034221556,2.180195528991222,1478,12446.283868579461,3.4041764904008085
6070,6.546141064570795,2.798018351280331,1324,8667.090769491733,3.3303643724696355
6071,3.6225769268342396,1.446445018239467,1390,5035.381928299593,3.280750798722045
6072,17.48191048063185,11.336349300963818,1156,20209.08851561042,3.6014150943396226
6073,11.524311442529385,2.7930310240078944,1449,16698.727280225077,3.5365390699145838
6074,8.49168905432981,5.00979070971421,1175,9977.734638837526,3.398074508162411
6075,5.810382619643319,2.689571141966738,1248,7251.357509314862,3.600912600912601
6076,4.7489182274589306,2.9571773564358974,1119,5314.039496526543,3.7327935222672064
6077,5.3651498151277925,4.357747033407621,932,5000.319627699103,3.721265963353692
6078,3.7146652491625454,3.085009966137939,905,3361.7720504921035,3.8515167642362957
6079,0.9338206131813671,0.6804474718065976,725,677.0199445564912,3.7615511551155114
6080,0.9132756479705699,0.6852663572920884,696,635.6398509875166,3.7538048343777977
6081,0.7964370733516166,0.5001047439940844,748,595.7349308670092,3.7124895222129086
6082,0.7862672083041135,0.5610636240952298,748,588.1278718114769,3.7124895222129086
6083,0.6928705999078794,0.5020103294308048,865,599.3330689203157,3.9376103590347262
6084,0.8964319867353983,0.6665503736146992,868,778.1029644863257,3.9303834808259586
6085,1.2462395958272499,0.9143879233027454,751,935.9259364662646,3.788732394366197
6086,1.1551034371856737,0.8366254523151087,834,963.3562666128518,3.8135152696556207
6087,1.2649021179663398,0.9390606963779708,735,929.7030567052598,3.818639798488665
6088,0.9018307868267258,0.6822895325841689,752,678.1767516936978,3.8667699457784663
6089,0.3498426020444717,0.2621006563225414,766,267.97943316606535,3.923861318830727
6090,0.4083957843164231,0.2972568588185851,769,314.05635813932935,3.918809201623816
6091,0.4599051027862781,0.3254378474923221,836,384.4806659293285,3.8907615480649187
6092,0.8182070645562052,0.6240475127291221,757,619.3827478690473,3.6916451335055984
6093,0.8330553746047157,0.6687553375134547,734,611.4626449598613,3.608486017357763
6094,0.6981289164838208,0.5011182583642815,739,515.9172692815436,3.544642857142857
6095,0.9376750610535697,0.6912895099460038,659,617.9278652343024,3.440963855421687
6096,0.9326434254366522,0.748792265917289,695,648.1871806784733,3.570828961175236
6097,0.6931537712493051,0.43914757873490584,854,591.9533206469066,3.598811292719168
6098,0.6473151910072389,0.4532020809234511,814,526.9145654798924,3.6115107913669067
6099,0.7981607371279088,0.6123333681011428,659,525.9879257672919,3.615
6100,0.7981607371279088,0.6123333681011428,659,525.9879257672919,3.615
6101,0.6920290530486777,0.5556960854305718,790,546.7029519084554,3.818846466287571
6102,0.7795637243522053,0.6487796074437184,736,573.7589011232232,3.85625
6103,0.7650263980151286,0.6497515702870739,750,573.7697985113465,3.9039115646258504
6104,0.4703870164728885,0.3764514834756426,790,371.6057430135819,4.101010101010101
6105,0.5159378105151259,0.4028920119436321,761,392.62867380201084,4.06380120886501
6106,0.5350117085820215,0.4165455931328833,751,401.79379314509816,4.074525745257453
6107,0.45419463098061463,0.3438097431381194,799,362.9015101535111,4.138382687927107
6108,0.3619913673946919,0.26938337525345457,810,293.21300758970045,4.182789951897381
6109,0.24542620081344746,0.194490082824021,752,184.56050301171248,4.090610636900854
6110,0.22803126956575123,0.10997554874224316,806,183.7932032699955,4.044902912621359
6111,0.3831708957302319,0.2965717167432813,729,279.33158298733906,4.0473208072373
6112,0.8490463823337883,0.6656461095923587,786,667.3504565143576,3.986781229345671
6113,1.1352324627418777,0.873928610236022,812,921.8087597464047,3.974740932642487
6114,1.2913895683193914,1.0893874890007589,755,974.9991240811405,3.642390289449113
6115,1.429604224302809,1.100899190424958,755,1079.351189348621,3.642390289449113
6116,1.3002720244033574,1.106275869215704,758,985.6061944977449,3.6821844225604297
6117,1.4455802201443184,1.143970971241991,618,893.3685760491888,3.5597560975609754
6118,1.2211122891068964,0.8741857227517368,733,895.075307915355,3.8374699759807847
6119,1.1123614797524373,0.8391715132139418,783,870.9790386461584,3.8749131341209173
6120,0.47111686034563144,0.4022711682428598,743,350.0398272368042,3.6505281690140845
6121,0.28282737026869065,0.2346068777029364,631,178.4640706395438,3.69394261424017
6122,0.24536381471677265,0.185886915315721,631,154.82456708628354,3.69394261424017
6123,0.24956566232424515,0.185886915315721,602,150.23852871919559,3.7037861915367483
6124,0.24956566232424515,0.185886915315721,602,150.23852871919559,3.7037861915367483
6125,0.24956566232424515,0.185886915315721,602,150.23852871919559,3.7037861915367483
6126,0.30996970079289077,0.2684559722767651,719,222.86821487008845,3.6901140684410647
6127,0.35409000609113356,0.2928655283204378,712,252.11208433688708,3.704697986577181
6128,0.3808649862279246,0.2716978340304485,779,296.69382427155324,3.687604690117253
6129,0.4100690181475203,0.348624438438366,680,278.8469323403138,3.6526429341963325
6130,0.3773119250442127,0.3161630146594021,644,242.98887972847297,3.5462962962962963
6131,0.3773119250442127,0.3161630146594021,644,242.98887972847297,3.5462962962962963
6132,0.3773119250442127,0.3161630146594021,644,242.98887972847297,3.5462962962962963
6133,0.3970755967709691,0.3496009107200968,665,264.05527185269443,3.5566778900112235
6134,0.4872984364979177,0.3448723573142359,813,396.1736288728071,3.4690721649484537
6135,0.9278564381863295,0.69628594040881,823,763.6258486273491,3.4865319865319866
6136,1.0838706115933878,0.7996229811383778,818,886.6061602833913,3.6056879323597233
6137,1.041618647388668,0.8260462835149327,818,852.0440535639304,3.6056879323597233
6138,0.9792379974796335,0.6988064782856869,708,693.3005022155805,3.6500461680517082
6139,0.9958707372995783,0.6770515289507408,674,671.2168769399158,3.681862269641125
6140,0.9722016096924984,0.6485737104773044,698,678.5967235653638,3.666350710900474
6141,0.814246389617706,0.609168645579167,814,662.7965611488127,3.5840978593272173
6142,0.7514222779878651,0.5529703722537801,855,642.4660476796247,3.552650689905592
6143,1.3484764698781848,1.01779442761715,931,1255.43159345659,3.5698224852071005
6144,2.690096202418411,1.8609248822800624,931,2504.4795644515407,3.5698224852071005
6145,3.2375029853799857,2.482445195012886,790,2557.6273584501887,3.6313094367227507
6146,2.418840422853237,1.3750353200163803,1099,2658.305624715708,3.6908695652173913
6147,2.062973140758139,1.2216951179355315,920,1897.9352894974877,3.570237331622835
6148,6.980141289525243,5.047542199121548,923,6442.670410231799,3.5481434864694776
6149,6.801399884304592,4.566979781621608,1064,7236.689476900086,3.5657894736842106
6150,5.2972949140875984,3.664514773487201,1098,5816.429815668183,3.4700988039521583
6151,8.292015444689628,5.186300769967516,1137,9428.021560612107,3.6025584472871635
6152,5.578915323193652,3.77585127183268,1091,6086.596617604274,3.6964526268522677
6153,4.110974283949976,2.649339423322095,1010,4152.0840267894755,3.7035714285714287
6154,2.313583766334381,1.6866098778151248,1085,2510.238386472803,3.5975124378109453
6155,3.134943698314085,2.591786124900916,981,3075.3797680461175,3.4185897435897434
6156,3.046242821993806,1.7775110309635282,1217,3707.2775143664617,3.611088125775755
6157,3.4002585288592027,1.985712195459176,1107,3764.0861914471375,3.608735632183908
6158,5.336237725575881,1.9808198037385225,1466,7822.924505694241,3.6591343093570976
6159,5.060979794076742,2.709303285071186,1304,6599.5176514760715,3.6029465930018416
6160,4.197088387318162,2.0639816136204905,1238,5195.995423499885,3.531275720164609
6161,3.082992150496516,2.337356128203311,908,2799.3568726508365,3.457694870086609
6162,2.566092776015973,1.20896108068841,1381,3543.774123678059,3.6112810057764184
6163,4.121990059467193,2.712579483743372,1207,4975.242001776903,3.590622537431048
6164,6.610873919136544,1.1654045393310934,2561,16930.44810690869,3.72027373823781
6165,7.40276553315448,1.0681754553585303,3129,23163.25335324037,3.7130899119642082
6166,6.8986785736497565,1.243152849571415,2157,14880.449683362525,3.622549019607843
6167,5.817231613998008,2.2186718409300537,1315,7649.6595724073795,3.3985254171517267
6168,5.313267139362377,1.5848579492560515,1462,7767.996557747795,3.456962445995347
6169,8.112362450210515,0.9591352108034016,1796,14569.802960578085,3.4598029045643153
6170,6.301428334171227,2.4448410236430904,1277,8046.923982736657,3.3148065807025344
6171,4.652861116558171,1.835727745790113,1310,6095.248062691204,3.3481357352325096
6172,7.134138822604964,5.190272172286592,1096,7819.016149575041,3.5458100558659216
6173,5.040323772876964,1.7128986856342796,1362,6864.920978658425,3.5402721588819417
6174,7.7416090488986535,5.906958708283856,1067,8260.296855174864,3.398727465535525
6175,6.448839749723333,3.930501241195361,1153,7435.512231431003,3.5705017301038064
6176,5.1514339071982285,3.133569206232353,1129,5815.9688812268,3.6682464454976302
6177,4.2786016703166405,3.000185148988737,1077,4608.053998931022,3.7223893425010743
6178,3.468756248164151,2.708858267907975,976,3385.5060982082114,3.831424644983967
6179,1.124582089257684,0.7513221204146201,834,937.9014624409086,3.706874189364462
6180,0.9187096022767808,0.6595057105411618,748,687.194782503032,3.7124895222129086
6181,0.7945560225764298,0.5755607517806787,739,587.1769006839816,3.712683347713546
6182,0.7905316141309114,0.5460669831762587,719,568.3922305601253,3.716696269982238
6183,0.7449679374968553,0.5293235795398544,739,550.531305810176,3.6781411359724614
6184,1.1140435240802613,0.6918896508250458,1016,1131.8682204655454,3.8040385497934834
6185,1.5727031431622482,1.1004226905814924,937,1473.6228451430266,3.837701612903226
6186,1.5818893487834875,1.1755355852213532,852,1347.7697251635313,3.790874524714829
6187,1.5690554102775307,1.1561634610858338,852,1336.8352095564562,3.790874524714829
6188,0.8958074973944321,0.6320063986666516,862,772.1860627540004,3.828125
6189,0.22783343451395946,0.1577222311771159,600,136.70006070837567,3.6352272727272728
6190,0.33134597058330484,0.2668459268753667,349,115.63974373357338,4.210914454277286
6191,0.19750007541492906,0.1335518274420956,601,118.69754532437237,3.6792237442922375
6192,0.6162758211713618,0.4973384756322142,762,469.6021757325777,3.6898625429553267
6193,0.9028582309654657,0.7412077274488966,751,678.0465314550647,3.523671497584541
6194,0.9524432732519263,0.7318469045291548,739,703.8555789331735,3.544642857142857
6195,0.8773921336247623,0.5091067393741173,739,648.3927867486993,3.544642857142857
6196,1.0361184052923043,0.7570868048525756,627,649.6462401182747,3.509481668773704
6197,1.0361184052923043,0.7570868048525756,627,649.6462401182747,3.509481668773704
6198,0.6733449376781069,0.5175732356958125,783,527.2290862019577,3.5251989389920424
6199,0.7981607371279088,0.6123333681011428,659,525.9879257672919,3.615
6200,0.6329579573096767,0.4483616379106926,831,525.9880625243413,3.6582089552238806
6201,0.6636741892343909,0.5259306072371219,809,536.9124190906223,3.8009441384736427
6202,0.7506446581078011,0.6814458527289142,736,552.4744683673416,3.85625
6203,0.6270576854340026,0.5629839827950688,736,461.5144564794259,3.857270294380018
6204,0.5266953716719747,0.4607015586521329,718,378.16727686047784,3.8385899814471243
6205,0.6478970763520452,0.5320779142355262,718,465.19010082076846,3.8385899814471243
6206,0.7040923523579389,0.5731522030186057,707,497.7932931170628,3.853107344632768
6207,0.7040923523579389,0.5731522030186057,707,497.7932931170628,3.853107344632768
6208,0.6655663884010197,0.5492717113789731,720,479.2077996487341,3.9787928221859707
6209,0.3639130393331764,0.2731874647338254,770,280.21304028654583,4.0961783439490445
6210,0.28307084994823106,0.1881634402970375,871,246.55471030490924,4.099103848181339
6211,0.4260063341103695,0.3522546470676995,717,305.44654155713494,3.808231173380035
6212,0.8242447234860645,0.6335490451647289,822,677.529162705545,3.9518613607188704
6213,1.2338841506913447,0.9962083057059713,740,913.074271511595,3.791385135135135
6214,1.2596220515355505,1.0162021359017954,729,918.2644755694163,3.6526717557251906
6215,1.1405468550471705,0.9334513399940536,803,915.859124602878,3.890226628895184
6216,0.9303226632633123,0.8223024235668993,858,798.2168450799219,3.8855305466237944
6217,1.3905118152754266,1.1356877128195149,742,1031.7597669343666,3.8333333333333335
6218,1.4839488598428328,1.2222186286587293,724,1074.3789745262109,3.8523002421307506
6219,1.220366322860156,0.984464901025885,794,968.9708603509638,3.874405974202308
6220,0.4777723164696454,0.3769703618164192,734,350.68488028871974,3.6675555555555555
6221,0.41933162206299723,0.3098115255262016,631,264.59825352175125,3.69394261424017
6222,0.3785951968074725,0.2965691828081767,631,238.89356918551513,3.69394261424017
6223,0.24283315132654273,0.185886915315721,631,153.22771848704846,3.69394261424017
6224,0.24956566232424515,0.185886915315721,602,150.23852871919559,3.7037861915367483
6225,0.2383013768100423,0.1940161171479387,664,158.2321142018681,3.7551440329218106
6226,0.35805929577211026,0.2827684258389076,664,237.75137239268122,3.7551440329218106
6227,0.3718877618462745,0.3084931786088231,648,240.98326967638585,3.7916230366492147
6228,0.3945188134925522,0.3200425145070911,735,289.97132791702586,3.7288135593220337
6229,0.37783534876518543,0.3051691078157106,744,281.109499481298,3.7134038800705467
6230,0.3725308380454099,0.3123303389385961,744,277.16294350578494,3.7134038800705467
6231,0.36537661150617257,0.3130088787922206,680,248.45609582419735,3.6526429341963325
6232,0.3773119250442127,0.3161630146594021,644,242.98887972847297,3.5462962962962963
6233,0.37461100475635356,0.3150394093783102,804,301.1872478241083,3.4549431321084865
6234,0.789374946914041,0.5826388555032862,804,634.657457318889,3.4549431321084865
6235,1.0351408839255118,0.8380211641854426,733,758.7582679174002,3.4396039603960396
6236,1.065119923358639,0.8582695359306906,733,780.7329038218825,3.4396039603960396
6237,0.8841237961157669,0.6987904209604684,838,740.8957411450126,3.584090909090909
6238,0.7963249351495671,0.5618459241696128,854,680.0614946177303,3.5671641791044775
6239,0.9958707372995783,0.6770515289507408,674,671.2168769399158,3.681862269641125
6240,0.9958707372995783,0.6770515289507408,674,671.2168769399158,3.681862269641125
6241,0.930412771187302,0.6366768964944283,702,653.149765373486,3.6586879432624113
6242,0.49329688529771654,0.2020972321790938,1223,603.3020907191074,3.700447093889717
6243,1.6110530516920156,1.2251933852489394,868,1398.3940488686696,3.6248477466504263
6244,2.032015059095573,1.184115301422056,1023,2078.751405454771,3.667630057803468
6245,3.2768736396628264,1.3995808672321273,1155,3784.7890538105644,3.7060960839725476
6246,4.223288245028008,2.6412905391808374,1082,4569.597881120305,3.6937334510150044
6247,3.731892348736354,1.9705580408000478,1164,4343.922693929116,3.603631532329495
6248,5.02406184357969,2.5623995650169924,1190,5978.633593859831,3.6128236744759556
6249,5.428481584739108,2.495529539709022,1228,6666.1753860596245,3.6195179770841563
6250,4.883287524387724,3.0622513252329613,1192,5820.878729070167,3.6095435684647303
6251,5.607327284016484,3.210920046488054,1187,6655.8974861275665,3.5921926910299002
6252,7.348146897124286,5.674845114849852,946,6951.346964679575,3.5790115924344112
6253,3.7612067247563488,2.862531758058312,1047,3937.983440819897,3.6624015748031495
6254,2.304750161942561,1.6955246495444238,1105,2546.7489289465298,3.6601161232693165
6255,2.2588838511753595,1.8847643287648497,1037,2342.4625536688477,3.619433198380567
6256,2.0606014818370126,1.177587505577465,1123,2314.0554641029653,3.577067669172932
6257,2.7202701500455806,1.8057868887927495,1014,2758.3539321462185,3.5676532769556024
6258,3.657119053152143,2.3568247840610503,1149,4202.029792071812,3.535017730496454
6259,5.328920610886247,3.624230531065388,1064,5669.971529982967,3.481045081967213
6260,10.717212044773829,5.9690263165908375,1072,11488.851311997545,3.522167487684729
6261,4.476253452240211,3.157520557912288,868,3885.3879965445035,3.4715947980835042
6262,2.206113910383186,0.9286671748592932,1403,3095.1778162676096,3.6206554121151937
6263,2.948312766863268,1.3777241215195273,1526,4499.125282233347,3.582621951219512
6264,6.56762564396297,1.0228825012678475,2148,14107.259883232458,3.6719718892104174
6265,8.557427900138677,1.175082607835719,2094,17919.25402289039,3.599822340661781
6266,6.555692668712629,1.137199935322351,1684,11039.786454112067,3.58469190384084
6267,4.733547098755432,0.9809950690338362,1959,9273.018766461892,3.504703668861712
6268,8.77464984624485,2.857593702227268,1407,12345.932333666506,3.477009477009477
6269,8.554434376300852,2.1553429255589305,1511,12925.750342590589,3.5639781685870227
6270,5.455170665015014,0.7451793237779014,1732,9448.355591806003,3.5745884773662553
6271,6.465255200506004,2.408385498742584,1344,8689.30298948007,3.5265597147950087
6272,5.613487253938161,2.4718140319914705,1261,7078.607427216021,3.566852886405959
6273,5.193376802956117,2.3693128093389086,1223,6351.499830015331,3.4735342019543975
6274,6.976826165328336,3.849492021964506,1099,7667.531955695841,3.434868746904408
6275,4.147179116108346,2.8872262430775835,1041,4317.213459868789,3.5106609808102345
6276,3.6305771741465565,2.5300997890650594,967,3510.76812739972,3.4873341375150786
6277,3.204239701747883,1.9293324828745515,1086,3479.804316098201,3.720531504500643
6278,3.7843452168786857,3.0765863280675374,764,2891.239745695316,3.5375
6279,2.8877546453310114,2.260948955421348,863,2492.132258920663,3.70625
6280,0.9142819172522255,0.7113248597037107,787,719.5398688775015,3.7586455331412103
6281,0.8046585478356363,0.568656031059328,719,578.5494958938225,3.716696269982238
6282,0.7056349120326549,0.4649362468556314,801,565.2135645381566,3.7395209580838324
6283,0.7345251712940638,0.5233108477217955,825,605.9832663176027,3.7496671105193076
6284,1.8777213415144147,1.375363182108464,866,1626.1066817514832,3.704234122042341
6285,2.1312956475570495,1.6596865931280815,795,1694.3800398078542,3.5148902821316614
6286,1.875875172192169,1.5039942074121828,795,1491.3207618927743,3.5148902821316614
6287,1.7038081811020112,1.2741731778834964,795,1354.5275039760988,3.5148902821316614
6288,1.3945563108043948,1.0604275267458512,743,1036.1553389276653,3.6544
6289,0.46905468223903884,0.3242449934376754,611,286.59241084805274,3.632768361581921
6290,0.2913171837060967,0.2118830859291987,401,116.81819066614479,4.1257142857142854
6291,0.250574022481587,0.1952233863564263,473,118.52151263379065,3.8944591029023745
6292,0.8826103536484453,0.727363213747531,731,645.1881685170135,3.6584249084249083
6293,1.2913459906760463,1.031061137610184,751,969.8008389977107,3.523671497584541
6294,1.1065102652397252,0.916415024013524,772,854.2259247650678,3.561705989110708
6295,1.0220424050933588,0.748814435993566,862,881.0005531904752,3.508786610878661
6296,1.3725210187699526,0.9991059187047804,816,1119.9771513162814,3.388454011741683
6297,1.7123510502705743,1.2449573449990812,816,1397.2784570207887,3.388454011741683
6298,1.2431654956579614,0.884689844353854,896,1113.8762841095333,3.5519287833827895
6299,0.5961623778949264,0.4429644830631636,679,404.79425459065504,3.636711281070746
6300,0.5999242786316529,0.45308893830745456,836,501.53669693606184,3.681686046511628
6301,0.4416885837428054,0.3755200241964375,759,335.2416350607893,3.8306104901117797
6302,0.5563248536989036,0.49970105826702677,794,441.72193383692945,3.8141447368421053
6303,0.4959015228689767,0.4466785713311446,760,376.8851573804223,3.7488789237668163
6304,0.5436069153215619,0.4806104924021348,700,380.5248407250933,3.788235294117647
6305,0.5712832282207957,0.4932223484760125,718,410.18135786253134,3.8385899814471243
6306,0.6929844823202984,0.5556561459355438,718,497.56285830597426,3.8385899814471243
6307,0.7040923523579389,0.5731522030186057,707,497.7932931170628,3.853107344632768
6308,0.7040923523579389,0.5731522030186057,707,497.7932931170628,3.853107344632768
6309,0.559368764988746,0.4397024974412417,720,402.7455107918971,3.9787928221859707
6310,0.4722936151607957,0.36019760983757565,802,378.77947935895816,3.9393305439330546
6311,0.6278924703509007,0.4794628666336203,773,485.36087958124625,3.9959704499664204
6312,0.6549914475723174,0.47245705176239206,822,538.402969904445,3.9518613607188704
6313,0.9537642748974092,0.7635356043475918,786,749.6587200693637,3.751207729468599
6314,0.8724620743986274,0.767359469702005,738,643.877010906187,3.652502360717658
6315,0.6210910636020811,0.5518620768173037,786,488.17757599123576,3.8939068100358423
6316,0.9807158286369941,0.8373971176561362,674,661.0024685013341,3.8609904430929625
6317,1.5537882823325788,1.2368053872466553,674,1047.2533022921582,3.8609904430929625
6318,1.666036193415553,1.3135141739852745,661,1101.2499238476805,3.8733509234828496
6319,1.248134271886824,1.0086045549251996,744,928.6118982837971,3.8924418604651163
6320,0.41933162206299723,0.3098115255262016,631,264.59825352175125,3.69394261424017
6321,0.41933162206299723,0.3098115255262016,631,264.59825352175125,3.69394261424017
6322,0.41933162206299723,0.3098115255262016,631,264.59825352175125,3.69394261424017
6323,0.2769901493327276,0.2346068777029364,655,181.42854781293656,3.683281412253375
6324,0.25454324743463647,0.2140906385504549,632,160.87133237869025,3.6836403033586134
6325,0.2764511329467439,0.2346153484177448,704,194.6215975945077,3.882201203783319
6326,0.3581525408570157,0.2975716317680975,695,248.91601589562592,3.901824500434405
6327,0.3077817216681591,0.2325849463913488,798,245.60981389119095,3.803724928366762
6328,0.3468064969463876,0.2476406747058998,873,302.7620718341964,3.7806411062225016
6329,0.37006866305918773,0.3033274547484588,744,275.3310853160357,3.7134038800705467
6330,0.3989768564380475,0.3204465126341437,735,293.2479894819649,3.7288135593220337
6331,0.4111305328697914,0.3309158734546941,680,279.56876235145813,3.6526429341963325
6332,0.3604274865487909,0.3127397279410363,680,245.09069085317782,3.6526429341963325
6333,0.6349537710600377,0.5190111413472764,804,510.50283193227034,3.4549431321084865
6334,0.9549717911345129,0.7422222643613244,711,678.9849434966387,3.428865979381443
6335,0.950993708265448,0.7422222643613244,711,676.1565265767335,3.428865979381443
6336,0.9568543826424432,0.7422222643613244,711,680.3234660587771,3.428865979381443
6337,0.9568543826424432,0.7422222643613244,711,680.3234660587771,3.428865979381443
6338,0.7909601635052315,0.6111526617518697,881,696.8359040481089,3.606523247744622
6339,0.9446093737582854,0.7418726652658407,758,716.0139053087803,3.683193277310924
6340,0.9370978324628155,0.7221592538029787,758,710.3201570068142,3.683193277310924
6341,0.72078635073933,0.45763018202311195,988,712.136914530458,3.6957470010905125
6342,0.8287692967867402,0.5183559680025939,1042,863.5776072517832,3.6819277108433734
6343,1.0583427788906392,0.5597998702841227,1098,1162.060371221922,3.6817582417582417
6344,2.3668637835542827,1.726814812761365,1026,2428.402241926694,3.64985590778098
6345,10.002868675860892,3.8384515341507552,1081,10813.101038605624,3.6534514925373136
6346,4.6985892258760265,3.56727294542076,1006,4726.780761231283,3.5872501350621286
6347,4.0662460978377775,2.0594762633980936,1169,4753.441688372362,3.602277520033741
6348,3.842524940425617,2.311802281546517,1099,4222.934909527753,3.5988346033168983
6349,5.187854395437872,4.679960100041422,898,4658.69324710321,3.4741784037558685
6350,6.014855723129097,5.2678317612483605,936,5629.904956848834,3.533908754623921
6351,5.313649187108501,3.151061560900801,1064,5653.7227350834455,3.459782044628957
6352,5.493147909978627,3.779114864844433,1103,6058.942144706426,3.5629386991109033
6353,3.703975563684215,2.3872771868909277,1186,4392.915018529479,3.6564733915806196
6354,2.5900430545295063,1.8225931889769567,1130,2926.748651618342,3.645175248810039
6355,2.7615886837785077,2.018876873366036,1170,3231.058760020854,3.6396472070558588
6356,2.4980012758820918,1.5597058894358977,972,2428.057240157393,3.509342977697408
6357,2.9300590945013507,2.029411620697857,946,2771.835903398278,3.4617682198327357
6358,7.039085265414429,5.1606363028520645,1042,7334.726846561835,3.4579246257098606
6359,5.6658972981892735,4.127518134110518,1058,5994.5193414842515,3.476142641888498
6360,6.7264628973010305,4.782800923302173,987,6639.018879636117,3.5233695652173913
6361,5.281478135366662,3.603043789141756,955,5043.811619275162,3.4223057644110275
6362,2.368944811962644,0.7229066983738563,1358,3217.0270546452707,3.5969686531174645
6363,3.104200722081153,1.3468877365115886,1329,4125.482759645853,3.5634663790003596
6364,5.177917934506703,3.809249010674863,1013,5245.23086765529,3.335753176043557
6365,4.044851111273986,0.641237514760693,1874,7580.05098252745,3.5781516703243113
6366,3.663397973623464,0.5708776594159759,1933,7081.348283014156,3.589624826308476
6367,3.924857462601032,0.9628053169469476,1571,6165.9510737462215,3.551963048498845
6368,7.277095271540184,2.252531096288255,1408,10246.150142328579,3.574991686065846
6369,6.99786724657487,2.3584255463382693,1304,9125.218889533631,3.595767575322812
6370,5.744526938941913,1.164573230731202,1588,9122.308779039759,3.6215030170049367
6371,9.51006594278671,5.513891072988551,1232,11716.401241513227,3.5740884406516678
6372,8.256314617640484,2.972875857011836,1355,11187.306306902856,3.6369008535784637
6373,4.731324380701528,1.3528400067812438,1427,6751.59989126108,3.654151404151404
6374,6.766741574952683,4.440865258582713,1079,7301.314159373946,3.6742489270386267
6375,5.643205061832008,3.677787171957249,1059,5976.154160480097,3.6684831970935514
6376,3.072280126523508,2.226395546460338,1039,3192.099051457925,3.5368852459016393
6377,2.6651705603629607,1.9695575858940324,1018,2713.143630449494,3.6154618473895583
6378,2.2704543951073175,1.7823346052592255,848,1925.3453270510051,3.5842391304347827
6379,1.9344320238152526,1.5125660086376511,827,1599.7752836952138,3.5185185185185186
6380,1.2469538778649836,0.922553788083198,803,1001.3039639255818,3.733615221987315
6381,0.9803655292500669,0.6876374487014536,770,754.8814575225515,3.7800891530460623
6382,0.6432341372936463,0.4140127930200361,871,560.2569335827659,3.8898727172108467
6383,0.9116938628221131,0.5316530164454458,1038,946.3382296093533,3.906801007556675
6384,1.8341612464822896,1.3285729811491127,888,1628.7351868762732,3.496997998665777
6385,2.222421359273093,1.7369904512432042,777,1726.8213961551933,3.535541195476575
6386,2.222421359273093,1.7369904512432042,777,1726.8213961551933,3.535541195476575
6387,2.1488725769328267,1.6682496873126271,795,1708.3536986615973,3.5148902821316614
6388,1.5911268661744966,1.2437045112117429,807,1284.0393810028188,3.5901162790697674
6389,0.4131680456857145,0.27157359675357745,738,304.9180177160573,3.5023041474654377
6390,0.2999667274533183,0.1650531814858875,401,120.28665770878064,4.1257142857142854
6391,0.32158786927764926,0.2690801413929393,377,121.23862671767378,4.018207282913165
6392,1.0918358305226823,0.8963522129970216,728,794.8564846205128,3.6519337016574585
6393,1.386702925385476,1.1159831689565398,714,990.1058887252298,3.549079754601227
6394,1.2857281223305548,0.9362180008245284,841,1081.2973508799967,3.525252525252525
6395,2.453578931772946,1.6979686719333682,877,2151.7887231648738,3.510008006405124
6396,2.824681122442481,2.0411112269996794,837,2364.2580994843565,3.5237683664649957
6397,2.737151923975844,1.9452590033039157,845,2312.8933757595883,3.5397489539748954
6398,1.6005078506696588,1.2252173235626505,836,1338.0245631598348,3.5727051177904143
6399,0.3378471927289662,0.2336625811197406,551,186.15380319366037,3.8820224719101124
6400,0.27920926866274604,0.1596359938260846,797,222.5297871242086,3.6875
6401,0.15892186202685224,0.1133728647929551,759,120.62169327838086,3.8306104901117797
6402,0.44434045993111015,0.389297185531514,786,349.2516015058526,3.725625539257981
6403,0.4928722652438132,0.4403509903118687,760,374.58292158529804,3.7488789237668163
6404,0.5436069153215619,0.4806104924021348,700,380.5248407250933,3.787046123650638
6405,0.5312979441050389,0.4539099094906111,700,371.9085608735273,3.788235294117647
6406,0.6514795346401497,0.5320642313475876,718,467.7623058716275,3.8385899814471243
6407,0.6977914762838172,0.5695941204432031,707,493.33857373265874,3.853107344632768
6408,0.5627653597755573,0.3938836243558408,883,496.9218126818171,3.6438953488372094
6409,0.7576067234870083,0.5877209015374425,814,616.6918729184248,3.971830985915493
6410,0.7048821898437959,0.5165793940086278,814,573.7741025328498,3.9711409395973156
6411,0.6401461945155134,0.4592380113081287,846,541.5636805601243,4.058219178082192
6412,0.7417635061422092,0.5898942695435899,733,543.7126500022393,3.8204488778054864
6413,0.6902474871640014,0.5807775582499983,817,563.9321970129891,4.084163898117387
6414,0.5104893951497081,0.4443879142580273,817,417.0698358373116,4.084163898117387
6415,0.755361839079292,0.6632170630265407,743,561.233846435914,3.910179640718563
6416,1.0295114109179218,0.8361178520206778,633,651.6807231110445,3.8813247470101198
6417,1.229334377421819,1.0156497818641443,674,828.571370382306,3.8609904430929625
6418,1.233796866944692,0.9739777452950972,773,953.7249781482468,3.8760884125920962
6419,0.6537401076651448,0.5014123214780251,838,547.8342102233913,3.8978273634762184
6420,0.3288887750084132,0.24290165898212018,756,248.63991390636036,3.7282282282282284
6421,0.34529717674327737,0.23234151304721778,756,261.0446656179177,3.7282282282282284
6422,0.39154796745639486,0.2965691828081767,655,256.46391868393863,3.683281412253375
6423,0.3150827732811659,0.2608265285228053,686,216.14678247087983,3.81151832460733
6424,0.348923525248765,0.2798746814863665,669,233.4298383914238,3.8139114724480576
6425,0.3421952726249291,0.2599024237403614,744,254.59328283294724,3.872661870503597
6426,0.3482234861011941,0.2826203797845883,764,266.0427433813123,3.926470588235294
6427,0.3358805625802875,0.2597696081191168,797,267.6968083764891,3.804299481097109
6428,0.35308600856729516,0.26217986401105087,812,286.7058389566437,3.785416666666667
6429,0.36303133779552044,0.28417354032602615,798,289.6990075608253,3.767032967032967
6430,0.40790032259639,0.3290326132040386,716,292.0566309790152,3.740451388888889
6431,0.4155899194291931,0.3321655116522621,757,314.6015690078992,3.8500365764447695
6432,0.5181559113921255,0.4462110532136109,804,416.5973527592689,3.8945362134688692
6433,1.711461281426303,1.0388061759021523,882,1509.5088502179992,3.727216367017979
6434,1.0376579888142055,0.9398110789315479,824,855.0301827829053,3.7222600408441116
6435,0.9088996938295956,0.7142088773903277,759,689.854867616663,3.621112929623568
6436,0.9568543826424432,0.7422222643613244,711,680.3234660587771,3.4447852760736195
6437,0.8885139591545576,0.7216225778492644,779,692.1523741814003,3.486842105263158
6438,0.9363026786724765,0.6863504783457056,779,729.3797866858592,3.4734982332155475
6439,1.2584524865259052,0.8463144111940356,582,732.4193471580769,3.6162097735399286
6440,0.8205135962342736,0.4234908974724384,893,732.7186414372063,3.6159468438538207
6441,1.0616645258273196,0.836614114397757,902,957.6214022962423,3.6325110689437063
6442,1.2048330770572617,0.9558923101642892,853,1027.7226147298443,3.592694693314955
6443,0.8946404061768155,0.5701960607610242,1004,898.2189678015228,3.6354166666666665
6444,2.521137368746839,1.6236801607095437,1110,2798.462479308991,3.6392632524707995
6445,5.834911820559012,4.463663480065408,1030,6009.959175175783,3.6128093158660843
6446,6.033989532866174,3.27553860858871,1194,7204.5835022422125,3.628882613957241
6447,5.077372760998703,2.928040618328236,1168,5930.371384846485,3.6204997882253283
6448,4.934920045838111,4.14100371950612,986,4865.831165196378,3.527732015376167
6449,3.273814751977238,2.268162479920605,1089,3565.1842649032124,3.6
6450,3.530386836124574,2.184240752570407,1088,3841.0608777035363,3.5845724907063197
6451,4.603784888391952,2.7865660856321703,1033,4755.709789708886,3.5247108307045214
6452,5.572700191165757,4.405294573063802,903,5032.148272622679,3.4609323703217334
6453,3.921654711809759,2.945330277720344,1076,4219.7004699073,3.5137568784392195
6454,2.292246555059864,1.6005666569254533,1151,2638.3757848739033,3.630749574105622
6455,1.6741742801812758,1.046783319079825,1300,2176.4265642356586,3.657583363212621
6456,4.454090388816455,3.138783458584999,1140,5077.663043250759,3.542779538252603
6457,7.834708321929431,5.7297198990487335,1112,8712.195653985527,3.445421624418003
6458,7.766354150085219,5.592758588183201,1125,8737.14841884587,3.399390243902439
6459,5.547972028477467,2.696607167084009,1298,7201.267692963753,3.5014914243102164
6460,7.072625833113515,4.238027989142775,1152,8147.664959746769,3.4570509875976114
6461,5.457809130843471,4.093496537070312,966,5272.243620394794,3.4595238095238097
6462,4.116688099693681,3.302925544567742,988,4067.287842497357,3.474343675417661
6463,3.2156236413676345,1.9883527234056346,1154,3710.82968213825,3.4005862237420614
6464,3.6387462295903297,1.708491005550013,1303,4741.2863371562,3.4035440998791784
6465,3.332656594151609,1.447558784312211,1296,4319.122946020485,3.490350531705396
6466,2.7970526128255795,1.1788401836464308,1313,3672.530080639986,3.525808936825886
6467,2.838295251594524,1.099380578596964,1339,3800.4773418850677,3.5374001452432826
6468,4.625957629387828,0.9398676348563828,1533,7091.59304585154,3.588947990543735
6469,5.360059424434485,1.1520658489977822,1450,7772.086165430002,3.612604263206673
6470,4.540844947883823,0.7135473965647395,1633,7415.1997998942825,3.628700986929848
6471,6.0369898415520336,1.435327749468922,1484,8958.892924863218,3.6237804878048783
6472,5.4272505120332815,1.362644114492262,1471,7983.485503200957,3.684115523465704
6473,4.619093151471061,3.567585980540068,1048,4840.809622741672,3.6649769585253456
6474,5.137520694447795,4.07400222253005,1029,5286.508794586781,3.713965980304387
6475,3.182049173533569,2.480870859908113,1019,3242.5081078307066,3.6948764867337602
6476,2.5863034591829983,1.9107962950704296,783,2025.0756085402877,3.556166535742341
6477,1.7265294175971109,1.441626422760396,730,1260.366474845891,3.4981549815498156
6478,1.5292677446596197,1.1646286002782718,872,1333.5214733431883,3.56020942408377
6479,1.5533561467082564,1.1691598639941052,828,1286.1788894744363,3.508136094674556
6480,1.173235465503234,0.9117802956904288,760,891.6589537824578,3.5780984719864177
6481,1.061887739820091,0.7861014137147964,839,890.9238137090563,3.790857858484659
6482,0.8171238430639983,0.5538855970272247,917,749.3025640896865,3.8465116279069766
6483,1.6154758986063966,0.8683698147095957,1002,1618.7068504036095,3.830690298507463
6484,1.7996584428762088,1.0427495569478635,996,1792.459809104704,3.668753260302556
6485,1.8423523013443197,1.1810834843479647,996,1834.9828921389424,3.668753260302556
6486,1.853352048817448,1.2119551060117275,941,1744.0042779372186,3.6784710511523326
6487,2.1331719089543575,1.6466100504922396,808,1723.602902435121,3.509742790335152
6488,1.3127406799456105,1.0796833256249425,852,1118.45505931366,3.578767123287671
6489,0.5336388723617,0.4248007703816311,749,399.6955153989133,3.5252989880404786
6490,0.23398935580778538,0.1577222311771159,523,122.37643308747175,3.8295454545454546
6491,0.32040213374587334,0.2716990191942933,377,120.79160442219425,4.018207282913165
6492,1.1036946070006093,0.9005613463164124,728,803.4896738964435,3.6519337016574585
6493,1.386702925385476,1.1159831689565398,714,990.1058887252298,3.549079754601227
6494,1.3355864744114962,1.0865146647411754,742,991.0051640133302,3.5850661625708886
6495,2.50463486585782,1.8365328655897464,825,2066.3237643327016,3.5250865051903113
6496,2.9284956698725457,2.170640178175187,808,2366.224501257017,3.5575221238938055
6497,2.343260027759133,1.8127341980271523,827,1937.876042956803,3.602965403624382
6498,0.3364482392055817,0.22064469338420276,768,258.39224770988676,3.507905138339921
6499,0.2665039300867015,0.1362522683372178,571,152.17374407950655,3.742637644046095
6500,0.2517338213493736,0.1338941270684648,609,153.30589720176852,3.825130890052356
6501,0.22954792283632872,0.1742744543925905,486,111.56029049845576,3.748502994011976
6502,0.32085284904369804,0.28555211870565955,728,233.5808741038122,3.7603383458646618
6503,0.5436069153215619,0.4806104924021348,700,380.5248407250933,3.787046123650638
6504,0.5436069153215619,0.4806104924021348,700,380.5248407250933,3.787046123650638
6505,0.5436069153215619,0.4806104924021348,700,380.5248407250933,3.787046123650638
6506,0.5460102190149781,0.4872191814672216,718,392.03533725275435,3.8385899814471243
6507,0.6706006646889023,0.5501085130174983,718,481.49127724663185,3.8385899814471243
6508,0.7040923523579389,0.5731522030186057,707,497.7932931170628,3.853107344632768
6509,0.7405545651933789,0.505481111502229,877,649.4663536745933,4.0786214324178784
6510,0.6364896971499764,0.3988069765967899,922,586.8435007722783,4.122535211267605
6511,0.7082947958061903,0.5741835892844236,737,522.0132645091622,3.7728437233134073
6512,0.722654766483343,0.6041473414944154,816,589.6862894504079,3.9158576051779934
6513,0.7123139854915613,0.5908718017858123,820,584.0974681030802,3.9350157728706625
6514,0.631800062130359,0.5546287525531155,787,497.22664889659256,3.903859649122807
6515,1.0048980461938943,0.8361178520206778,639,642.1298515178985,3.9047619047619047
6516,0.8701607844498417,0.7723611112317034,720,626.515764803886,3.938590369853454
6517,0.48687800155080196,0.3874204372060422,783,381.22547521427794,3.870431893687708
6518,0.2935677998454277,0.182977292510804,783,229.8635872789699,3.870431893687708
6519,0.40392528250405385,0.2844171381881465,536,216.50395142217286,3.854901960784314
6520,0.40392528250405385,0.2844171381881465,536,216.50395142217286,3.854901960784314
6521,0.26522761257463384,0.1834968905461651,772,204.7557169076173,3.728148148148148
6522,0.24242303427197578,0.1928911048560824,821,199.02931113729213,3.908086096567772
6523,0.3208584096750041,0.25083945973643196,744,238.71865679820309,3.872661870503597
6524,0.33829614808086395,0.2590603245431176,733,247.97107654327326,3.8867924528301887
6525,0.33648769950636737,0.2593350627150701,733,246.6454837381673,3.8867924528301887
6526,0.35243320325445204,0.2749913234053869,710,250.22757431066097,3.897165991902834
6527,0.611645414340015,0.4247534006687307,743,454.45254285463113,3.873116574147502
6528,0.6530085704702153,0.4356675030280916,753,491.71545356407216,3.805234795996921
6529,0.43840676628087516,0.3691371367966848,660,289.3484657453776,3.7485380116959064
6530,0.35021611102856937,0.2810985979361972,716,250.75473549645568,3.7439446366782008
6531,0.3317829317444218,0.24349821773747585,800,265.42634539553745,3.8959795788130185
6532,0.9978776852502571,0.8509461751352266,800,798.3021482002057,3.9040752351097177
6533,3.034486446748322,2.291232191281717,701,2127.1749991705738,3.8344
6534,1.8709718687566528,1.648016672060857,722,1350.8416892423033,3.85769528228925
6535,1.182016166574773,1.003368537240064,810,957.4330949255663,3.7808873720136518
6536,1.0615183699684474,0.8955262451767954,820,870.4450633741269,3.775455158462576
6537,1.031341407202146,0.8342179243101232,895,923.0505594459207,3.6666666666666665
6538,1.1116010771950715,0.8476562563750359,763,848.1516218998396,3.6280667320902844
6539,1.2172869650529372,1.0140635000498652,763,928.7899543353911,3.6116600790513833
6540,1.025516771796437,0.7825191832852131,976,1000.9043692733227,3.6459214501510573
6541,1.357880524346774,1.054975541210334,861,1169.1351314625724,3.557597173144876
6542,1.3766248902923959,1.135365968398129,853,1174.2610314194137,3.566856330014225
6543,1.0572428393929352,0.7647138481314312,853,901.8281420021738,3.6154366960054163
6544,0.9146066994017276,0.48095570255336884,1110,1015.2134363359175,3.6530612244897958
6545,3.058804699561752,1.2150822379815884,1289,3942.7992577350983,3.6598712446351933
6546,5.955019216068816,4.77613378819921,1073,6389.73561884184,3.5900048520135854
6547,6.842665804503661,5.340381681339792,1073,7342.180408232429,3.5888501742160277
6548,4.371215855895478,3.5769114021701522,992,4336.246129048314,3.613361388742767
6549,2.952055945373696,2.153341704562428,1084,3200.0286447850863,3.6875536480686697
6550,2.4458532455320214,1.6639291511970764,1037,2536.349815616706,3.7068736141906875
6551,2.7240723440017134,2.1875710414007057,980,2669.590897121679,3.623150105708245
6552,2.8398382307296868,1.9356342234279624,1093,3103.943186187548,3.550354609929078
6553,2.9518574100369857,2.366675404548817,1007,2972.5204119072446,3.5464247598719316
6554,2.5627804574156454,1.8602747242815785,872,2234.7445588664427,3.4713286713286715
6555,1.6824412483962252,1.2069736386463097,920,1547.845948524527,3.5286153846153847
6556,3.245114587127131,2.2551738913535635,1238,4017.451858863388,3.5435510887772192
6557,7.022725596584618,4.986130082631956,1210,8497.497971867388,3.558469475494411
6558,7.592352844843531,5.375476994010638,1272,9657.472818640972,3.608349146110057
6559,6.288609768773402,1.9863036230573017,1362,8565.086505069374,3.623682361208714
6560,6.906354815263887,3.676579224835636,1188,8204.749520533498,3.62755519215045
6561,5.1901256292825515,3.9375155417261234,971,5039.611986033357,3.5217391304347827
6562,3.9894327925871336,2.9635473816070244,1066,4252.735356897884,3.542900150526844
6563,3.941659909024544,2.9588690855816293,931,3669.6853753018504,3.405387205387205
6564,4.823421985082559,2.228710349174712,1232,5942.455885621713,3.4364174059991552
6565,8.09155073691793,5.365844853335001,1041,8423.304317131564,3.411312465678199
6566,4.935085266184896,2.7349978169956946,1159,5719.763823508295,3.4542936288088644
6567,4.679184928789879,3.48994259785789,1009,4721.297593148988,3.467706013363029
6568,4.4770384381864305,2.383622025879166,1211,5421.693548643768,3.591620986687549
6569,4.304378531745654,0.9273716044157146,1626,6998.919492618434,3.6191751472951257
6570,6.247892446875801,4.286398394457228,1131,7066.36635741653,3.5788327526132404
6571,5.459502980496173,2.3827108705029696,1296,7075.515862723039,3.5285128587402164
6572,3.2545439618626495,0.6303057200527571,1593,5184.488531247201,3.660709375859225
6573,4.225952144267384,3.012705192775983,1140,4817.585444464818,3.7623199393479907
6574,5.870257754880529,4.508172727794806,1090,6398.580952819777,3.759147567350221
6575,3.3135614865881284,2.863993926855976,913,3025.2816372549614,3.7184154175588864
6576,2.132508398059962,1.6386709607706944,811,1729.4643108266291,3.56415770609319
6577,1.8921813828829217,1.423402595138346,955,1807.0332206531903,3.537741046831956
6578,2.6366242815546483,1.940550687734772,975,2570.708674515782,3.6076335877862595
6579,2.0657986788541116,1.4425758743727513,980,2024.4827052770295,3.620240480961924
6580,0.8907654069425355,0.5979356796632724,971,864.9332101412019,3.7544279559597893
6581,0.7823640666790858,0.622984078470735,832,650.9269034769993,3.794580970384373
6582,0.6850119758138025,0.4592154711316408,942,645.2812812166019,3.7996828752642706
6583,1.7646192535274607,1.0371444548983344,925,1632.2728095129012,3.8179362506753107
6584,2.129664888353694,1.2921040170025002,869,1850.67878797936,3.6524100475220638
6585,2.4763241360876123,1.5882943925566115,869,2151.925674260135,3.6524100475220638
6586,2.2944715834803637,1.3813515538263703,941,2159.0977600550223,3.6784710511523326
6587,1.6373588197392333,1.0721319519907833,985,1612.7984374431448,3.658873538788523
6588,1.034581710086138,0.7542259718006525,787,814.2158058377908,3.559183673469388
6589,1.0836618096563675,0.8431191691775404,634,687.041587322137,3.692563817980022
6590,0.24704819145137638,0.1475033750029252,652,161.0754208262974,3.6743169398907103
6591,0.3724266993883181,0.26433225556475537,746,277.8303177436853,3.565777368905244
6592,1.2433461089507951,1.0201691820230498,797,990.9468488337837,3.6376582278481013
6593,1.3256470788431285,1.075631231277572,747,990.2583678958171,3.5298076923076924
6594,1.3752710736468274,1.1015822585795656,720,990.1951730257158,3.55811623246493
6595,1.6579073974307332,1.1811035599623367,854,1415.8529174058463,3.6006216006216007
6596,1.4696378645237715,1.0058369795345317,838,1231.5565304709205,3.6134723336006416
6597,1.0705380520907675,0.6262475601324613,781,836.0902186828894,3.458870168483647
6598,0.8104909304815688,0.6085491266782217,570,461.9798303744942,3.733674775928297
6599,0.2456272324024983,0.1310046714705376,653,160.3945827588314,3.617241379310345
6600,0.2593226860106821,0.1742878208538116,578,149.88851251417424,3.8366666666666664
6601,0.22954792283632872,0.1742744543925905,486,111.56029049845576,3.748502994011976
6602,0.1724495664538074,0.1194666375269229,799,137.78720359659212,4.052063492063492
6603,0.45327858479898575,0.3944707232648892,823,373.04827528956525,4.045370938074801
6604,0.47842029406097325,0.413632994357718,801,383.2146555428396,4.066624764299183
6605,0.5436069153215619,0.4806104924021348,700,380.5248407250933,3.787046123650638
6606,0.5436069153215619,0.4806104924021348,700,380.5248407250933,3.788235294117647
6607,0.5590310562998877,0.4609685875276298,751,419.8323232812157,3.7985803016858917
6608,0.829102247294673,0.670122848799534,742,615.1938674926473,3.806828391734052
6609,0.8016649109100418,0.613928148247236,775,621.2903059552824,4.017205781142464
6610,0.5273256752133786,0.3059071165075062,967,509.9239279313371,4.045998160073597
6611,0.5326617044483919,0.3784849245748694,822,437.8479210565781,4.082994776552525
6612,0.5981815684203573,0.42626447746825724,844,504.8652437467815,3.997249724972497
6613,0.6109964400721085,0.4520418485179867,844,515.6809954208596,3.997249724972497
6614,0.6051092587073028,0.5311452682309719,776,469.56478475686697,3.920827389443652
6615,0.657037778990514,0.5673155727098903,707,464.5257097462934,3.958303886925795
6616,0.30121744725811617,0.21410080495665,712,214.46682244777872,3.950773558368495
6617,0.2708705510279302,0.1831861375146827,621,168.21061218834464,3.7899008115419295
6618,0.40392528250405385,0.2844171381881465,536,216.50395142217286,3.854901960784314
6619,0.40392528250405385,0.2844171381881465,536,216.50395142217286,3.854901960784314
6620,0.40392528250405385,0.2844171381881465,536,216.50395142217286,3.854901960784314
6621,0.31248278645263095,0.2357365275274361,598,186.8647062986733,3.7870544090056284
6622,0.24425485387067367,0.1601973165712102,740,180.7485918642985,3.896989966555184
6623,0.36547611903609983,0.2893985893161342,672,245.5999519922591,3.8242220353238014
6624,0.37364894194819104,0.2893985893161342,658,245.8610038019097,3.8542199488491047
6625,0.37364894194819104,0.2893985893161342,658,245.8610038019097,3.8542199488491047
6626,0.37364894194819104,0.2893985893161342,658,245.8610038019097,3.8542199488491047
6627,0.6670636854870415,0.4225294613618374,743,495.62831831687186,3.873116574147502
6628,0.7303680930980975,0.4613477438716046,753,549.9671741028674,3.802316602316602
6629,0.5447948334270082,0.4437387818775488,660,359.5645900618254,3.7485380116959064
6630,0.35153171232128333,0.2788957723102738,716,251.69670602203888,3.7439446366782008
6631,0.4033419916342552,0.3139015029002512,771,310.9766755500108,3.83
6632,0.9430747682396124,0.8024194177662329,804,758.2321136646484,3.916113458056729
6633,1.5837414213643761,1.377954874392338,683,1081.695390791869,3.8398018166804295
6634,4.13743032782123,2.57741318703063,692,2863.101786852291,3.895734597156398
6635,2.8535554190562085,2.065176996816466,692,1974.660349986896,3.8787388843977366
6636,1.4525390777222538,1.2662626820154288,700,1016.7773544055776,3.864734299516908
6637,1.3476430703735405,1.1450754687985971,762,1026.9040196246378,3.708520179372197
6638,1.5763915564560815,1.1566296952970223,680,1071.9462583901354,3.669421487603306
6639,1.5763915564560815,1.1566296952970223,680,1071.9462583901354,3.6488095238095237
6640,1.129889253901214,0.8613780638329538,952,1075.6545697139557,3.5954692556634305
6641,1.3766248902923959,1.135365968398129,853,1174.2610314194137,3.566856330014225
6642,1.3766248902923959,1.135365968398129,853,1174.2610314194137,3.566856330014225
6643,1.0572428393929352,0.7647138481314312,853,901.8281420021738,3.595876288659794
6644,1.1642096244096098,0.8224976676790865,1005,1170.030672531658,3.665111456713323
6645,4.286597278973716,2.7135615156844457,1138,4878.147703472088,3.666809238665526
6646,4.777011138620275,4.254405320573575,1018,4862.99733911544,3.627643876045253
6647,5.838068531594897,4.622649150556572,1028,6001.534450479554,3.627839536007733
6648,3.3658340556259576,3.046328756690849,925,3113.396501454011,3.628668171557562
6649,2.6611556212987924,2.5739509226595465,870,2315.2053905299495,3.643706950532248
6650,2.005979900432191,1.5090053771798022,756,1516.5208047267363,3.5680566483084184
6651,2.0773368717560583,1.7420967768109095,834,1732.4989510445525,3.548273431994362
6652,2.66651212350252,2.1985454378247287,966,2575.8507113034343,3.59704756697649
6653,3.0132314491344467,2.5358824494982155,984,2965.0197459482956,3.591991341991342
6654,2.5178014410608,1.8358633114150145,981,2469.9632136806445,3.602266594711279
6655,1.8653889084305877,1.3919115015479075,994,1854.1965749800042,3.598223615464995
6656,5.050263932682775,4.701725977103883,958,4838.152847510099,3.5270114942528736
6657,7.58762360657198,6.820214244489361,932,7071.665201325085,3.547432024169184
6658,8.666306229561952,7.620992116580694,1033,8952.294335137496,3.6196560196560195
6659,7.633228014593931,6.797655941209833,1035,7900.390995104719,3.677324151500246
6660,5.453115355721068,4.485156793064082,1050,5725.771123507121,3.671897989210397
6661,4.905035386045133,4.158062392384678,901,4419.436882826664,3.5336821451929366
6662,4.969424575037423,2.302637051250111,1197,5948.401216319796,3.4702486678507993
6663,4.425911627716332,2.3189294800220024,1133,5014.557874202605,3.3762626262626263
6664,4.4017930952278554,2.5456774762302765,1053,4635.088129274932,3.362116991643454
6665,6.028123595434377,3.775434563854704,1068,6438.035999923915,3.519806763285024
6666,2.847592450271405,1.2276519827038,1248,3553.7953779387135,3.557589626239512
6667,3.9396776066124883,2.2017611959074554,1183,4660.638608622574,3.601606425702811
6668,3.3103525241493306,1.7369333566420389,1215,4022.078316841437,3.5259686727122834
6669,2.4506622394683455,0.6630582774749577,1515,3712.7532927945435,3.574664679582712
6670,3.989240198567623,1.0420681221075616,1477,5892.107773284379,3.5968617984308993
6671,5.014523942657712,1.352294235977126,1403,7035.37709154877,3.5576485872036376
6672,4.812868697963713,1.9425465984452857,1306,6285.60651954061,3.5354302241503976
6673,5.355853225827021,3.8959345519355786,1084,5805.74489679649,3.755028157683025
6674,8.302395130355604,7.022251114427083,985,8177.85920340027,3.7397521448999047
6675,6.872767360027225,5.688920392149079,1026,7051.459311387934,3.739795918367347
6676,1.4888673999527873,1.2500908180561563,1016,1512.6892783520318,3.7300347222222223
6677,1.326528131542053,1.0410755017459166,817,1083.7734834698572,3.5880758807588076
6678,1.4318093544063377,1.123905538062695,751,1075.2888251591596,3.5388845247446974
6679,1.7012200727504663,1.3980657637909588,857,1457.9456023471496,3.507255936675462
6680,0.7513861825327899,0.5038317917538371,1016,763.4083614533146,3.842573856738163
6681,0.7142858919491376,0.5972733637542926,775,553.5715662605817,3.7204610951008648
6682,0.6408948673874894,0.479861217859878,767,491.5663632862043,3.7183823529411764
6683,1.403850378753316,0.9018741048030829,900,1263.4653408779845,3.8254322364751814
6684,1.6932102016206663,1.0270940040715146,923,1562.8330160958749,3.8034140969162995
6685,2.2264919354803063,1.3815887392753945,869,1934.8214919323864,3.6524100475220638
6686,2.4750052213378524,1.58234935885203,869,2150.779537342594,3.6524100475220638
6687,2.049457348973,1.405022605509021,866,1774.830064210618,3.6475524475524477
6688,1.039709920485995,0.7545595312250171,783,814.0928677405341,3.6715328467153285
6689,1.3277181008914387,0.9378078610513364,613,813.8911958464519,3.5714285714285716
6690,0.8788231728969305,0.7190552456486756,782,687.2397212053996,3.5672823218997363
6691,1.6151221654658876,1.36817528698303,693,1119.27966066786,3.6218905472636815
6692,1.5610503807023155,1.2963691602090073,746,1164.5435840039274,3.5810313075506444
6693,1.36437355672714,1.1635374687051288,806,1099.6850867220749,3.6033653846153846
6694,1.59815614782863,1.322855696936839,831,1328.0677588455915,3.532334384858044
6695,2.0382386404165245,1.5369394391564144,831,1693.776310186132,3.5470957613814758
6696,1.1806518836365156,0.8277359643109206,779,919.7278173528457,3.4600896860986547
6697,1.1190926203841183,0.8063098663262678,637,712.8619991846833,3.551390568319226
6698,1.1374357755145792,0.8222446825192526,637,724.546589002787,3.551390568319226
6699,0.5249802302328909,0.4172211325711424,653,342.81209034207774,3.6976987447698746
6700,0.23005558011939675,0.1667614233955574,655,150.68640497820488,3.716904276985743
6701,0.22954792283632872,0.1742744543925905,486,111.56029049845576,3.748502994011976
6702,0.3814828938701579,0.338912607110803,747,284.96772172100793,3.9612518628912072
6703,0.5967215867736088,0.5141212653905035,726,433.2198719976399,3.968821292775665
6704,0.5386750339036499,0.4710146511088234,801,431.4787021568236,4.066624764299183
6705,0.49945295250277416,0.4468648377981786,801,400.0618149547221,4.066624764299183
6706,0.7359759276572493,0.6144774147552943,845,621.8996588703757,4.184974093264248
6707,0.739697958848576,0.5241932165926613,859,635.4005466509268,4.177789098318899
6708,0.7151344690525596,0.4503089475831449,957,684.3836868832996,4.25904693658187
6709,0.788877711024046,0.5690406471502707,767,605.0692043554433,4.022932592077832
6710,0.5585080659423856,0.3291121402558033,983,549.013428821365,3.983021332172399
6711,0.46230874827265256,0.2547899636350503,1010,466.9318357553791,4.027572016460906
6712,0.5411221515742433,0.3657217767086383,904,489.17442502311593,4.002884615384615
6713,0.6092253250513637,0.4514065645696934,808,492.2540626415019,3.9756986634264884
6714,0.3483308497042214,0.2581594443393024,885,308.2728019882359,3.9885654885654884
6715,0.1973765398690122,0.0965723138346371,787,155.3353368769126,3.970919881305638
6716,0.2528199186727539,0.1734449483382614,595,150.42785161028857,3.850228310502283
6717,0.22060540908947213,0.159189075409232,679,149.79107277175157,3.7308662741799834
6718,0.2937106851797745,0.1860155178793371,637,187.09370645951637,3.7663230240549828
6719,0.34598304994738094,0.2671053952714546,615,212.77957571763926,3.7721973094170402
6720,0.3390968407447927,0.2647394199784992,625,211.93552546549543,3.7653061224489797
6721,0.2201668636684931,0.1565083041892215,773,170.18898561574517,3.7829403606102634
6722,0.2576339374608671,0.1870397132560882,764,196.83232822010248,3.8749189889825018
6723,0.39883148355009596,0.29686997685336913,700,279.18203848506715,3.7969379532634973
6724,0.39511422521844725,0.2935851611072172,686,271.0483584998548,3.82626427406199
6725,0.3515456010430828,0.26844860138236315,730,256.62828876145045,3.7865947611710324
6726,0.5926947738501666,0.4279928863566205,703,416.66442601666705,3.8075380914194064
6727,0.6427044964555896,0.4908613827901578,779,500.6668027389043,3.837593984962406
6728,0.7021523365768036,0.4477276239857357,807,566.6369356174805,3.8027027027027027
6729,0.6150350342792541,0.4627740682466661,738,453.8958552980895,3.756038647342995
6730,0.416399067882622,0.3363652576301746,706,293.9777419251311,3.7755937755937756
6731,0.4931938430902975,0.3926150536103199,759,374.3341269055358,3.866022099447514
6732,1.3803367868662049,1.0661895647107014,804,1109.7907766404287,3.916113458056729
6733,1.5204404374571627,1.306667940272754,769,1169.2186964045582,3.9075067024128685
6734,1.4292140326552163,1.2435391958486035,769,1099.0655911118613,3.941292875989446
6735,1.5421525287177404,1.358951769975409,683,1053.2901771142167,3.899919289749798
6736,1.2779348809834052,1.077271658440535,856,1093.9122581217948,3.7764778325123154
6737,1.170471729955432,0.965440300498037,922,1079.1749350189082,3.765247410817031
6738,1.2079074778247305,0.7777573889003958,870,1050.8795057075156,3.5512118842845974
6739,1.2011275906305208,0.9847442707537921,870,1044.981003848553,3.567821067821068
6740,0.9019967470798226,0.6307859188178637,1050,947.0965844338137,3.632166412988331
6741,1.0225738226731909,0.8008823849300287,991,1013.370658269132,3.6230809952355743
6742,1.152156643122676,0.7774404754597563,991,1141.787233334572,3.6194225721784776
6743,1.1092180299860324,0.7647138481314312,853,946.1629795780857,3.619047619047619
6744,1.7972673020715833,0.8357515794257744,1242,2232.2059891729064,3.629181781539702
6745,4.139810358409076,2.3452321460530565,1184,4901.535464356347,3.6021231422505307
6746,3.523362319983917,1.6717002157311511,1236,4354.875827500121,3.61804745235317
6747,5.481575983141815,5.093899014269148,973,5333.573431596987,3.5923460898502495
6748,3.2664421102912287,2.908613209091187,906,2959.396551923853,3.557213930348259
6749,2.3031821588487222,1.9087675904374064,993,2287.059883736781,3.6542390194075587
6750,1.7759690330734546,1.4046173918555684,997,1770.6411259742342,3.5253481894150416
6751,3.263038421537549,2.1459878709001097,1111,3625.235686328217,3.5752737226277373
6752,4.681067962803742,4.041332946800709,1011,4732.559710394583,3.578288100208768
6753,7.409984203870996,5.340904050749982,1081,8010.192924384547,3.66430155210643
6754,4.087711708870511,3.1505026452427343,1066,4357.500681655965,3.6259469696969697
6755,3.9372958280702397,3.1480556180521058,929,3657.7478242772527,3.5538730343622595
6756,5.025554996509808,3.7374661425732745,1122,5638.672706084004,3.585387323943662
6757,6.188111827756987,4.474207891164747,1100,6806.923010532685,3.679123711340206
6758,7.191734513393883,5.545107324936039,1139,8191.385610755633,3.719319562575942
6759,5.0227080312781585,2.9191226343514334,1212,6087.522133909128,3.7926565874730023
6760,4.456339223581753,3.370232363746561,1101,4906.42948516351,3.726790450928382
6761,5.958219004238868,5.285445381073885,853,5082.360810615754,3.5342756183745583
6762,6.6429033853345745,4.321013094153328,1009,6702.689515802585,3.3366745283018866
6763,6.85935552899828,4.698166369711203,968,6639.856152070335,3.295165394402036
6764,4.670156132255169,2.983214682929393,1009,4712.187537445466,3.3178528347406515
6765,2.7235204835100193,2.0124785870273367,941,2562.832774982928,3.5349233390119252
6766,2.6512507282459925,1.982793763369585,742,1967.2280403585264,3.627586206896552
6767,1.708396538119468,0.7543030799095498,1228,2097.9109488107065,3.6362943194815096
6768,2.2281564772095046,1.14581101872519,1194,2660.4188337881483,3.566259991586033
6769,2.904899688527442,2.309269542322625,879,2553.4068262156215,3.438768369489153
6770,4.207348490689694,3.39237036829337,1065,4480.826142584524,3.5131123206333497
6771,6.512915593520166,5.572330300861376,995,6480.3510155525655,3.460698689956332
6772,5.912538743883717,2.7588121023178425,1232,7284.24773246474,3.4787628865979383
6773,6.737431275959117,6.185638663506004,774,5214.771807592357,3.586316626889419
6774,6.273501869237885,6.124798860370261,872,5470.493629975435,3.6359070935342124
6775,5.298854546712629,3.865520875396242,977,5176.980892138239,3.677530864197531
6776,1.3231772206660521,1.0612477356669654,830,1098.2370931528233,3.573421926910299
6777,1.4318093544063377,1.123905538062695,751,1075.2888251591596,3.5388845247446974
6778,1.4318093544063377,1.123905538062695,751,1075.2888251591596,3.5388845247446974
6779,1.3463386347111046,1.0802519795905194,858,1155.1585485821277,3.7623220153340635
6780,1.1652559446616522,0.916099244407556,957,1115.1499390412012,3.8677758318739053
6781,0.8669839623321085,0.7130357755839236,855,741.2712877939528,3.919853326348874
6782,0.7349035574524078,0.5918796683058267,758,557.0568965489251,3.7449962935507783
6783,1.1557865343787954,0.7752606426800344,887,1025.1826559939916,3.64996829422955
6784,1.414550940996308,0.8308644541758639,982,1389.0890240583744,3.8508687258687258
6785,1.9198554690081027,1.196995299941493,890,1708.6713674172113,3.7195502810743286
6786,1.98479003993852,1.2067087039239799,934,1853.7938973025778,3.71453488372093
6787,1.9754454596202435,1.2765817601089742,895,1768.023686360118,3.7180124223602484
6788,0.9617552440186717,0.6727042094612298,850,817.491957415871,3.7334669338677355
6789,1.1232798309704002,0.8084588312911227,719,807.6381984677178,3.4755463059313216
6790,1.2024043856509932,1.0057219832671147,770,925.8513769512647,3.443469785575049
6791,1.7266112420722315,1.4807139535271947,675,1165.4625883987562,3.494369369369369
6792,1.7266112420722315,1.4807139535271947,675,1165.4625883987562,3.494369369369369
6793,1.6281275164508322,1.378036293499716,711,1157.5986641965417,3.547642928786359
6794,2.5355761503050145,2.000282135304931,740,1876.3263512257106,3.442703232125367
6795,2.8181486310294797,2.196132332837161,708,1995.2492307688715,3.460905349794239
6796,1.8395911429567042,1.5006657774491967,753,1385.2121306463982,3.455909943714822
6797,0.7498095150314529,0.6981781242012711,538,403.39751908692165,3.661725067385445
6798,0.7498095150314529,0.6981781242012711,538,403.39751908692165,3.661725067385445
6799,0.7498095150314529,0.6981781242012711,538,403.39751908692165,3.661725067385445
6800,0.302741287899361,0.2369708143610141,642,194.35990683138976,3.6982942430703623
6801,0.2501533983313172,0.2101555981480211,747,186.86458855349395,3.9612518628912072
6802,0.5734401892436191,0.5087374001232853,747,428.3598213649835,3.9612518628912072
6803,0.6060818019094972,0.5244164865317555,715,433.3484883652905,3.9892058596761757
6804,0.6060818019094972,0.5244164865317555,715,433.3484883652905,3.9892058596761757
6805,0.6335243324174737,0.5713777757583463,762,482.745541302115,3.966113914924297
6806,0.8413024258210307,0.6522583860113456,776,652.8506824371198,4.128974205158968
6807,0.9600720144745286,0.7431857583193004,799,767.0975395651484,4.129542790152403
6808,0.611863937404698,0.34177443424371795,1048,641.2334064001235,4.219717362045761
6809,0.5544455817102357,0.32222513399514646,994,551.1189082199743,4.096200485044462
6810,0.5440017008112515,0.3744336232932568,850,462.40144568956384,4.008152173913044
6811,0.5850647667813176,0.4506036806524747,780,456.35051808942774,3.92484076433121
6812,0.5468555353145877,0.3835611537478406,847,463.1866384114558,3.967020681945221
6813,0.44234240174525813,0.2738761419298723,936,414.0324880335616,3.9898570769940065
6814,0.27185169314790225,0.2109683796005871,839,228.08357055109,3.726683937823834
6815,0.24147181660761005,0.1750259311925686,595,143.67573088152798,3.850228310502283
6816,0.23725880151598405,0.1599176256507493,595,141.16898690201052,3.850228310502283
6817,0.2644805585871373,0.1750259311925686,533,140.96813772694418,3.913370998116761
6818,0.2487043314011513,0.1750259311925686,568,141.26406023585395,3.83363802559415
6819,0.17121690482809365,0.09893752575909734,850,145.5343691038796,3.7302543507362786
6820,0.1660879316078506,0.0853144459941703,907,150.6417539683205,3.79026651216686
6821,0.23660729273442538,0.1350617197685534,731,172.95993098886495,3.8225454545454545
6822,0.3285628962420567,0.2445450930186458,704,231.3082789544079,3.838050314465409
6823,0.4934392707656683,0.311189601010047,683,337.01902193295143,3.844675740592474
6824,0.511219207764906,0.3124347170252398,663,338.9383347481327,3.8352745424292847
6825,0.4967291936016161,0.3524552963852654,730,362.61231132917976,3.7865947611710324
6826,0.7395225674024415,0.47229823887048805,734,542.809564473392,3.7310664605873263
6827,0.7274270703551267,0.4806148750664808,845,614.675874450082,3.7955128205128204
6828,0.9189261187597608,0.6861241178893354,840,771.8979397581991,3.792620865139949
6829,0.7713939420790122,0.5982567389457283,705,543.8327291657037,3.699916177703269
6830,0.7329229454688416,0.5887086377773219,668,489.5925275731862,3.7158703071672354
6831,0.6281614027619082,0.5153964654392232,739,464.2112766410502,3.8344039971448964
6832,1.4426097030735248,1.1151896743217211,817,1178.6121274110697,3.8725247524752477
6833,1.652579831921478,1.2647706719156404,737,1217.9513361261293,3.8358092259577794
6834,1.5838772871491629,1.2171424608673818,769,1218.0016338177063,3.9321236559139785
6835,1.388744604437041,1.1265092313698575,908,1260.9801008288332,3.8434125269978403
6836,1.583734800463199,1.2195267136397534,849,1344.590845593256,3.738910012674271
6837,1.3798505717384935,1.0072662797814298,857,1182.5319399798889,3.726390685640362
6838,1.0894507605658992,0.8270368561917616,974,1061.1250407911857,3.5672963400236126
6839,1.0155774924960201,0.8259925829832528,870,883.5524184715375,3.58694109297374
6840,1.1641491374617179,1.0235661020318434,757,881.2608970585204,3.5351089588377724
6841,1.1641491374617179,1.0235661020318434,757,881.2608970585204,3.5633359559402047
6842,0.8857764013948366,0.6445327180615854,984,871.6039789725193,3.5924507658643328
6843,0.9804713243214308,0.5040789661290034,1229,1204.9992575910385,3.6644144144144146
6844,1.190223901167675,0.7251177978670993,1207,1436.6002487093835,3.6229026845637584
6845,3.020133123849961,2.4044261111720058,1018,3074.49552007926,3.532850779510022
6846,2.565149541339486,1.6003918603537874,1187,3044.8325055699697,3.6268233387358184
6847,2.4584748587117433,1.683394610637062,1132,2782.9935400616932,3.5889735544598835
6848,1.474455904866983,0.8843662641841106,1152,1698.5732024067643,3.6490863787375414
6849,1.7976680772160707,1.234739876040758,920,1653.854631038785,3.5906158357771263
6850,2.47503339245836,1.8940853574191012,951,2353.7567562279,3.4329307056579785
6851,4.952535624077569,3.062717472666592,1089,5393.311294620473,3.547711781888997
6852,6.097148403400432,4.439235291940271,1051,6408.102971973854,3.5790513833992095
6853,6.906207966362864,6.078526409496127,981,6774.990015001969,3.6359399274987054
6854,4.280766519307394,3.7446887212391724,1014,4340.697250577698,3.6173956762192057
6855,4.327622240552202,4.153127641848874,921,3985.7400835485782,3.562351543942993
6856,4.602857976546076,2.4854542541572053,1185,5454.386702207101,3.754821958456973
6857,5.547135263015522,2.724624514631599,1182,6556.713880884347,3.7181077937184956
6858,6.4739077245439125,5.763614416136356,926,5994.838552927663,3.671734234234234
6859,4.414460819549823,3.9589598461140794,961,4242.2968475873795,3.735234215885947
6860,4.410015514119891,3.820429014997602,938,4136.594552244458,3.6452173913043477
6861,3.569467275746623,1.3906143874336936,1241,4429.708889201559,3.6392623895505185
6862,4.427591456970804,2.6342543779737437,1095,4848.212645383031,3.3835688121402407
6863,3.8729369637958637,1.736750115522627,1269,4914.757007056951,3.5287260616153207
6864,2.52812436298725,0.9575059916033299,1254,3170.2679511860115,3.5
6865,1.8847948772124752,1.120990305818716,1129,2127.9334163728845,3.7152089616544592
6866,2.3070392159713884,1.4997713456077235,1079,2489.295314033128,3.751851851851852
6867,2.1748474926104455,1.0312075555252003,1218,2648.9642459995225,3.7014746911119967
6868,1.9788829361545428,0.7154367888720106,1381,2732.8373348294235,3.586980108499096
6869,2.273454211374809,1.4745066721775153,1149,2612.1988888696555,3.547016706443914
6870,3.108805739435358,1.6119451863376055,1226,3811.395836547749,3.542610127624537
6871,4.260583134248495,1.0234653350750746,1455,6199.14846033156,3.49602911978822
6872,4.393288326581003,2.356439373102241,1278,5614.622481370522,3.494921875
6873,5.098302606606112,3.7886724760107433,1063,5419.495670822297,3.51328320802005
6874,3.8665215784122564,1.51959836709816,1259,4867.950667221031,3.622844827586207
6875,4.788789168488203,4.027155567609602,967,4630.7591259280925,3.6789447486311597
6876,2.895283736286805,2.1461512247708345,1087,3147.173421343757,3.701182225845903
6877,1.9350046385345747,1.3492032172809314,1129,2184.620236905535,3.6857835218093697
6878,1.9118665491306819,1.1052652802245644,1172,2240.7075955811592,3.740845070422535
6879,1.9786408339390749,1.6411692059586522,934,1848.050538899096,3.701259445843829
6880,2.1526634140846777,1.830355233980293,877,1887.8858141522624,3.710451170759566
6881,0.8953755765238897,0.6594371866183677,1021,914.1784636308913,3.8141632837167343
6882,0.9438170350658155,0.7027518489775276,801,755.9974450877182,3.711815561959654
6883,1.037469280014459,0.7646844758015117,883,916.0853742527672,3.656050955414013
6884,1.2919534003336268,0.7980775131406851,965,1246.73503132195,3.7074497009244154
6885,2.958041459957773,1.571104956702631,796,2354.6010021263874,3.5411013567438148
6886,1.1586734423973801,0.7409299017421369,957,1108.8504843742928,3.707371975239167
6887,1.1488202584936307,0.7823627502985254,803,922.5026675703854,3.602729340409401
6888,0.7631885710436007,0.5078638409346744,813,620.4723082584474,3.605080831408776
6889,0.4091237784825034,0.2747442363081198,835,341.61835503289035,3.611764705882353
6890,1.0227258638452106,0.8542623072291016,758,775.2262047946697,3.5051740357478836
6891,1.7104877776120058,1.4561793260779097,681,1164.842176553776,3.488888888888889
6892,1.7266112420722315,1.4807139535271947,675,1165.4625883987562,3.494369369369369
6893,1.4885201702606352,1.2455395069733841,792,1178.907974846423,3.4747826086956524
6894,2.638154827318774,2.0824955282581987,740,1952.2345722158927,3.442703232125367
6895,2.8181486310294797,2.196132332837161,708,1995.2492307688715,3.460905349794239
6896,1.8964736619336537,1.5061562910745963,806,1528.557771518525,3.5451532725766364
6897,0.6136840096786303,0.4751526867015832,701,430.19249078471984,3.5951882845188283
6898,0.7498095150314529,0.6981781242012711,538,403.39751908692165,3.661725067385445
6899,0.7498095150314529,0.6981781242012711,538,403.39751908692165,3.661725067385445
6900,0.28890672315954236,0.2304076052442663,642,185.4781162684262,3.6982942430703623
6901,0.4677157358347227,0.4169708782075388,783,366.2214211585879,4.054603174603175
6902,0.6060818019094972,0.5244164865317555,715,433.3484883652905,3.9892058596761757
6903,0.6060818019094972,0.5244164865317555,715,433.3484883652905,3.9892058596761757
6904,0.6463601362645081,0.5715847114593653,776,501.57546574125826,4.128974205158968
6905,0.9511247112807638,0.7659098793485681,776,738.0727759538727,4.128974205158968
6906,1.0005463188594559,0.7892536011053981,776,776.4239434349378,4.128974205158968
6907,0.896925128529828,0.6749481727292516,810,726.5093541091607,4.182346723044398
6908,0.4134104196907918,0.2603673497494733,1023,422.91885934367997,4.113157894736842
6909,0.2873689033416408,0.17020633053770465,1050,301.73734850872285,4.049180327868853
6910,0.34974281694760506,0.2538183771902483,885,309.5223929986305,3.8926645091693635
6911,0.40925558650745325,0.30020411872019886,856,350.32278205038,3.8452520515826496
6912,0.40655483903866996,0.3056895741125469,820,333.37496801170937,3.909090909090909
6913,0.29312100551612247,0.20900772521934496,882,258.53272686522,3.954845256215119
6914,0.21434204213708355,0.1359807853748202,927,198.69507306107644,4.030445969125214
6915,0.20929393713038882,0.1365753435250221,676,141.48270150014284,4.097791798107256
6916,0.2644805585871373,0.1750259311925686,533,140.96813772694418,3.913370998116761
6917,0.2644805585871373,0.1750259311925686,533,140.96813772694418,3.913370998116761
6918,0.2644805585871373,0.1750259311925686,533,140.96813772694418,3.913370998116761
6919,0.23802197651926918,0.1671115521825734,595,141.62307602896516,3.8580246913580245
6920,0.24045303432938292,0.1331030510626004,698,167.83621796190928,3.8554307116104867
6921,0.2823248089141406,0.19857170117177964,698,197.06271662207013,3.8554307116104867
6922,0.3377007421605125,0.2315188714529073,611,206.33515346007312,3.7942631058358063
6923,0.40161130585834043,0.28945247442715966,730,293.1762532765885,3.830030487804878
6924,0.4930322255980716,0.31197307068043356,716,353.01107352821924,3.809448818897638
6925,0.5317363858565328,0.3931248040798196,858,456.22981906490514,3.727391874180865
6926,1.2347668707733652,1.040650064866272,845,1043.3780058034936,3.7238855622089155
6927,1.09784483391088,0.913818493348666,877,962.8099193398417,3.7020725388601035
6928,0.9880814858440696,0.836278412426823,840,829.9884481090185,3.7873563218390807
6929,0.7751111663114311,0.6551121777837882,739,572.8071519041475,3.729707792207792
6930,0.6787791406066109,0.4981603922675328,723,490.7573186585797,3.7277960526315788
6931,0.7329229454688416,0.5887086377773219,668,489.5925275731862,3.74
6932,1.479304355116765,1.2066531598647148,817,1208.591658130397,3.8963007883565797
6933,1.5295119176191403,1.1883065447104306,785,1200.666855331025,3.841018582243634
6934,1.6616023018040067,1.280633153103047,737,1224.600896429553,3.8176
6935,1.4630497662420603,1.1319601518615483,889,1300.6512421891916,3.7553516819571864
6936,1.6548719598769317,1.2871433341866894,822,1360.3047510188378,3.6371616678858816
6937,1.4659620349548637,1.141094545082333,861,1262.1933120961376,3.7120822622107967
6938,1.1878297262190511,0.9769038168095303,932,1107.0573048361557,3.6224310041103935
6939,1.1635790208313055,0.9717532112247478,836,972.7520614149714,3.6367831245880025
6940,1.0064433924580956,0.810965999609673,910,915.8634871368669,3.6208886324293132
6941,0.9761297290853812,0.8109659996104633,904,882.4212750931846,3.623762376237624
6942,1.1795615448840604,1.0179387527450392,904,1066.3236365751907,3.611764705882353
6943,1.0180832307219068,0.6709096793687915,1084,1103.6022221025469,3.6130374479889045
6944,1.9138040504999196,1.3896522743771345,1169,2237.236935034406,3.581267217630854
6945,2.315081183040462,1.8455697995162232,1072,2481.7670282193753,3.485170677112479
6946,1.9014211888708725,1.4963585716957621,1080,2053.5348839805424,3.486619333697433
6947,1.474794650337093,1.0196323704937555,1097,1617.849731419791,3.527217741935484
6948,1.0802146891971909,0.7140476315671296,971,1048.8884632104723,3.5418304323413814
6949,1.5671128128227931,1.2661903916629078,815,1277.1969424505764,3.470326409495549
6950,2.2138573092433567,1.878195049368074,979,2167.3663057492463,3.4269183922046285
6951,3.4388555483033145,2.266034200730622,962,3308.1790374677885,3.5157083580320094
6952,3.4142789210322158,2.677408273208764,1043,3561.092914636601,3.7137793531236154
6953,4.350238086821678,3.4448472683992453,1011,4398.090705776716,3.659367396593674
6954,4.543139380256948,3.876725227767297,873,3966.1606789643156,3.67498549042368
6955,4.212050058048566,3.2846081041824604,1103,4645.891214027568,3.6209859791949346
6956,6.617127945919251,5.757930527898363,1006,6656.830713594767,3.6592964824120604
6957,6.289994868272205,5.610845446851711,1005,6321.444842613566,3.7254616132167153
6958,5.636267276318339,3.1955786910489468,1171,6600.068980568775,3.694839496139781
6959,4.685420563861636,3.142172065643826,1128,5285.154396035926,3.712239050347933
6960,3.288038835468497,1.4018029682298263,1268,4169.233243374054,3.5909965371296653
6961,3.3836220515132696,1.6827114052836585,1222,4134.786146949215,3.5986509274873524
6962,3.7291630493180294,2.252175954743061,1095,4083.433539003242,3.4767504008551575
6963,3.0615305859282134,1.2980820721689583,1292,3955.4975170192515,3.6228070175438596
6964,2.1704232665607,1.631618120581658,1015,2202.9796155591107,3.5981308411214954
6965,2.175588825113167,1.6179405406191862,901,1960.2055314269635,3.723333333333333
6966,2.6178597889742674,2.0045071496499602,1000,2617.8597889742673,3.734857142857143
6967,2.5949729361403997,1.7604287889987666,1073,2784.405960478649,3.617170626349892
6968,2.0464685600361006,1.0199579693698178,1277,2613.3403511661004,3.6304176516942475
6969,2.5106720542751733,1.8384868129418521,1076,2701.4831304000863,3.620567375886525
6970,2.8671969318005535,2.2268373856413994,1015,2910.2048857775617,3.4839667458432304
6971,3.125502634411285,1.4089953850209236,1278,3994.392366777622,3.4749791492910758
6972,4.487295609276681,3.189241407417472,1085,4868.715736065199,3.455521472392638
6973,3.6653640233852096,2.6536627166615068,1076,3943.9316891624853,3.475699558173785
6974,2.3243076090459853,1.440379096051517,1115,2591.6029840862734,3.567978533094812
6975,4.660849343177132,4.305932171903455,854,3980.3653390732707,3.622750642673522
6976,4.706003914203354,3.5220992392136417,1103,5190.7223173663,3.680960548885077
6977,5.846312268447135,4.8130559711707335,1036,6056.7795101112315,3.6661911554921542
6978,4.21935568581457,3.520965686579548,1083,4569.562207737179,3.7549721559268097
6979,2.503209937274225,2.1969527935626365,812,2032.6064690666706,3.726679712981083
6980,2.461447168634227,2.1839666198326797,815,2006.0794424368953,3.7371502927781393
6981,1.493381121795341,1.0883214341680796,1013,1512.7950763786805,3.8158135283363803
6982,1.1568954551324369,0.8384504143843274,784,907.0060368238304,3.710995542347697
6983,1.1568954551324369,0.8384504143843274,784,907.0060368238304,3.710995542347697
6984,0.9908960326492378,0.7197497496624639,922,913.6061421025972,3.732234223990904
6985,1.7071696543165813,1.2864467911613229,745,1271.841392465853,3.572419774501301
6986,1.617228668720039,1.1977918570441002,745,1204.835358196429,3.572419774501301
6987,0.9912490646163679,0.7202056837683346,753,746.410545656125,3.6315352697095435
6988,0.5409251676313195,0.4109010443814009,677,366.2063384864033,3.7065317387304506
6989,0.5199941954599696,0.4092453587965435,551,286.51680169844326,3.723404255319149
6990,0.5043829327860144,0.3896030500386594,728,367.1907750682185,3.5264677574590952
6991,0.9620805900711281,0.8180733997856215,792,761.9678273363335,3.7505601194921585
6992,1.0659071639834403,0.8782116631246883,787,838.8689380549675,3.771320754716981
6993,1.130201103884995,0.95432710145918,777,878.1662577186412,3.7509607993850884
6994,1.4948249108223293,1.192135137794846,846,1264.6218745556905,3.7285911602209945
6995,1.5109695275504398,1.336936959266573,778,1175.5342924342422,3.5297249334516416
6996,0.8792081139183161,0.6994599699859974,778,684.0239126284499,3.5297249334516416
6997,0.8784555690840626,0.7221111147278558,701,615.7973539279279,3.5951882845188283
6998,0.7698976719699183,0.676128652196305,702,540.4681657228826,3.592476489028213
6999,0.4733499369137244,0.3796704107161948,865,409.4476954303716,3.768068331143233
7000,0.2324563506006848,0.1688816227013211,653,151.7939969422472,3.6751054852320677
7001,0.5060743812909607,0.4367850855787897,756,382.5922322559663,4.080992815153494
7002,0.5791436706349429,0.5194706856864719,762,441.3074770238265,3.966113914924297
7003,0.7338577424823161,0.6606838182006456,776,569.4736081662772,4.128974205158968
7004,0.9864887907065314,0.7742908015147495,776,765.5153015882684,4.128974205158968
7005,1.0394469487540523,0.818167518486402,747,776.466870719277,4.145080946450809
7006,0.8872691574811555,0.6198182421152734,854,757.7278604889068,4.121212121212121
7007,0.6880013865048016,0.4459967865122146,913,628.1452658788838,4.146718146718147
7008,0.3407054435537647,0.21935536593601823,976,332.52851290847434,4.0691772410970115
7009,0.31407787034658124,0.1939366300857193,989,310.62301377276884,4.097211755840241
7010,0.33382276798065974,0.2441308773523451,855,285.4184666234641,3.909641873278237
7011,0.35731352570018005,0.2745428664009818,810,289.42395581714584,3.875226039783002
7012,0.33811912044421644,0.2540363367079538,772,261.0279609829351,3.949413942011104
7013,0.33641034815251836,0.2500325150098078,742,249.61647832916861,3.7678300455235205
7014,0.2384892148775723,0.1662413462418348,781,186.26007681938395,4.049526989426822
7015,0.1919286163866886,0.1371374168798237,697,133.77424562152194,4.089460784313726
7016,0.2102441861137534,0.142793789542559,744,156.42167446863252,4.145364783324191
7017,0.1595108768134682,0.08899184587886105,916,146.11196316113688,3.9075268817204303
7018,0.17396463861407024,0.1012971025137708,838,145.78236715859086,3.7942464040025015
7019,0.2391585666568441,0.1745094809210781,753,180.0864006926036,3.820109439124487
7020,0.2726381541276972,0.2059460197854064,709,193.3004512765373,3.865606936416185
7021,0.2948131934217639,0.2232680644376615,698,205.7796090083912,3.8554307116104867
7022,0.33971371695339375,0.2315188714529073,611,207.5650810585236,3.7942631058358063
7023,0.7808399210354494,0.6002296341223299,684,534.0945059882474,3.7463235294117645
7024,1.1458422917575883,0.7736890411233812,691,791.7770236044935,3.8356614626129826
7025,1.6447290330377218,1.4220141802575403,808,1328.9410586944791,3.7738343771746696
7026,2.0591996310880663,1.6832996929913513,766,1577.3469174134586,3.6469135802469137
7027,1.831601030674005,1.547041672079444,809,1481.76523381527,3.64429012345679
7028,1.239710386923533,0.9650511536971552,753,933.5019213534205,3.7632999228989976
7029,1.2571230727485345,1.0167522595344254,739,929.0139507611669,3.7167630057803467
7030,1.0607934557188323,0.8891910390369013,739,783.9263637762172,3.729707792207792
7031,0.7825273982567442,0.6372285640107586,723,565.7673089396261,3.7277960526315788
7032,1.1311348428398467,0.9458160546912485,844,954.6778073568306,3.8045454545454547
7033,1.6813829717382804,1.3528588847016132,816,1372.0085049384368,3.8132975151108126
7034,1.7100079987402557,1.32908473716902,777,1328.6762150211787,3.7883597883597884
7035,1.4900687964377377,1.1322378670365754,918,1367.8831551298433,3.7386698057680987
7036,1.480854722171719,1.1238507160745204,896,1326.8458310658602,3.7339449541284404
7037,1.5394748785346621,1.1890456350246887,849,1307.0141718759282,3.7302416721097322
7038,1.4227063098291712,1.0678150995173052,964,1371.488882675321,3.6282987085906795
7039,1.7554174409419532,1.3724592302565315,836,1467.528980627473,3.614923384410393
7040,1.8848169326471973,1.4687508775722646,955,1800.0001706780733,3.6664943123061016
7041,2.757612936124662,2.099572522258674,929,2561.822417659811,3.6384149697303245
7042,1.8636152552171599,1.6155414067935374,960,1789.0706450084735,3.63031914893617
7043,2.1820721247304418,1.98364127487368,832,1815.4840077757276,3.544172234595397
7044,1.8219729386685104,1.2989685345005522,1108,2018.7460160447094,3.579573624194348
7045,2.2086309451710986,1.7435894400957874,1085,2396.3645755106418,3.5600206079340544
7046,2.441795000142559,2.05834429326865,1000,2441.795000142559,3.496672716273442
7047,1.5899588943788185,1.2828251839789686,1068,1698.0760991965783,3.5681233933161955
7048,0.8175740591515519,0.5451615802759058,1016,830.6552440979767,3.666830225711482
7049,0.8916651234500114,0.6764564469081573,833,742.7570478338595,3.5508474576271185
7050,1.776287262237759,1.3791170446138517,842,1495.633874804193,3.549088359046283
7051,2.147431314475295,1.7832978289850425,862,1851.0857930777042,3.546821599453178
7052,2.241136552126843,1.61867074897184,666,1492.5969437164774,3.7566096423017106
7053,1.4882516869825608,1.1131818778832572,803,1195.0661046469963,3.6439972241498957
7054,2.1683895444421526,1.7385629644739964,905,1962.392537720148,3.679558011049724
7055,3.5149552562853206,2.319897858782241,1114,3915.660155501847,3.7050147492625367
7056,7.744256579574903,5.482194874251691,1095,8479.960954634518,3.577578051087985
7057,5.707715896595782,5.243696880910078,986,5627.807874043441,3.597381342062193
7058,5.427668281861897,3.9128385886876376,1121,6084.416143967186,3.5946568401658223
7059,7.186529270444501,6.392959386051516,890,6396.011050695605,3.4948096885813147
7060,3.899087891393322,1.7274971029822968,1268,4944.043446286732,3.59272030651341
7061,4.000142159419952,2.466053088750325,1078,4312.153247854709,3.437431991294886
7062,4.422674103814747,3.1889933027383752,977,4320.952599427008,3.4646017699115044
7063,4.005060981036735,2.4130921128070937,1141,4569.774579362915,3.6539013882240305
7064,5.020840133798267,3.670339515858776,932,4679.4230046999855,3.6901226597805037
7065,3.084902417696784,2.56153582782279,985,3038.628881431332,3.715461493239271
7066,3.2724335654165,2.3597771664396876,990,3239.7092297623353,3.739941690962099
7067,2.2699513098699127,1.3326727899684392,1181,2680.812496956367,3.665329768270945
7068,1.6728163685764779,0.9408821710747188,1231,2059.236949717644,3.642326732673267
7069,1.936984381743939,1.3602974775368128,1104,2138.4307574453087,3.6051986267778324
7070,2.0833072057013258,1.417826916592865,1020,2124.9733498153523,3.4735905044510385
7071,3.6265615142634764,2.576107604918581,985,3572.1630915495243,3.576946658491723
7072,4.520909499196799,3.699758348221639,914,4132.111282265874,3.5343915343915344
7073,3.5353447892681205,2.9869282081546844,928,3280.799964440816,3.5513054037644203
7074,2.923023559565183,2.418930732858475,831,2429.032577998667,3.5396825396825395
7075,3.3305483471067956,2.2826353019179,1130,3763.519632230679,3.6631450629825273
7076,5.264809183950009,3.633873873735767,1103,5807.08452989686,3.680960548885077
7077,5.929507489022765,5.241035211468423,1013,6006.591086380061,3.619406737053796
7078,4.1621819005938425,3.485797902160176,1083,4507.642998343132,3.7549721559268097
7079,2.503209937274225,2.1969527935626365,812,2032.6064690666706,3.726679712981083
7080,2.3903388356756397,2.1368485788881904,815,1948.1261510756462,3.7371502927781393
7081,1.6657716448102153,0.9973564647355194,941,1567.4911177664126,3.8746928746928746
7082,1.1633525527213482,0.89241227345077,841,978.3794968386538,3.694406548431105
7083,1.1568954551324369,0.8384504143843274,784,907.0060368238304,3.710995542347697
7084,1.9924726993454929,1.4412798050277853,922,1837.0598287965445,3.732234223990904
7085,4.021029803584701,2.969424313885601,745,2995.6672036706022,3.572419774501301
7086,3.6016720015106505,2.685310895456246,745,2683.2456411254348,3.572419774501301
7087,0.9407843995188501,0.6870598915970901,753,708.4106528376941,3.6315352697095435
7088,0.5877728948490937,0.4297076267369654,551,323.86286506185064,3.723404255319149
7089,0.788446902699012,0.6110488447807008,551,434.4342433871556,3.723404255319149
7090,0.6857872632570144,0.4828570041121021,677,464.2779772249988,3.805678793256433
7091,0.9759791319935595,0.7281710274463026,721,703.6809541673564,3.767719897523484
7092,1.151653646462416,0.8981970424251595,653,752.0298311399577,3.786917740336967
7093,1.1272203481117387,0.8685593758812632,653,736.0748873169654,3.786917740336967
7094,0.9237038735174887,0.785030314011559,777,717.7179097230887,3.8424710424710424
7095,0.9849574446033859,0.8206947766368564,635,625.44797732315,3.630281690140845
7096,0.9849574446033859,0.8206947766368564,635,625.44797732315,3.630281690140845
7097,0.9849574446033856,0.8206947766368564,635,625.4479773231499,3.630281690140845
7098,0.9849574446033859,0.8206947766368564,635,625.44797732315,3.630281690140845
7099,0.8656487046845495,0.6976077742708764,689,596.4319575276546,3.723968565815324
7100,0.2814581174495737,0.2221001077419206,689,193.9246429227563,3.723968565815324
7101,0.42300975489294507,0.3130561488176421,769,325.29450151267474,4.075941289087428
7102,0.7114553886822543,0.5983316334634616,846,601.8912588251872,4.155578300921188
7103,0.7473499709177349,0.5399749054383081,851,635.9948252509924,4.155521783181357
7104,1.0394469487540523,0.818167518486402,747,776.466870719277,4.145080946450809
7105,1.0394469487540523,0.818167518486402,747,776.466870719277,4.145080946450809
7106,0.8813386829610343,0.6163689846431015,854,752.6632352487234,4.121212121212121
7107,0.5709479518579627,0.3706920414902266,913,521.2754800463199,4.146718146718147
7108,0.4130264635391599,0.298147676468971,865,357.2678909613733,4.060814124570868
7109,0.38247191216997917,0.2959143312464194,767,293.355956634374,3.9052102950408036
7110,0.38247191216997917,0.2959143312464194,767,293.355956634374,3.9052102950408036
7111,0.38232191651569497,0.2765305301288507,897,342.9427591145784,3.8530857454942655
7112,0.3278315972339269,0.24938504194519223,772,253.08599306459158,3.949413942011104
7113,0.30615799027404966,0.2418377469727023,819,250.74339403444668,3.7237762237762237
7114,0.24253357076810828,0.1703276998424609,771,186.99338306221148,4.042213348545351
7115,0.2473326189008386,0.1504646213687884,585,144.6895820569906,4.146520146520147
7116,0.18685005003778726,0.1276278907510735,727,135.83998637747135,4.126634958382877
7117,0.5363383984399229,0.3590579654128223,715,383.4819548845449,3.9497245179063363
7118,0.40898813344290225,0.28850288538128266,808,330.46241182186503,3.9415472779369627
7119,0.28697366636354427,0.1991285399298809,808,231.87472242174377,3.9803038829487902
7120,0.3059743854894789,0.20327489552129574,768,234.98832805591982,3.935912938331318
7121,0.31903615651557926,0.221718152453545,682,217.58265874362507,3.8990825688073394
7122,0.378771359231773,0.2893985893161342,684,259.07960971453275,3.7463235294117645
7123,1.1168668411992915,0.7576613539546244,684,763.9369193803154,3.7463235294117645
7124,1.1904259971481554,0.8098337191022211,666,792.8237141006715,3.727185398655139
7125,1.6244244329965112,1.4102577653895934,789,1281.6708776342473,3.6687747035573124
7126,2.0591996310880663,1.6832996929913513,766,1577.3469174134586,3.6469135802469137
7127,1.913211310361706,1.586526593263135,809,1547.7879500826202,3.64429012345679
7128,1.239710386923533,0.9650511536971552,753,933.5019213534205,3.7632999228989976
7129,1.3658372402982635,1.1135535621408088,681,930.1351606431174,3.6554379210779597
7130,1.147355138134675,0.9514656420518396,744,853.6322227721981,3.7201309328968906
7131,1.0250556292779474,0.8315978897990615,781,800.5684464660769,3.7037605525709902
7132,0.9329610799195287,0.7263059020411722,860,802.3465287307947,3.819693094629156
7133,1.1818320254016337,0.9831515148166766,834,985.6479091849625,3.843892880470281
7134,0.9272220225779045,0.7041630829921689,880,815.955379868556,3.8323765786452353
7135,0.7254254366544629,0.4931368518235266,972,705.1135244281379,3.764131551901336
7136,0.8922288429513986,0.5220167878106435,1150,1026.0631693941084,3.729718711781492
7137,0.9008779710732605,0.5671110304357753,1116,1005.3798157177587,3.647925033467202
7138,1.1888054055775963,0.6609517388397357,1134,1348.1053299249943,3.6864406779661016
7139,1.333336155349609,0.9319972490122034,1000,1333.336155349609,3.6537688442211054
7140,1.741659608660804,1.313946645352591,1050,1828.7425890938443,3.675090252707581
7141,2.4462264175458923,1.7099889547887932,960,2348.3773608440565,3.615343057806591
7142,2.0450438835933853,1.6223060195194536,960,1963.24212824965,3.615343057806591
7143,2.350657753795063,2.09335477620831,832,1955.7472511574924,3.5251908396946563
7144,2.460911602657464,2.1375756754963664,765,1882.5973760329598,3.511111111111111
7145,1.7372045376104606,1.2560043341222231,1128,1959.5667184245995,3.623725671918443
7146,1.5346409284402267,1.2783889267020765,1048,1608.3036930053577,3.593699946609717
7147,0.98007035107266,0.8074580803067869,1062,1040.834712839165,3.6046753246753247
7148,0.6018454959717866,0.4601153209989052,811,488.0966972331189,3.6995175740868365
7149,0.9121593173849019,0.0184556360015289,627,571.9238920003335,3.806327900287632
7150,1.6096194005019013,0.3021938604291938,471,758.1307376363956,3.8732718894009217
7151,0.15333670414057024,0.0059384408330618,664,101.81557154933864,3.5992613111726683
7152,0.47843899061863754,0.1348259333764802,658,314.8128558270635,3.7850038255547056
7153,1.0176790355997967,0.88758657369185,372,378.5766012431244,4.1009081735620585
7154,1.7016127765265951,1.3852600402170334,796,1354.4837701151698,3.6034236804564905
7155,3.7582191917314143,3.232770310683129,921,3461.3198755846324,3.6038394415357766
7156,3.092336349517819,2.3405701559690035,1078,3333.538584780209,3.5503159941662616
7157,3.6547767864458502,2.786027189631393,905,3307.5729917334943,3.542257865515114
7158,2.9389693800857026,1.964152950009827,1128,3315.1574607366724,3.576120727918331
7159,5.118059505811282,3.594166906386245,916,4688.142507323135,3.4973856209150327
7160,2.3306834648280317,1.37608746395248,1100,2563.751811310835,3.5563009103977
7161,2.766450867123124,1.4328616355806618,1179,3261.645572338163,3.520035226772347
7162,3.138941386013983,1.8851379738056848,1135,3562.698473125871,3.605156037991859
7163,6.655513962043878,2.0629646843553804,1308,8705.412262353393,3.657068062827225
7164,9.209976081579395,6.118014317550204,1075,9900.724287697849,3.686868686868687
7165,3.6308796949422466,2.355541213826832,1147,4164.619010098757,3.706417842512517
7166,2.9178224251154243,1.949931418744434,989,2885.726378439155,3.770611329220415
7167,1.81387997007728,1.3587512246856264,978,1773.97461073558,3.764904386951631
7168,1.6627325161323963,1.3911919655869411,814,1353.4642681317705,3.6375579598145285
7169,1.33523318487941,0.9108346663563174,1035,1381.9663463501893,3.5490304709141274
7170,1.7459087133216202,1.343848358035514,876,1529.4160328697394,3.688135593220339
7171,1.8276494594962613,1.1784816951494093,1052,1922.687231390067,3.684626791893228
7172,3.179919201002992,2.279691664103772,871,2769.709624073606,3.5285714285714285
7173,4.345882015901463,3.512477743397264,777,3376.7503263554363,3.579514824797844
7174,3.7751365802660293,3.2999384295027863,879,3318.3450540538397,3.5627970128988458
7175,3.9185096729559983,3.1936473940684333,1088,4263.338524176126,3.663122075712463
7176,4.337759155177943,2.550890082138509,1179,5114.218043954795,3.681732580037665
7177,4.0899027505230965,2.2555026232227173,1181,4830.175148367777,3.6812194203989463
7178,2.7337146962851744,0.9453611626785157,1242,3395.2736527861866,3.746806419914838
7179,2.725232332196354,2.412823291785706,1048,2856.043484141779,3.7420986093552466
7180,2.534607866647045,1.6555666756693062,1126,2853.9684578445726,3.7538175046554936
7181,1.6860839587891994,1.1451076288267406,1079,1819.284591533546,3.82807570977918
7182,1.4957013937193564,1.0942676407998655,951,1422.412025427108,3.6686913307564883
7183,1.2534588392373918,0.9042009558950042,1017,1274.7676395044275,3.691658391261172
7184,1.1184894363533884,0.7649533349615414,1002,1120.7264152260952,3.728643216080402
7185,1.3969368955523387,0.9956481352421492,803,1121.740327128528,3.583141762452107
7186,1.7494770220690647,1.3365346072167594,803,1404.830048721459,3.583141762452107
7187,0.689449009451715,0.5054471098545081,840,579.1371679394406,3.6561643835616437
7188,0.7200566990953191,0.4762259389286978,551,396.7512412015208,3.723404255319149
7189,0.7886701590944963,0.6114889674065034,551,434.55725766106747,3.723404255319149
7190,0.68751733346345,0.4907809915269142,721,495.6999974271475,3.767719897523484
7191,1.1091537001730585,0.8710541493016266,677,750.8970550171606,3.786778398510242
7192,1.151653646462416,0.8981970424251595,653,752.0298311399577,3.786917740336967
7193,1.1391941625293538,0.8848601041456597,653,743.8937881316681,3.786917740336967
7194,1.0211963571884897,0.8809630799143223,777,793.4695695354565,3.8424710424710424
7195,1.006585849451909,0.8490270406141998,698,702.5969229174326,3.702191235059761
7196,0.9849574446033856,0.8206947766368564,635,625.4479773231499,3.630281690140845
7197,0.9849574446033859,0.8206947766368564,635,625.44797732315,3.630281690140845
7198,0.9849574446033859,0.8206947766368564,635,625.44797732315,3.630281690140845
7199,0.8388312836890364,0.6726416963579025,716,600.60319912135,3.5359056806002145
7200,0.3632182402879323,0.2858544771798507,787,285.85275510660273,3.748803827751196
7201,0.3592637796405314,0.2408712345648985,851,305.73347647409224,4.028686173264487
7202,0.7345070353639949,0.5900610819318636,851,625.0654870947596,4.155521783181357
7203,0.8138666540582651,0.6015573501653841,829,674.6954562143018,4.16251298026999
7204,0.8820115477131916,0.648759747434499,829,731.1875730542358,4.16251298026999
7205,0.8996790257166439,0.6544830633388627,836,752.1316654991143,4.18555667001003
7206,0.7603034500093683,0.4928757112935756,913,694.1570498585533,4.146718146718147
7207,0.45235913080338347,0.287778835462778,913,413.0038864234891,4.146718146718147
7208,0.35865131000643924,0.2589674793495637,865,310.2333831555699,4.060814124570868
7209,0.36633736674016887,0.2827847420289196,802,293.80256812561544,3.8753086419753084
7210,0.3737675173044356,0.2817334354865362,897,335.2694630220787,3.846368715083799
7211,0.7230894072113199,0.5445968076737736,911,658.7344499695124,3.859366612989801
7212,0.3499983921155481,0.2614413752127312,855,299.24862525879365,3.7136212624584717
7213,0.3060737088264924,0.2443772020657038,819,250.67436752889725,3.7237762237762237
7214,0.2406238588104089,0.1696233467842508,771,185.52099514282526,4.042213348545351
7215,0.3098376388657382,0.2633691905805262,470,145.62369026689694,4.308848080133556
7216,0.21544984510315388,0.1519355847039559,727,156.63203738999286,4.126634958382877
7217,0.48396859685621163,0.3522470890223272,817,395.4023436315249,3.823490813648294
7218,0.5769160193157465,0.385685858140426,674,388.84139701881315,3.928735632183908
7219,0.47182540363944747,0.3368300233650531,779,367.5519894351296,3.956085319949812
7220,0.5469084296421162,0.3622997619119589,654,357.678112985944,3.873310810810811
7221,0.4934976609836701,0.2856363667737721,716,353.34432526430777,3.89349535382416
7222,0.5615481675797529,0.4056761470466298,763,428.4612518633515,3.874914089347079
7223,1.3405581462954197,1.0400644036438447,872,1168.966703569606,3.8033775633293123
7224,1.7184420135228113,1.4992876128872212,806,1385.064262899386,3.676003028009084
7225,1.5931112448367277,1.463918405816055,916,1459.2899002704426,3.6974080771549125
7226,1.9253998319115897,1.636365448524927,907,1746.337647543812,3.6255506607929515
7227,2.1312227480694617,1.7329700445270801,886,1888.263354789543,3.6679712981082844
7228,1.3905756701237029,1.1449248666008187,870,1209.8008330076216,3.7631909547738696
7229,1.0644814845246198,0.7789140442114977,714,760.0397799505785,3.651777575205105
7230,0.8809631597674871,0.6176208674012925,720,634.2934750325907,3.6346830985915495
7231,0.5860969836203223,0.3880062183964571,819,480.0134295850439,3.6879026485325697
7232,0.8348219793937636,0.6816221642055942,747,623.6120186071414,3.757645259938838
7233,0.9311697916268726,0.7715071134353941,702,653.6811937220646,3.661467889908257
7234,0.8324175379532794,0.6628452020201617,776,645.9560094517449,3.6755117513267628
7235,0.9074708348485382,0.734337641125439,709,643.3968219076136,3.6288288288288286
7236,0.8793034004542906,0.6349854630134533,988,868.7517596488391,3.5953436807095343
7237,1.013096401240613,0.7323191816724264,1053,1066.7905105063655,3.6359223300970873
7238,0.986154213445736,0.6211724579839006,1128,1112.3819527667902,3.6503496503496504
7239,2.1129637472195957,1.2072836542744723,1180,2493.2972217191227,3.710144927536232
7240,4.841094631766059,2.1488774338004086,1228,5944.8642078087205,3.7179135209334246
7241,3.1820359309277446,2.6063890430512124,1069,3401.596410161759,3.664802065404475
7242,2.306475467200838,1.8637365995088893,865,1995.1012791287249,3.5976331360946747
7243,2.270059664993407,1.8907899236110557,874,1984.0321472042376,3.589567604667124
7244,1.9264349618614645,1.4681418747731207,982,1891.7591325479582,3.629295774647887
7245,1.5614802213010615,1.2910188346418292,815,1272.6063803603652,3.6281112737920935
7246,1.6031285683458572,1.1965134778918032,673,1078.905526496762,3.611788617886179
7247,1.2871844141827153,1.1106441299848118,700,901.0290899279007,3.5982575024201355
7248,1.1206292567000904,0.8546524842097372,681,763.1485238127615,3.60481444332999
7249,0.8974884223693252,0.4737027735803042,742,665.9364093980394,3.7385677308024157
7250,0.7061480359988885,0.0931650676075515,629,444.16711464330086,3.7532894736842106
7251,0.39696264179706636,0.1347826922729801,273,108.37080121059911,4.181720430107527
7252,0.8311888196615664,0.6117744595508329,311,258.49972291474717,4.16323165704864
7253,0.5763039518832604,0.0169426523254822,726,418.3966690672471,3.7539118065433854
7254,2.3655285571480618,1.7271660415408798,891,2107.685944418923,3.5459807073954983
7255,6.177505421085087,5.117222100524273,911,5627.707438608514,3.63316002310803
7256,3.270995427572939,2.9518713764704065,920,3009.3157933671037,3.49936628643853
7257,3.429983916515641,2.65204977783032,889,3049.255701782405,3.479571332886805
7258,2.329239711727706,1.6207502120938462,896,2086.9987817080246,3.5054945054945055
7259,2.7875118178648877,2.1357304214011865,675,1881.5704770587993,3.462295081967213
7260,2.4017622095420714,1.8780623704801604,765,1837.3480902996846,3.607142857142857
7261,3.124979972775907,2.7758180507344705,778,2431.2344188196557,3.6289409862570734
7262,3.069879980460751,2.7564009775330476,848,2603.258223430717,3.6594153636981646
7263,5.841328544865517,4.981144346410298,973,5683.612674154148,3.641188959660297
7264,6.827499834080861,5.78848054117106,907,6192.542349511341,3.5872917951881553
7265,3.2014833931897697,2.8917112105418417,912,2919.75285458907,3.6138186304750155
7266,2.261897423240748,1.7153474809807943,834,1886.4224509827839,3.6397889977392617
7267,1.5201154020087784,1.2149993903620342,856,1301.2187841195143,3.582966226138032
7268,1.5906975834818977,1.2917063831899398,856,1361.6371314605044,3.582966226138032
7269,1.6769203815576894,1.4616928184849964,874,1465.6284134814205,3.5577342047930283
7270,2.119162051141513,1.7396009639385108,957,2028.038082942428,3.672491544532131
7271,4.335739896621627,2.684865570988271,1107,4799.664065560141,3.7357904085257547
7272,4.384143245991027,3.797951778247048,867,3801.05219427422,3.704719387755102
7273,3.243817152937597,2.6111934957852645,793,2572.3470022795145,3.5834738617200674
7274,3.1510354074209057,2.4067916731604546,852,2684.6821671226116,3.590665646518745
7275,2.515037749430615,1.8708136147645928,1025,2577.91369316638,3.6712393566698203
7276,1.782308305769218,1.271967133763102,1178,2099.5591841961386,3.710960960960961
7277,2.6754531812137383,2.4026547179420223,945,2528.3032562469825,3.619047619047619
7278,3.1762743978645527,2.9715861241982218,937,2976.169110799086,3.645983379501385
7279,3.8842020848478307,3.300894394671669,957,3717.181395199374,3.655154091392136
7280,2.828658523647951,2.2708008560642514,1026,2902.2036452627976,3.6452513966480447
7281,1.6392099763381045,1.368502707412599,883,1447.4224091065462,3.529561347743166
7282,2.134810908433336,1.726660191029532,777,1658.748075852702,3.4819566960705695
7283,2.018755380502125,1.60756890640793,872,1760.3546917978529,3.6186915887850466
7284,4.258019105258823,3.227304789729,743,3163.7081952073054,3.602448979591837
7285,1.7520014181996615,1.4163011591107146,743,1301.7370537223485,3.602448979591837
7286,1.311636560701427,0.9657008729953878,696,912.8990462481933,3.6173076923076923
7287,1.1327887858182533,0.8758000799201664,757,857.5211108644178,3.6279264214046822
7288,0.8044373503960991,0.6240991721650263,551,443.2449800682506,3.723404255319149
7289,0.8044373503960991,0.6240991721650263,551,443.2449800682506,3.723404255319149
7290,0.792498574769198,0.5688027755434447,842,667.2837999556648,3.8674404398289552
7291,1.151653646462416,0.8981970424251595,653,752.0298311399577,3.786917740336967
7292,1.151653646462416,0.8981970424251595,653,752.0298311399577,3.786917740336967
7293,0.9998073884318573,0.7972381664256976,742,741.8570822164381,3.8211314475873546
7294,0.969395528325024,0.7559469021278105,813,788.1185645282445,3.7968157695223654
7295,0.8620402228594682,0.6729812189355563,788,679.287695613261,3.6347517730496453
7296,0.8161385854026127,0.6898767206909449,759,619.4491863205831,3.633644859813084
7297,0.703975739330074,0.5711568116787471,716,504.046629360333,3.5359056806002145
7298,0.7231374484450707,0.6002319108068825,716,517.7664130866706,3.5359056806002145
7299,0.5801534276672469,0.4498153194435741,799,463.5425887061303,3.605769230769231
7300,0.4003983333752898,0.3122361274156352,842,337.135396701994,3.746217331499312
7301,0.4493160688027358,0.2985117119567227,891,400.3406173032376,4.028616024973985
7302,0.5535460729981259,0.32117138636603043,1022,565.7240866040846,4.026762956669499
7303,0.5382778543956294,0.3408624580949351,988,531.8185201428818,3.9514150943396227
7304,0.6200360175056283,0.4395663251996715,857,531.3708670023235,4.107030430220357
7305,0.9473446489212616,0.6299901384116531,919,870.6097323586393,4.111459265890779
7306,1.910597860507649,1.0050996216403112,937,1790.230195295667,4.144578313253012
7307,1.2690795222396312,0.6944563188074252,893,1133.2880133599906,4.065002355157795
7308,0.4607726228649346,0.356210835206452,862,397.18600090957364,3.8914285714285715
7309,0.5283699938110409,0.3810557019693454,895,472.89114446088155,4.0517737296260785
7310,0.6345338601108661,0.5039746300592797,905,574.2531434003338,3.867430441898527
7311,0.763386100993672,0.6063670043315874,888,677.8868576823808,3.8612359550561797
7312,0.5056976086308139,0.3921909057705301,896,453.1050573332093,3.8797364085667216
7313,0.41490760420107226,0.3264845420059349,840,348.5223875289007,3.702445652173913
7314,0.21383561341393179,0.1533449129031054,771,164.8672579421414,4.042213348545351
7315,0.3098376388657382,0.2633691905805262,470,145.62369026689694,4.308848080133556
7316,0.24714371372669935,0.1563417244375576,794,196.2321086989993,4.060179977502812
7317,1.0798379871044133,0.78034791421517,827,893.0260153353498,4.041371801850843
7318,1.1133828590213992,0.8641979047815792,791,880.6858414859269,3.7945492662473796
7319,0.924176119237301,0.7173416833420622,772,713.4639640511964,3.9409120102761723
7320,0.6807582154871038,0.4820427531948266,737,501.71880481399546,3.951101928374656
7321,0.8942171767343112,0.6224700146083788,481,430.1184620092037,4.051881993896236
7322,0.8942171767343112,0.6224700146083788,481,430.1184620092037,4.051881993896236
7323,1.2945138376285419,1.1120656330273653,781,1011.0153071878913,3.732142857142857
7324,2.5261998994591233,2.1788498235527523,705,1780.9709291186819,3.528700906344411
7325,2.3391944078798916,2.096289247969761,769,1798.8404996596366,3.5584745762711862
7326,2.405467401794812,2.059404599213269,779,1873.8591059981586,3.4761077324066028
7327,2.7378160983480364,2.2292796767346696,689,1886.3552917617972,3.5764362220058423
7328,1.464574696096855,1.134843505604502,757,1108.6830449453194,3.6069651741293534
7329,0.9928267573920114,0.6282392319166451,586,581.7964798317187,3.5908584169453737
7330,0.5878024141479317,0.4494134938828346,586,344.452214690688,3.5908584169453737
7331,0.27352782316512186,0.1520743950423689,722,197.48708832521797,3.6730608840700585
7332,0.5240486015040375,0.4017274393704958,729,382.03143049644336,3.694194603434178
7333,0.7966708536876714,0.6177844069833397,607,483.57920818841654,3.6739380022962114
7334,0.7848056079732724,0.6111665045704529,720,565.0600377407561,3.6362038664323375
7335,0.655089081188113,0.434126121612889,988,647.2280122138557,3.5953436807095343
7336,0.9689468306395769,0.7006599215493912,988,957.319468671902,3.5953436807095343
7337,1.0032985561609078,0.7297792868943632,939,942.0973442350924,3.5410513880685173
7338,1.2058792145989048,0.8933240984969388,1069,1289.084880406229,3.5817641228939543
7339,2.681339207889225,1.7366380526910337,1123,3011.1439304595997,3.6376491383119753
7340,3.25675189795624,2.813706230065663,1025,3338.170695405146,3.623889437314906
7341,2.431489587689245,1.9950350835940274,868,2110.5329621142646,3.664437689969605
7342,2.5755946084058676,2.17261625698992,1019,2624.530905965579,3.6504226752859275
7343,3.4964216011032465,2.8014338150036613,1036,3622.2927787429635,3.678799803246434
7344,3.3805142348040924,2.9279911472490907,1002,3387.2752632737006,3.7158746208291205
7345,1.7728105832291252,1.5957954832164711,767,1359.745717336739,3.680497925311203
7346,1.536957684982085,1.1748850270568685,710,1091.2399563372803,3.6200956937799043
7347,1.1584989097393188,0.937314880128256,700,810.9492368175231,3.5982575024201355
7348,1.1699164664240838,0.9303459532120296,656,767.465201974199,3.6179196704428422
7349,1.2942377623182002,1.0672454902640287,715,925.3800000575131,3.974731522425774
7350,1.2109935019483027,0.9775519654767362,592,716.9081531533952,4.024462564862861
7351,0.49231444722481726,0.2544267461049564,624,307.204215068286,3.870937790157846
7352,0.8871257593475287,0.500939174576296,277,245.73383533926545,4.2270408163265305
7353,1.6487253106674458,1.142463429001203,742,1223.3541805152447,3.851807228915663
7354,3.0769524707430915,2.366688500422611,811,2495.408453772647,3.8505448884276077
7355,4.246358626878271,3.779416681707759,858,3643.375701861556,3.734375
7356,2.3533845786911884,2.0737868889429083,907,2134.519812872908,3.643258426966292
7357,1.7248950066819,1.3627966260630715,921,1588.62830115403,3.5088495575221237
7358,4.036403771842718,2.8787841834224333,774,3124.1765194062637,3.5017482517482517
7359,2.556765904508374,1.8881777728785891,790,2019.8450645616156,3.4948979591836733
7360,2.665275103747626,2.164152194596418,799,2129.554807894353,3.6576779026217228
7361,3.2494017637557095,2.827754529945156,796,2586.523803949545,3.639225181598063
7362,3.531138494792635,3.2572900744741258,732,2584.793378188209,3.6
7363,2.8262693000213965,2.613994651334415,884,2498.4220612189147,3.664807930607187
7364,3.778957956347215,2.8686328513142305,810,3060.955944641244,3.5702416918429005
7365,3.0167732664333817,2.5107768942107924,904,2727.163032855777,3.5040485829959516
7366,2.831325444412651,2.2988047526093713,930,2633.1326633037656,3.6510480887792847
7367,1.8957941561269902,1.5264448399762611,941,1783.9423009154978,3.5936305732484075
7368,1.4957120791459093,1.1877490022651709,942,1408.9607785554465,3.569515306122449
7369,1.875977260524793,1.3677493417028836,981,1840.333692574822,3.637990762124711
7370,2.435734248033629,1.7040531035590858,866,2109.3458587971227,3.652949245541838
7371,4.490124691210657,4.011685533035613,904,4059.0727208544345,3.561023622047244
7372,4.351253592498647,4.023998858259198,938,4081.4758697637308,3.6956769055745164
7373,2.5010417573771586,2.022073805329699,879,2198.4157047345225,3.5796178343949046
7374,2.3016243699015178,1.7278374227321411,812,1868.9189883600325,3.6219110378912687
7375,1.812655556846443,1.349748358519405,758,1373.9929120896038,3.576620825147348
7376,1.6043296820481583,1.460345404040238,1001,1605.9340117302065,3.696196196196196
7377,2.5001929641691785,1.9930323882003216,919,2297.677334071475,3.6455981941309257
7378,2.692433001897118,2.405263873279779,974,2622.429743847793,3.6760491299897646
7379,3.2376117830434645,2.855875790857082,961,3111.344923504769,3.671197072660742
7380,1.8701760089945398,1.5189205417528184,1005,1879.5268890395125,3.6833565136764026
7381,1.7874241771428852,1.5779477621114768,775,1385.253737285736,3.47809667673716
7382,1.5845408077346577,1.2174366485637702,945,1497.3910633092514,3.5482695810564664
7383,1.5927391985054673,1.199697224396851,987,1572.0335889248963,3.6285408872260825
7384,2.677691808582032,1.9909854146025412,874,2340.302640700696,3.6195219123505975
7385,1.9704843187461436,1.3266893746944124,905,1783.28830846526,3.6775956284153004
7386,1.1325187439514786,0.7589349258228398,675,764.450152167248,3.651
7387,0.9517440458739759,0.5519682830040219,801,762.3469807450547,3.7586685159500695
7388,0.9414475131028177,0.7552902153108246,839,789.8744634932641,3.7884615384615383
7389,2.2244138011278953,1.8103922749762962,822,1828.4681445271299,3.748965517241379
7390,3.1092990748783604,2.533739755005995,842,2618.0298210475794,3.8674404398289552
7391,2.7774987247949126,2.271262926618254,815,2263.6614607078536,3.8505291005291005
7392,2.009284801785754,1.573255815164429,852,1711.9106511214623,3.8974514563106797
7393,1.650331450791498,1.2292205263018503,755,1246.0002453475809,3.8034257748776508
7394,1.2921386120217706,0.98902050751703,739,954.8904342840884,3.5788423153692617
7395,0.8430124409664199,0.6449014454886862,712,600.224857968091,3.549019607843137
7396,0.7878370341556801,0.5892750394245175,769,605.846679265718,3.6766467065868262
7397,0.5026271163772446,0.4118287243337923,801,402.6043202181729,3.6685855263157894
7398,0.5301291865722311,0.4126925940711396,775,410.8501195934791,3.567912488605287
7399,0.4774969583389468,0.3500649635416247,821,392.0250027962753,3.6727969348659
7400,0.46341665179434716,0.3734356147719151,818,379.07482116777595,3.70546875
7401,0.41534608539168255,0.27808859687652315,950,394.5787811220984,3.991083998122947
7402,0.5094460054498026,0.2791547782538117,1085,552.7489159130358,3.973856209150327
7403,0.6321296429266378,0.4535144416503797,885,559.4347339900744,3.9607083563918097
7404,0.66303068054984,0.4773827096353541,812,538.3809126064701,3.967948717948718
7405,0.8172394192703092,0.6011926485552407,781,638.2639864501115,3.9635135135135133
7406,1.7480787018945252,0.980105892625819,873,1526.0727067539206,4.009370119729308
7407,1.7274169425710835,1.1030152100348218,802,1385.3883879420089,3.7695590327169275
7408,0.7205611718719889,0.5183942595681827,798,575.0078151538471,3.756132756132756
7409,0.7520283349026006,0.5536464373538397,752,565.5253078467556,3.72043852779953
7410,0.6678791037984233,0.4760026019436562,838,559.6826889830787,3.681210415200563
7411,0.852466886665759,0.6525643973328525,865,737.3838569658815,3.8872352604464795
7412,0.8424681845008667,0.6791433577743069,831,700.0910613202202,3.7489823609226596
7413,0.78650377282199,0.630058210255054,847,666.1686955802255,3.7098930481283423
7414,0.3296320202111807,0.2419746841937436,889,293.04286596773966,3.968877551020408
7415,0.29566865484556065,0.2043602493741721,720,212.88143148880368,3.960689655172414
7416,0.8413067995934189,0.5376332685620615,758,637.7105540918116,3.9485530546623795
7417,1.1589141817383233,0.7950284771529617,744,862.2321512133126,4.087698646262507
7418,1.2170764431248036,0.9296508993213916,787,957.8391607392205,4.045871559633028
7419,1.0320663576614826,0.8329663574341643,687,709.0295877134386,3.8848631239935587
7420,0.7714550420013834,0.5763430084598329,819,631.821679399133,3.983431952662722
7421,0.7627663936883895,0.6142179800357274,667,508.7651845901558,3.9296210363495745
7422,0.7187387521347669,0.4460527530480139,606,435.5556837936687,3.9057412167952013
7423,0.7703459219234965,0.5306781034723014,803,618.5877753045677,3.761603375527426
7424,2.105192475367364,1.876104408194021,736,1549.4216618703797,3.565898617511521
7425,1.9049273058582337,1.572292988798999,901,1716.3395025782686,3.5126422250316054
7426,1.7853732906381838,1.3903795317806844,861,1537.2064032394762,3.4470338983050848
7427,0.9535271336553772,0.7644564955710373,705,672.2366292270409,3.566824644549763
7428,0.2849122794857888,0.06795239370932885,718,204.56701667079633,3.4947368421052634
7429,0.29683908410244975,0.2856287424354127,560,166.22988709737186,3.6598639455782314
7430,0.4065075423611551,0.28776203317729265,408,165.85507728335128,3.795514511873351
7431,0.4065075423611551,0.28776203317729265,408,165.85507728335128,3.795514511873351
7432,0.4795872595260516,0.3169126036837631,739,354.4149847897521,3.6946564885496183
7433,0.72187119219732,0.4776882007887495,699,504.5879633459267,3.7029520295202953
7434,0.6349188594593846,0.4581209995536437,787,499.6811423945357,3.686377245508982
7435,0.6906826324595471,0.4586733978455624,1035,714.8565245956312,3.6486210418794687
7436,1.0145372025236623,0.7496532773550536,939,952.6504331697189,3.5410513880685173
7437,1.0819050935307242,0.809303576882788,939,1015.90888282535,3.5410513880685173
7438,1.0851233980190171,0.809303576882788,939,1018.9308707398571,3.5410513880685173
7439,1.6363957365054094,1.0298932220464354,1120,1832.7632248860584,3.6038756196484902
7440,2.4043534807429605,1.9612170018814252,906,2178.344253553122,3.570807453416149
7441,2.3916299248513835,2.056496846359566,911,2178.7748615396104,3.5771941063420885
7442,3.825902215390917,3.3489235439656224,941,3600.1739846828527,3.624776652769506
7443,5.494610819626266,4.931969393952008,937,5148.4503379898115,3.6600361663652805
7444,5.241061879380604,4.829013561507107,927,4858.46436218582,3.754873006497342
7445,3.48208684284649,3.3508228032512775,844,2938.881295362438,3.7837658017298734
7446,1.657256528628637,1.5614018913098282,787,1304.2608880307373,3.7042925278219396
7447,1.6302964965772224,1.3005306577622264,737,1201.528517977413,3.6230558096980787
7448,1.4202040029307739,1.275812504579908,747,1060.892390189288,3.6465201465201464
7449,1.4633758437769016,1.1383069413964442,715,1046.3137283004846,3.8560057887120114
7450,1.494584437392773,1.3431828719580772,553,826.5051938782035,4.023424878836834
7451,0.7997341545973058,0.4614874853959127,586,468.6442145940212,3.8187565858798735
7452,1.5655391835316614,0.8567627372561332,220,344.4186203769655,4.257017543859649
7453,2.064365708675384,1.5341878013836254,797,1645.299469814281,3.775324675324675
7454,3.3443214155960312,1.952400463881711,777,2598.537739918116,3.789149198520345
7455,2.5288288331633018,2.156727456293427,813,2055.937841361764,3.5609929078014186
7456,1.6226082970819435,1.1713753911110245,731,1186.1266651669007,3.6726998491704372
7457,1.9899635421768662,1.6548822965260668,717,1426.803859740813,3.661124307205067
7458,2.0282990274576047,1.559925615885596,685,1389.3848338084592,3.482465462274176
7459,2.2176373140973977,1.777888649672958,791,1754.1511154510417,3.4300091491308327
7460,4.556955918718281,3.557557961501426,865,3941.7668696913133,3.5232472324723245
7461,3.782620363340864,3.3270314014088487,938,3548.0979008137306,3.605199516324063
7462,2.4740684045673165,2.349465308214287,893,2209.3430852786137,3.6183256427158867
7463,1.9348180259797645,1.657122760236569,815,1576.876691173508,3.6812130177514795
7464,2.1154894271137197,1.8140942946461522,810,1713.5464359621128,3.5702416918429005
7465,3.1263149032409974,2.6879876526197912,923,2885.5886556914406,3.573629081947012
7466,3.7568843954861295,2.9891440733654666,875,3287.2738460503633,3.410742496050553
7467,3.3449259436797134,2.428637122782531,965,3227.8535356509233,3.4666230366492146
7468,4.966330349140516,1.3418079495027389,1246,6188.047615029082,3.6273764258555135
7469,1.8060468604883753,0.9376152490196012,1163,2100.4324987479804,3.647459165154265
7470,2.7437004956444624,2.205766122079446,812,2227.8848024633035,3.5464396284829722
7471,3.992115341581487,3.5310887117522762,864,3449.187655126405,3.510901162790698
7472,4.116001188647129,3.2231744409588883,836,3440.9769937089995,3.620411160058737
7473,1.1417632723851796,0.9193624100749118,779,889.4335891880548,3.478584729981378
7474,1.1670206092741062,0.9739425525010745,726,847.2569623330012,3.5436991869918697
7475,1.031729233868268,0.7500503433033521,795,820.2247409252731,3.6050269299820465
7476,0.8415042408132857,0.5982802416161362,998,839.8212323316591,3.7238188017535316
7477,1.896568702636155,1.6038768145121816,905,1716.3946758857203,3.672870840383531
7478,2.192076061702431,1.9248602830372024,919,2014.5179007045338,3.6872270742358078
7479,2.665355009463577,2.2374152782154217,904,2409.4809285550737,3.684563758389262
7480,2.1402564020398325,1.7745152110742153,965,2065.3474279684383,3.6805080605764533
7481,1.3908705252285545,0.967659379296912,1053,1464.5866630656678,3.714775160599572
7482,1.557146945997332,1.2908559373190736,947,1474.6181578594733,3.5497109826589597
7483,1.8142751201938658,1.5103077596905217,842,1527.619651203235,3.5609228550829126
7484,1.8853005178228874,1.6072047885414362,809,1525.2081189187159,3.5426731078904994
7485,1.1695844551365362,0.9797938446667762,880,1029.2343205201519,3.647765176784523
7486,0.9925256836073149,0.5861018357511107,958,950.8396048958076,3.438827838827839
7487,1.223593915433776,1.0218515804526234,672,822.2551111714976,3.680485338725986
7488,1.371840068512432,1.1571337003646205,781,1071.4070935082093,3.7421758569299555
7489,3.399749623073222,2.834787034977584,794,2699.401200720138,3.7196969696969697
7490,3.705880198133595,3.0919803735663645,767,2842.4101119684674,3.675740592473979
7491,3.705880198133595,3.0919803735663645,767,2842.4101119684674,3.675740592473979
7492,3.033032706564932,2.4673025706733687,851,2581.110833286757,3.845679012345679
7493,1.857983107528893,1.446417451242167,753,1399.0612799692565,3.749158249158249
7494,1.3672355187276222,1.0757276588197413,735,1004.9181062648023,3.584924623115578
7495,0.8124383965207022,0.6299607005782231,756,614.2034277696508,3.623985572587917
7496,0.6515601054577375,0.5425044021472814,756,492.57943972604954,3.623985572587917
7497,0.5396275397048497,0.4598923859732532,757,408.4980475565712,3.652173913043478
7498,0.5432401307491594,0.46996212992282,784,425.90026250734104,3.6865306122448978
7499,0.5717161675312037,0.493047806829812,742,424.2133963081531,3.669634906500445
7500,0.533798813099326,0.4221488392892847,804,429.1742457318581,3.7513187641296155
7501,0.41596690572988293,0.2921262614890577,901,374.7861820626245,3.7967000589275193
7502,0.4614414582646043,0.3055049498651695,948,437.4465024348449,3.9910672308415607
7503,0.72968438416414,0.5459201406215562,746,544.3445505864485,3.9569657184536835
7504,0.72968438416414,0.5459201406215562,746,544.3445505864485,3.9569657184536835
7505,0.6901258264905974,0.5043582258685347,838,578.3254425991206,3.9329677026203536
7506,0.5941836504174098,0.3930768771211623,973,578.1406918561398,3.943466172381835
7507,0.6049543694696247,0.4143768365973836,955,577.7314228434916,3.7223780145821648
7508,0.7520283349026006,0.5536464373538397,752,565.5253078467556,3.72043852779953
7509,0.7520283349026006,0.5536464373538397,752,565.5253078467556,3.72043852779953
7510,0.6950656504299573,0.4951142079097391,838,582.4650150603042,3.681210415200563
7511,0.8812594913909254,0.705616791306007,824,726.1578209061225,3.7090653548840478
7512,0.9415702773418696,0.7670145413636171,809,761.7303543695725,3.6981268011527377
7513,0.9497816906208599,0.7801011136777363,809,768.3733877122756,3.6981268011527377
7514,0.4794802116194673,0.3861338605737471,851,408.03766008816666,3.9835456475583864
7515,0.5776122536293257,0.4231572055959393,442,255.30461610416194,4.325783972125436
7516,0.6092322469364885,0.471437840775417,688,419.1517858923041,3.9931176875430143
7517,1.0523021829087664,0.7165527497952875,801,842.8940485099218,4.03770399549803
7518,1.0054643931149634,0.7836528997684961,767,771.191189519177,3.7959034381858086
7519,1.0577465145357525,0.8329663574341643,646,683.3042483900961,3.8772563176895307
7520,0.9560316799249841,0.7621622494233711,741,708.4194748244132,3.925820256776034
7521,1.3022087489969274,0.95470542773618,596,776.1164144021687,3.9991714995857497
7522,0.8611540797470756,0.5847119713279342,791,681.1728770799368,3.8455647734524567
7523,0.9819761455251154,0.4972871840742323,771,757.103608199864,3.822591362126246
7524,0.8560782400634648,0.2186999651418507,730,624.9371152463293,3.5312954876273652
7525,1.0205461475937527,0.6255224658330909,856,873.5875023402524,3.463531015678255
7526,0.8183877356246634,0.630267906176256,761,622.7930668103688,3.474131274131274
7527,0.7405374118482198,0.475327272039587,272,201.42617602271577,4.230383973288815
7528,0.5048710874988998,0.475327272039587,399,201.443563912061,3.8379888268156424
7529,0.32272619651343337,0.2533756642063243,522,168.46307458001223,3.703271028037383
7530,0.4065075423611551,0.28776203317729265,408,165.85507728335128,3.795514511873351
7531,0.28512638932783385,0.23982392929794216,582,165.9435585887993,3.6741693461950695
7532,0.6454102686936369,0.4057564815047038,622,401.4451871274422,3.700592885375494
7533,0.945787535130183,0.5735353861059229,537,507.88790636490825,3.7664804469273743
7534,0.7119380846459769,0.4568389887172585,725,516.1551113683332,3.6356846473029045
7535,0.8368412340360757,0.5600306246395343,1093,914.6674688014307,3.6585923217550276
7536,1.0232537338653602,0.7807410990821634,1050,1074.4164205586283,3.608101512933138
7537,0.9125328539463132,0.5512880407599898,1164,1062.1882419935087,3.664887063655031
7538,1.0088045022967869,0.6383040856413363,1145,1155.081155129821,3.5843531468531467
7539,1.5446861715328908,0.7101864298915637,1225,1892.2405601277912,3.632144227080936
7540,2.367143418591261,2.080964915557382,933,2208.544809545647,3.5344202898550723
7541,2.828777987569247,2.63340513428043,818,2313.940393831644,3.621700879765396
7542,3.0618352695825237,2.934285234125489,882,2700.538707771786,3.596415770609319
7543,5.2270148134981484,5.02936733416227,981,5127.701532041684,3.6887417218543046
7544,5.55604819629614,5.494415921049298,908,5044.891762236895,3.705421293272371
7545,5.083551328173164,5.036372282426878,850,4321.018628947189,3.784726793943384
7546,2.632273194262199,2.524405942585939,919,2419.0590655269607,3.803197353914002
7547,1.8198208422533462,1.4085763828213258,759,1381.2440192702898,3.722882026920032
7548,1.5887611085838342,1.2199864283040414,819,1301.1953479301603,3.7503576537911303
7549,1.2205765965934596,0.9556989798305912,853,1041.151836894221,3.8646408839779007
7550,1.3763493320172193,0.9517681056107162,611,840.949441862521,3.9527798933739526
7551,2.152301732158622,1.8407035645133578,682,1467.8697813321803,3.927805575411008
7552,2.7164926514090117,2.140866836754269,709,1925.9932898489894,3.8923829489867225
7553,3.4049401134119908,2.0067652782713594,838,2853.339815039248,3.683333333333333
7554,2.8692301571118755,2.2483102632025984,911,2613.8686731289185,3.7106849315068495
7555,1.9882846473105866,1.5316939232327291,892,1773.5499054010434,3.5536869340232857
7556,1.875318664852098,1.5541654638347628,746,1398.9877239796651,3.633228840125392
7557,1.7571634066525357,1.48951383432741,824,1447.9026470816893,3.6074637180373186
7558,1.597931787778036,1.0215106408104815,866,1383.8089282157791,3.5621181262729125
7559,2.605040681755354,2.03302174349561,879,2289.8307592629562,3.410236822001528
7560,3.066061776383414,2.26313108974536,985,3020.0708497376627,3.487194758784991
7561,3.378946626415075,2.6788119760067226,905,3057.946696905643,3.6099873577749686
7562,2.5742045863346976,2.1632467408770015,820,2110.847760794452,3.4991749174917492
7563,1.8953754014968798,1.5869892642403647,820,1554.2078292274414,3.4991749174917492
7564,2.162612954317862,1.936922977477885,716,1548.430875291589,3.587426326129666
7565,2.482615694758233,2.0857830044099286,908,2254.2150508404757,3.5714285714285716
7566,3.2955516475484803,2.560333801907038,922,3038.498619039699,3.4514528703047485
7567,2.8922190183265344,1.964439830743102,1040,3007.9077790595957,3.5146131805157594
7568,2.6416201902363214,1.6357931628078597,935,2469.9148778709605,3.483016304347826
7569,2.1314075373913983,1.2677512489794305,1061,2261.423397172274,3.6111696522655428
7570,2.4420890117244,1.80367338614,931,2273.584869915416,3.600253807106599
7571,2.855264865376323,2.1134583502561872,887,2532.6199355887984,3.51628895184136
7572,1.7531237683936634,1.4306987901082369,930,1630.405104606107,3.6402147971360383
7573,1.1619138825296493,0.978260717186636,661,768.0250763520983,3.58957654723127
7574,1.1379637688147346,0.978260717186636,661,752.1940511865396,3.6088362068965516
7575,1.0813973034938194,0.9171129340658182,815,881.3388023474628,3.58714859437751
7576,1.161448515027576,0.8886346939287277,932,1082.4700160057007,3.7125416204217534
7577,1.5761276687051091,1.279336595089982,973,1533.5722216500712,3.7239074550128533
7578,1.9633939502832873,1.5803844295585512,937,1839.7001314154402,3.7013550135501356
7579,1.9871786886220426,1.5842480030532062,948,1883.8453968136964,3.6971128608923887
7580,2.0382240168047026,1.573835850416129,1051,2142.1734416617423,3.73967840069535
7581,1.4567807383118814,0.9432294170183285,1094,1593.7181277131983,3.707639778062313
7582,1.4904282203834656,0.9973629308635652,1071,1596.2486240306916,3.7087719298245614
7583,1.675239514687691,1.2872441599820323,947,1586.4518204092435,3.6267857142857145
7584,1.496991967253921,1.2576548646906618,824,1233.5213810172309,3.5205696202531644
7585,1.6457859357931306,0.98953241670184,983,1617.8075748846475,3.4454976303317535
7586,1.1704232851034122,0.8295863048643164,957,1120.0950838439655,3.3868778280542986
7587,1.3495345570253692,1.1507913055810108,679,916.3339642202257,3.5919421487603307
7588,1.229560160257286,1.0715490854599543,878,1079.5538207058971,3.7288573273079404
7589,2.4282736984258944,1.9385098193634258,858,2083.4588332494172,3.7288021534320324
7590,3.16982058765484,2.432855997786295,858,2719.7060642078527,3.7288021534320324
7591,3.10923330472451,2.322449352828925,913,2838.7300072134776,3.7796222095020036
7592,3.104089622155914,2.423576097917733,869,2697.453881653489,3.784747847478475
7593,3.2013238001461715,2.723101571138964,788,2522.643154515183,3.713365539452496
7594,1.3302830920680644,1.1178122725538493,855,1137.392043718195,3.7232267037552154
7595,0.5719187225331251,0.5027586007458386,779,445.52468485330445,3.6568296795952784
7596,0.543899785948416,0.4681977850898506,748,406.83703988941517,3.5556603773584907
7597,0.4957028355036698,0.40903553796374564,782,387.6396173638698,3.6343096234309624
7598,0.5311393879923532,0.4517984714557167,782,415.35100141002016,3.6343096234309624
7599,0.5935820261343207,0.5125946910911869,714,423.81756665990497,3.5232678386763183
7600,0.5845670360991583,0.4357790424835075,959,560.5997876190928,3.8683291770573565
7601,0.495593718545882,0.370547422584745,815,403.90888061489386,3.6548100242522232
7602,0.5144154622563027,0.33410608408183495,966,496.9253365395885,3.9475766567754698
7603,0.4393637064544324,0.27651988604556355,988,434.0913419769792,3.9514150943396227
7604,0.6076000133982435,0.4488536543154141,885,537.7260118574455,3.9607083563918097
7605,0.760241722143173,0.5538307151008846,892,678.1356161517103,3.8801152737752163
7606,1.0416871755349326,0.8126522025548168,831,865.6420428695291,3.544740973312402
7607,0.9132278580633392,0.629128871671514,908,829.210895121512,3.694290976058932
7608,0.6898578688376079,0.5149658199281212,908,626.390944904548,3.694290976058932
7609,0.6289257966536252,0.40628581859644847,960,603.7687647874802,3.601230769230769
7610,0.8387408766192116,0.6188902828118312,879,737.253230548287,3.668211920529801
7611,0.897717507599127,0.7517756021863466,863,774.7302090580466,3.696026490066225
7612,0.9415702773418696,0.7670145413636171,809,761.7303543695725,3.6981268011527377
7613,0.9497816906208599,0.7801011136777363,809,768.3733877122756,3.6981268011527377
7614,0.464946232701114,0.3636445888538107,900,418.4516094310026,4.053579676674365
7615,0.5776122536293257,0.4231572055959393,442,255.30461610416194,4.325783972125436
7616,0.5776122536293257,0.4231572055959393,442,255.30461610416194,4.325783972125436
7617,0.6208625005458513,0.4872476894216573,801,497.31086293722694,4.03770399549803
7618,0.9884768908050069,0.758964215295342,710,701.8185924715549,4.123396456933415
7619,1.0006015168557276,0.802482887691855,671,671.4036178101932,3.8452278589853828
7620,0.6976040427282941,0.5508887606931169,757,528.0862603453187,3.9166666666666665
7621,1.2688411647889037,0.8547878507969263,564,715.6264169409417,3.8323809523809524
7622,0.9705613705210824,0.6429534165699539,688,667.7462229185047,3.7370855821125675
7623,1.9728938740674216,1.2443252857304825,512,1010.1216635225198,3.7771144278606967
7624,1.377906024772044,0.9714752760232538,683,941.1098149193061,3.5058275058275057
7625,1.6015114780132194,1.3267185100120558,543,869.6207325611781,3.4859437751004014
7626,1.1922955136616855,0.8667649295190756,659,785.7227435030508,3.4811898512685913
7627,0.5329672356272446,0.3933347477218698,396,211.05502530838885,3.9816124469589815
7628,0.505203945894672,0.4187327974637871,396,200.06076257429012,3.9816124469589815
7629,0.31629927137169384,0.2175755402416575,664,210.02271619080472,3.76986301369863
7630,0.5167305979151613,0.3861384443674157,625,322.9566236969758,3.7907662082514735
7631,0.44201318114630817,0.3121031929014387,759,335.4880044900479,3.773801002147459
7632,0.7586543579744397,0.5367911183467509,710,538.6445941618522,3.7302474062250597
7633,0.8548786899162967,0.6067094651333831,652,557.3809058254254,3.7476231633535004
7634,1.0112655046013277,0.6654353413299643,916,926.3192022148161,3.8699551569506725
7635,1.511492605107123,1.2199805960898804,890,1345.2284185453393,3.6748315982853645
7636,1.268080406555979,0.7193167919115092,1107,1403.7650100574688,3.653560506771516
7637,1.4415679620696864,0.9677805471062171,1104,1591.4910301249338,3.651828999559277
7638,1.6121337712824215,0.9851080002491802,1161,1871.6873084588913,3.5860008536064876
7639,2.121027861824415,1.7671496778607496,1001,2123.1488896862397,3.616641143440531
7640,2.1735438607727726,1.8779180078360687,1018,2212.6676502666824,3.6175298804780875
7641,2.418361709434518,2.121752036913293,963,2328.8823261854404,3.5578562728380025
7642,2.2893108762592678,2.332630827189337,885,2026.040125489452,3.6274777853725224
7643,3.9374907342222207,3.6954123403888395,988,3890.240845411554,3.7084656084656085
7644,5.732314577467324,5.3754246101479115,916,5250.800152960069,3.767272727272727
7645,4.119398885323224,3.7443862970359785,907,3736.294788988164,3.7825059101654848
7646,3.7019771374072477,1.4199053674708813,898,3324.3754693917085,3.768263473053892
7647,5.849181184343098,3.491552486371355,751,4392.735069441666,3.682472480948349
7648,1.5287669798034902,1.3830553462623838,794,1213.8409819639712,3.6762749445676275
7649,1.090391412826634,0.9036094875894696,817,890.84978427936,3.8220183486238533
7650,1.2824685429350509,1.1672166835534323,790,1013.1501489186901,3.802333117303953
7651,2.5026844160520914,1.9481333852947407,800,2002.147532841673,3.779874213836478
7652,2.9749952758260263,2.491006494198952,744,2213.3964852145637,3.7707423580786026
7653,2.895897093767319,2.478577762819707,744,2154.5474377628852,3.880952380952381
7654,2.834855319707289,2.1597916690990617,844,2392.617889832952,3.851697127937337
7655,2.1660394657032773,1.6183744632231731,788,1706.8390989741824,3.7788844621513946
7656,2.425381656972612,1.9827937633644712,700,1697.7671598808286,3.6595380667236954
7657,2.187568138108552,1.6445585739535242,801,1752.2420786249502,3.5654490106544903
7658,1.2175305828018,0.9942139074356008,913,1111.6054220980434,3.52937576499388
7659,1.846865725577889,1.5574091452174177,803,1483.0331776390449,3.5824486907289455
7660,1.9023317288658603,1.484149866744902,930,1769.1685078452501,3.3679775280898876
7661,3.0738555414816124,2.2968660061136945,817,2511.3399773904775,3.5185770750988143
7662,3.3001469180631906,2.5476326299000265,769,2537.8129799905937,3.496021220159151
7663,2.4048920331425427,1.99376624796553,838,2015.2995237734508,3.5060926076360683
7664,2.0154876807011513,1.725612676546151,751,1513.6312482065646,3.5844529750479848
7665,2.508000641736613,2.110593407325477,815,2044.0205230153397,3.5764802631578947
7666,3.1616848351799005,2.365833467659363,772,2440.820692758883,3.366852886405959
7667,2.5360917128476026,1.7092190148208388,954,2419.431494056613,3.4977692797960485
7668,2.976945866110163,1.9911096605054308,831,2473.8420147375455,3.538579067990833
7669,2.3365270896236625,1.534076779970481,983,2296.8061291000604,3.608383233532934
7670,2.7677269449992536,1.953293582445196,820,2269.536094899388,3.675053918044572
7671,2.6063447385628877,1.8809675789438367,947,2468.2084674190546,3.671856978085352
7672,3.179715736898132,2.275498990338325,861,2737.735249469292,3.6771860618014465
7673,1.6370972267002768,1.3725951785470145,840,1375.1616704282326,3.5832147937411096
7674,0.8393038701914464,0.6503248796403471,743,623.6027755522447,3.5899731423455683
7675,0.9914995386196537,0.7851292846460016,797,790.2251322798639,3.651968503937008
7676,1.4644179753625015,1.2066445611554937,724,1060.238614162451,3.659217877094972
7677,1.1422369187973596,0.7716402011897576,916,1046.2890176183814,3.747653230259525
7678,1.7547873532398175,1.276164122795832,995,1746.0134164736185,3.741170778906628
7679,2.171104159441991,1.5276209180494136,941,2043.0090140349134,3.6921397379912664
7680,1.9078770000940273,1.099206344456043,1005,1917.4163850944974,3.6903096903096904
7681,1.7133365270995835,0.8494039254043261,1101,1886.3835163366414,3.6839332748024582
7682,1.5371228224100095,0.8372575397679615,1079,1658.5555253804002,3.690357627885921
7683,1.2688568244255487,0.7037936339787458,1110,1408.431075112359,3.4698591549295776
7684,3.75126427956755,1.257081869358272,964,3616.218765503118,3.4062727935813273
7685,5.106796686334002,1.3197186983897307,948,4841.243258644634,3.4020926756352767
7686,5.085167968384057,1.3199814302363067,956,4861.420577775159,3.386243386243386
7687,4.500450818191737,1.7183558828131245,945,4252.926023191192,3.372257053291536
7688,2.9477348560062544,1.8003032651152706,1001,2950.6825908622604,3.4213406292749657
7689,1.6768588249212937,1.5134705373696682,775,1299.5655893140026,3.53819139596137
7690,1.9488007548067434,1.7242539596691102,865,1685.712652907833,3.577066269545793
7691,2.2774453836568394,1.8744431821872305,885,2015.5391645363027,3.639651707970529
7692,2.761120955621159,2.248843622363946,866,2391.1307475679237,3.6445993031358883
7693,2.565014688132771,2.0928838628524047,821,2105.877058957005,3.6580547112462005
7694,1.1377751327107075,0.9591107618793596,811,922.7356326283838,3.624512099921936
7695,0.6199435468510816,0.5442963271990032,759,470.53715205997094,3.4683794466403164
7696,0.5666693214019789,0.4821263231086671,708,401.2018795526011,3.520042194092827
7697,0.5494375102682308,0.4660514560276561,735,403.8365700471497,3.6411181244364292
7698,0.5677663674774502,0.4821263231086671,708,401.97858817403477,3.520042194092827
7699,0.5875571152235685,0.5004758162971081,877,515.2875900510695,3.4983739837398375
7700,0.6761017539743784,0.5157679705893169,864,584.151915433863,3.831645569620253
7701,0.22665444610508356,0.1593696350765402,895,202.85572926404978,3.6989026063100137
7702,0.54715844995929,0.383262263311198,991,542.2340239096563,3.736930860033727
7703,0.6421219209999138,0.4551222771627603,966,620.2897756859168,3.7253644314868803
7704,0.787660564430032,0.4925992678331877,1029,810.5027207985029,3.7088744588744587
7705,0.8935353213585961,0.5527922307020621,998,891.748250715879,3.6932136848008974
7706,1.193038173230515,0.9499320139664832,776,925.7976224268797,3.495128432240921
7707,1.193038173230515,0.9499320139664832,776,925.7976224268797,3.495128432240921
7708,0.9405824981730144,0.6304081759750937,960,902.9591982460938,3.6493055555555554
7709,0.9275843994673134,0.6905070715282985,1018,944.280918657725,3.6556578234975636
7710,0.9123917408531945,0.7396407791674691,898,819.3277832861687,3.645035691109669
7711,0.9855265985783748,0.7590964813052694,868,855.4370875660293,3.700261780104712
7712,0.937551539585253,0.7213226825858993,905,848.4841433246539,3.8630434782608694
7713,1.2958191851252205,0.9807216437907956,933,1208.9992997218308,3.8505263157894736
7714,1.4278162716540184,0.9327694169705724,933,1332.1525814531992,4.0353467561521255
7715,0.7700410242763438,0.6014483300602398,756,582.1510143529159,4.067664670658683
7716,0.48625973547295676,0.3470641349998372,528,256.74514032972115,4.148780487804878
7717,0.39501251204223087,0.2753594107288211,783,309.29479692906676,3.9549938347718867
7718,0.596744491322085,0.4327935120461393,856,510.8132845717047,4.018672199170124
7719,0.44075778494167056,0.27301698291675,745,328.36454978154455,3.891289198606272
7720,0.8687147709135419,0.9224290660071844,239,207.6228302483365,4.226600985221675
7721,0.4197831356838186,0.2247801697529241,547,229.62137521904876,3.7339357429718874
7722,2.73141297036136,2.0176328272168664,484,1322.0038776548981,3.7397899649941655
7723,2.4528690329241143,1.488371400011562,754,1849.4632508247823,3.568355308813324
7724,2.28995551395668,1.2637320222130477,865,1980.8115195725281,3.439185140802876
7725,1.0952132862931518,0.7804576477605311,774,847.6950835908995,3.4133430021754894
7726,0.5908849066357945,0.409889202184077,690,407.7105855786982,3.489847715736041
7727,0.9571988945382701,0.7154410486349947,256,245.04291700179715,4.185567010309279
7728,0.46306692232153335,0.1632888981592954,549,254.22374035452182,3.942827442827443
7729,0.8441689006018458,0.6675480768345915,625,527.6055628761536,3.804780876494024
7730,1.1210320199240413,0.8154001215134321,555,622.172771057843,3.877232142857143
7731,0.9260317813535938,0.5928104095297987,667,617.663198162847,3.8109495295124036
7732,0.7614138059104895,0.5900358369871189,608,462.9395939935776,3.843804537521815
7733,0.7497013848371782,0.5222458712813779,618,463.3154558293761,3.7132284921369103
7734,0.9274154850020868,0.6654505042555594,927,859.7141545969345,3.672737306843267
7735,1.2609444276800865,0.7655643958157681,1085,1368.124704032894,3.6478995236032916
7736,1.5019996716602235,1.2553985109630021,992,1489.9836742869418,3.6593237704918034
7737,1.858520473691188,1.6972283572281854,877,1629.9224554271718,3.6340996168582373
7738,1.869069812990409,1.6818973981589571,967,1807.3905091617255,3.561264822134387
7739,2.222252889092523,1.8974545828265104,951,2113.362497526989,3.563413208649912
7740,2.034074137072008,1.7181126825515405,1067,2170.3571042558324,3.6462741490340385
7741,1.8452318556318092,1.6016579285983052,966,1782.4939725403278,3.562537764350453
7742,2.096593165796875,1.75946830411469,775,1624.859703492578,3.526268115942029
7743,2.0269990210603663,1.7317488225908029,803,1627.680213911474,3.5896147403685092
7744,2.2842165935983463,2.252328113010706,987,2254.5217778815677,3.753495598135681
7745,1.7262051080204583,1.124302288722144,910,1570.846648298617,3.7728075338434373
7746,2.82563917497274,2.155800080366201,725,2048.5884018552365,3.6449652777777777
7747,2.5155075425496287,1.9780817639757624,728,1831.2894909761296,3.6469026548672567
7748,1.2001432503575007,1.0177736809901674,767,920.5098730242031,3.624300559552358
7749,1.1430549827912615,0.8999834852322652,703,803.5676529022569,3.4985645933014355
7750,1.4449060866132555,1.2484040501085236,703,1015.7689788891186,3.4985645933014355
7751,1.1812491206512163,0.9508571713651068,773,913.1055702633902,3.7684346701164295
7752,1.7390421789331376,1.5216623822413846,735,1278.196001515856,3.875
7753,2.422261141965391,1.779430300443807,573,1387.9556343461693,3.9992774566473988
7754,2.3569944223811268,2.038890561162612,757,1784.244777742513,3.7678437265214124
7755,2.4345112829000968,1.8854311533270196,788,1918.3948909252763,3.7788844621513946
7756,2.301874533751999,1.891377328783295,788,1813.8771325965752,3.7788844621513946
7757,1.7251781040654515,1.345320281600373,900,1552.6602936589063,3.5396322130627773
7758,1.3756758426725686,1.0486102555444454,866,1191.3352797544444,3.6678571428571427
7759,1.6554719347812161,1.22895399921013,931,1541.2443712813122,3.662009672219237
7760,1.5695465219629472,1.1392468525438164,969,1520.8905797820958,3.416454081632653
7761,1.9652209921729709,1.3730684887184346,1025,2014.3515169772952,3.4926108374384235
7762,2.8103320765199196,2.133290233913498,827,2324.1446272819735,3.476997578692494
7763,2.490647052889276,2.0036475294304594,803,1999.9895834700887,3.4944774851316907
7764,1.8827320237806784,1.424469127234661,801,1508.0683510483234,3.546925566343042
7765,2.242360832828017,1.7528626733674726,852,1910.4914295694705,3.574468085106383
7766,2.812914938271599,2.1274088719540494,823,2315.028994197526,3.481687898089172
7767,4.12130288056129,2.499485164699068,761,3136.3114921071415,3.46814404432133
7768,3.8752130245896628,2.2261011248543587,837,3243.5533015815477,3.5302916978309646
7769,3.009210198663189,1.5453657710436493,976,2936.9891538952725,3.6344086021505375
7770,2.6583108488844087,1.9930790450840332,942,2504.128819649113,3.561716171617162
7771,2.0646023063565107,1.5194342769001834,936,1932.467758749694,3.5825426944971537
7772,2.48870478245022,1.8995635577054533,851,2117.887769865137,3.524381625441696
7773,0.8564306918228177,0.5188765731670172,746,638.897296099822,3.543405676126878
7774,1.1478422483652355,0.8954552479716748,518,594.582284653192,3.769230769230769
7775,0.7254931757236885,0.5117208743531919,733,531.7864978054637,3.611111111111111
7776,1.085276491177233,0.784391077214006,658,714.1119311946193,3.6054054054054054
7777,1.1002433108561338,0.850208732156414,697,766.8695876667252,3.5815160955347873
7778,1.506228683709553,1.200133576650342,809,1218.5390051210284,3.6025210084033614
7779,1.8597444792669702,1.2426804609787636,926,1722.1233878012144,3.720348204570185
7780,2.0291966860744153,1.2806571899240526,926,1879.0361313049084,3.697661469933185
7781,1.8981279850239843,1.1016250986892544,980,1860.1654253235047,3.672459189046867
7782,1.8023121089213356,1.0618248647711772,795,1432.8381265924618,3.507448789571695
7783,1.2729119916333844,0.48470584229290936,1090,1387.474070880389,3.4489200233508464
7784,4.476721685471914,1.3999180556057167,987,4418.524303560779,3.369186046511628
7785,5.960547120133339,2.182850559923291,901,5370.452955240138,3.3648068669527897
7786,6.370561164015157,2.658417891552086,913,5816.322342745839,3.404255319148936
7787,6.152182750219308,2.328784621394367,929,5715.377774953737,3.388617886178862
7788,3.228830393354095,1.9202827512708325,1015,3277.2628492544063,3.591127098321343
7789,1.7146545753389084,1.5810045827254968,887,1520.8986083256118,3.725112395632627
7790,2.382893614725486,2.1890400067564704,824,1963.5043385338008,3.5545675020210186
7791,2.3664553929429615,2.1511973756038243,802,1897.8972251402552,3.480836236933798
7792,2.108248789674892,1.7442606809663923,849,1789.9032224339833,3.6236481614996396
7793,1.8812086622894835,1.533882731812191,843,1585.8589023100346,3.627465303140979
7794,0.9685478514481946,0.8110717370150036,823,797.1148817418641,3.695210449927431
7795,0.7689884738061947,0.6280660930830222,759,583.6622516189018,3.4683794466403164
7796,0.6834401546053608,0.5788271406611043,759,518.7310773454689,3.4683794466403164
7797,0.5457039713928925,0.4651328890075802,759,414.18931428720543,3.4683794466403164
7798,0.5406958905067578,0.45761830949647,813,439.5857589819941,3.575379125780553
7799,0.6198590408207423,0.4781652686522064,877,543.6163787997909,3.4983739837398375
7800,0.7438347402530969,0.5952615986769728,807,600.2746353842492,3.7286634460547505
7801,0.7460143482503075,0.5204952808901715,993,740.7922478125554,3.6774001192605845
7802,1.040088890649316,0.7802230170418749,899,935.0399126937351,3.722531293463143
7803,0.8082920586561367,0.4830902262493796,1053,851.131537764912,3.70735524256651
7804,1.1776911354478838,0.7856868866594964,996,1172.9803709060923,3.666469544648137
7805,0.7441233286748759,0.4913232238211733,964,717.3348888425803,3.6804556354916067
7806,1.193038173230515,0.9499320139664832,776,925.7976224268797,3.495128432240921
7807,1.0541876916174309,0.7643946578380039,879,926.6309809317216,3.431297709923664
7808,1.2135460921866155,0.984213172324124,879,1066.707015032035,3.431297709923664
7809,1.2648876480742275,1.0007504422671258,911,1152.3126473956213,3.6688902365069738
7810,1.1133809473441927,0.8719486545426105,972,1082.2062808185553,3.7197417966648736
7811,1.008949968698497,0.742000039634953,938,946.3950706391902,3.702325581395349
7812,1.3201459220531375,1.000195414594766,869,1147.2068062641765,3.9182217343578487
7813,1.675112363063391,1.3097414743572984,767,1284.811182469621,3.761467889908257
7814,1.8685246787138414,1.4768444381002532,706,1319.178423171972,3.8103874690849135
7815,1.6901967352263039,1.29707375177655,811,1370.7495522685324,4.084514721919302
7816,1.0069198270527324,0.7990250366136044,813,818.6258193938714,4.08056614044638
7817,0.6142193752907994,0.4658972125676656,882,541.741489006485,4.0828056502679
7818,0.3596084824400737,0.256195763709644,732,263.23340914613397,3.991156032849021
7819,0.3404621362505986,0.2023333626180966,599,203.93681961410857,3.801913875598086
7820,0.38564656597205854,0.3097975216697425,540,208.24914562491162,3.850220264317181
7821,0.3138091017919007,0.0314884418791086,506,158.78740550670176,3.8813953488372093
7822,2.887286418790263,1.2596823288986576,670,1934.4819005894763,3.6591458501208702
7823,1.679219218652581,1.126839622174403,644,1081.4171768122621,3.529064869418703
7824,2.227230589704546,1.758818313008796,554,1233.8857466963186,3.524355300859599
7825,1.3529963232674638,1.0969855879230133,536,725.2060292713605,3.5351966873706004
7826,0.3706741257657763,0.1752165160820348,371,137.520100659103,3.920289855072464
7827,0.543592403969768,0.4856048841131605,408,221.78570081966538,4.016969696969697
7828,0.4710867097497316,0.213178928412198,539,253.91573655510533,3.996142719382835
7829,0.9519886409443521,0.7191479970781871,596,567.3852300028339,3.797669491525424
7830,0.890116116741172,0.5040981124430757,692,615.960352784891,3.729381443298969
7831,0.871248952896798,0.6332640511195722,763,664.7629510602569,3.8743489583333335
7832,0.814425037607378,0.5865997057816956,768,625.4784288824663,3.9063829787234043
7833,0.5292231570292496,0.140939874288575,883,467.30404765682744,3.7516233766233764
7834,1.197610860356696,0.9812007156016708,941,1126.951819595651,3.609366391184573
7835,1.3770032595046868,0.9566126047509632,1050,1445.8534224799212,3.646816307833257
7836,1.541988247565068,1.3797304120515954,976,1504.9805296235063,3.6215512753774077
7837,1.7751015514472486,1.5932155254525346,877,1556.764060619237,3.6340996168582373
7838,1.8010447050074334,1.5963263324459693,970,1747.0133638572104,3.564507042253521
7839,2.2332435114419447,1.9038192962527636,954,2130.5143099156153,3.5705165409170054
7840,1.9850481941612048,1.5677940316598735,1014,2012.8388688794616,3.602189781021898
7841,1.664809235287408,1.3089518642646965,1013,1686.4517553461442,3.5848952590959207
7842,2.0349306498794055,1.7186864259522494,790,1607.5952134047302,3.53486319505737
7843,2.0146120283501934,1.695734397142164,778,1567.3681580564503,3.5476190476190474
7844,1.244595874201556,1.0740285191878916,843,1049.1943219519117,3.6353868194842405
7845,1.3448829600140213,1.0281152847060946,670,901.0715832093942,3.625478927203065
7846,2.0943298170564786,1.593513620283827,701,1468.1252017565914,3.6198347107438016
7847,2.2830832122469764,1.6479123061861725,711,1623.2721639076003,3.613382899628253
7848,1.024199848986137,0.8328997393908575,772,790.6822834172979,3.6216216216216215
7849,1.1466348044463037,0.931333888969324,712,816.4039807657683,3.4933460076045626
7850,1.5214316651501856,1.3157759263938984,673,1023.9235106460749,3.4931640625
7851,1.327042952851607,1.063965990481924,793,1052.3450616113244,3.5760299625468166
7852,2.2437687318254507,1.7210559760596391,866,1943.1037217608402,3.8273417721518985
7853,2.0730461241414804,1.781259696995153,740,1534.0541318646954,3.686650679456435
7854,2.0831211954131943,1.7003562924158402,754,1570.6733813415485,3.7124497991967873
7855,2.5317375128785065,2.1097649201015143,712,1802.5971091694967,3.7560553633217992
7856,2.6811002231804317,2.110267769003321,762,2042.998370063489,3.8758492896849908
7857,2.005701828177631,1.6183568093449816,964,1933.4965623632363,3.716360116166505
7858,2.19029491179174,1.8738768290219296,831,1820.135071698936,3.671984684109764
7859,1.6233197372190267,1.2692024846522934,945,1534.0371516719802,3.544899205864386
7860,1.4301121557766794,1.154242113375706,891,1274.2299307970213,3.4133333333333336
7861,1.227219083387447,0.8375115784434324,920,1129.0415567164512,3.500322788896062
7862,1.2676218925749434,0.9354364017895409,850,1077.4786086887018,3.56268221574344
7863,1.3375937373227011,1.023853446804219,764,1021.9216153145436,3.574712643678161
7864,1.6286078790707674,1.2046735360971157,879,1431.5463257032045,3.5510349750178443
7865,2.0266841532217303,1.502116929744055,822,1665.9343739482624,3.4353256021409457
7866,2.276623247384875,1.4669606650702574,779,1773.4895097128176,3.436823104693141
7867,2.6032477675608323,1.7526067058812076,799,2079.994966281105,3.4714285714285715
7868,3.655970612473013,2.1933901550670347,825,3016.175755290236,3.4980174464710547
7869,4.2947428464506014,2.8073978048714974,688,2954.783078358014,3.4697286012526094
7870,3.0358145228092823,2.1026636121087825,813,2468.1172070439466,3.4575273338940287
7871,2.4619609809701415,2.041111226994843,633,1558.4213009540995,3.552980132450331
7872,1.4254389172195518,1.0028341204792162,768,1094.7370884246159,3.5368852459016393
7873,1.1478422483652355,0.8954552479716748,518,594.582284653192,3.799554565701559
7874,0.9337774324030002,0.8140215828140835,630,588.2797824138901,3.7281368821292777
7875,0.7843094085362015,0.5444824851014929,692,542.7421107070514,3.650278293135436
7876,0.9367972055838334,0.655142751311689,658,616.4125612741624,3.6139784946236557
7877,1.0839526811727591,0.878353922436528,804,871.4979556628983,3.58312447786132
7878,1.6375252004760443,1.3248754222053525,797,1305.1075847794073,3.601018675721562
7879,1.6138358835647901,0.9797108656254464,985,1589.6283453113183,3.706385118149824
7880,2.232981366110115,1.5862704351461223,833,1860.0734779697261,3.5021682567215957
7881,2.003069799960456,1.2596132722783904,898,1798.7566803644895,3.5366591080876795
7882,1.739904352601836,0.9975387615827684,795,1383.2239603184596,3.507448789571695
7883,1.8507438630790758,1.088592654394594,744,1376.9534341308324,3.4880239520958085
7884,3.616767005894341,1.5175917185484646,977,3533.581364758771,3.354354354354354
7885,6.589712798907898,2.9859785639646956,888,5851.664965430213,3.353309481216458
7886,6.87542510089088,3.2639463976898675,898,6174.131740600011,3.3679163034001744
7887,5.9822274584110176,2.5122463844703824,993,5940.351866202141,3.5901948460087993
7888,2.5148566101249274,1.714886172979806,1064,2675.8074331729226,3.697420634920635
7889,2.789431054269928,2.264654925653243,957,2669.485518936321,3.793340380549683
7890,2.2803953628663294,1.9685738100609464,909,2072.8793848454934,3.669805398618958
7891,2.412481949160656,2.235403719408903,795,1917.9231495827216,3.4849557522123895
7892,2.2412306633264967,1.9091933167938524,757,1696.611612138158,3.5112570356472794
7893,1.6266711480207066,1.3576929944305212,840,1366.4037643373936,3.6659108087679515
7894,0.9814480177175846,0.7677902606075754,822,806.7502705638545,3.735933983495874
7895,0.7747567434672169,0.6302245965865466,755,584.9413413177488,3.7142857142857144
7896,0.8354847522646325,0.6885954737011943,699,584.0038418329781,3.5207667731629395
7897,0.676171065811525,0.5642544278467931,827,559.1934714261312,3.5040650406504064
7898,0.7125588710000033,0.5553087720707451,842,599.9745693820028,3.5141342756183747
7899,0.7262861365279218,0.5678554981596189,825,599.1860626355356,3.552888888888889
7900,0.6804208999791144,0.4869734553334193,892,606.93544278137,3.7759699624530665
7901,1.0818477474297148,0.8137646076591016,927,1002.8728618673457,3.789772727272727
7902,1.2006654842843232,0.9532708047628597,862,1034.9736474530866,3.6452648475120384
7903,1.2161105797469776,0.9271135977156986,862,1048.2873197418946,3.6452648475120384
7904,1.3031158565996368,0.958514617946424,897,1168.8949233698743,3.6037735849056602
7905,0.832950506831508,0.5506554786670448,971,808.7949421333942,3.7024018746338605
7906,1.193038173230515,0.9499320139664832,776,925.7976224268797,3.495128432240921
7907,1.1022531992375029,0.827385635263107,879,968.880562129765,3.431297709923664
7908,1.420018108450907,1.1652010712561147,812,1153.0547040621364,3.456953642384106
7909,1.420018108450907,1.1652010712561147,812,1153.0547040621364,3.456953642384106
7910,1.3503566525822694,1.092503900803672,874,1180.2117143569035,3.554609929078014
7911,1.3615070603061208,1.1081541936074015,944,1285.262664928978,3.540836012861736
7912,1.5878852454842372,1.3069189505893526,830,1317.9447537519168,3.813008130081301
7913,1.1488581273085288,0.8267727263825958,810,930.5750831199083,3.821353803210049
7914,1.261356061587104,0.8993110947211572,780,983.8577280379411,3.8346344925479063
7915,1.1276181676412798,0.9253037562362256,717,808.5022261987976,3.8054882970137207
7916,1.1871307111507263,0.9253037562362256,653,775.1963543814243,3.8598781549173196
7917,0.663759124234565,0.5187416374012308,721,478.57032857312134,3.939479239971851
7918,0.4183268628974379,0.2905164389303253,548,229.243120867796,3.8323895809739525
7919,0.8123465932215231,0.5530508133250847,505,410.2350295768692,3.882701421800948
7920,0.9604388393453603,0.6672863626708779,472,453.3271321710101,3.9489414694894145
7921,0.6823736495171793,0.4738477119782633,650,443.5428721861665,3.726555652936021
7922,1.0871680167951074,0.6878385441293644,510,554.4556885655048,3.768924302788845
7923,0.8662505059941418,0.6954431392929701,477,413.20149135920565,3.774793388429752
7924,0.9122006996022716,0.6152970135603694,698,636.7160883223855,3.5298218435321456
7925,0.5800440197884635,0.4849896784496096,515,298.72267019105874,3.6087420042643923
7926,0.4182910571270651,0.1027940792314671,256,107.08251062452867,4.24438202247191
7927,0.17678672761437744,0.1274164862252497,408,72.128984866666,4.016969696969697
7928,0.1509155323722763,0.0610330863921371,478,72.13762447394808,4.0602910602910605
7929,0.4941354876065752,0.3240494106785653,692,341.94175742375006,3.810248198558847
7930,0.9095962519250208,0.6899374383569987,748,680.3779964399156,3.873740765614506
7931,1.1257507000814961,0.8522799402120762,710,799.2829970578622,3.896457765667575
7932,1.2275098160244076,0.8698264427506603,646,792.9713411517673,3.831381733021077
7933,1.0347050256540196,0.7655468384866022,984,1018.1497452435553,3.732134406057738
7934,1.5854825146436997,1.325437715621658,918,1455.4729484429163,3.5531050493325593
7935,1.835360602876244,1.587569404684468,777,1426.0751884348415,3.4712084347120844
7936,1.4656682429760934,1.0952220615842405,980,1436.3548781165716,3.620279358510088
7937,1.4904745760768632,1.2288383989530225,1027,1530.7173896309384,3.627151051625239
7938,1.6575664427212768,1.4710852675923425,1016,1684.0875058048173,3.573559670781893
7939,1.787529161846369,1.6841924064511544,979,1749.991049447595,3.5688987271721087
7940,1.6818885455303854,1.4003460802891148,1034,1739.0727560784185,3.5868766404199475
7941,1.2843733707424967,0.786208364367003,1011,1298.5014778206641,3.584792122538293
7942,1.6266803182866305,1.292705873758052,790,1285.077451446438,3.53486319505737
7943,1.4634270422425644,1.115016843313752,900,1317.084338018308,3.5056338028169014
7944,1.0677403634392906,0.8889847435916138,928,990.8630572716617,3.557571964956195
7945,1.0567775227200276,0.76263787814117,856,904.6015594483436,3.646082337317397
7946,1.3210604540952036,1.0694351848388162,858,1133.4698696136848,3.6227830832196455
7947,1.2299316437616188,0.9096814071342264,904,1111.8582059605035,3.644213104715248
7948,0.7950609141884518,0.4667145353414136,903,717.940005512172,3.6476846057571963
7949,1.8324570958314135,1.4506824378790988,765,1401.8296783110313,3.4578096947935366
7950,1.9121277898231424,1.8215485909064013,784,1499.1081872213435,3.4991624790619764
7951,2.092107546967214,1.7664632597841807,870,1820.1335658614762,3.639116719242902
7952,3.9116242423440735,3.4598155037793266,848,3317.057357507774,3.7649823736780257
7953,3.46825421035633,3.2998024177187837,808,2802.3494019679147,3.7149501661129567
7954,2.8128931324455757,2.304200758549213,799,2247.501612824015,3.7433987813134735
7955,2.050433254512776,1.50513055631389,913,1872.0455613701645,3.746252676659529
7956,2.1074954080926944,1.8962915283242323,817,1721.8237484117315,3.7642384105960267
7957,1.6125243175939539,1.230467958657357,904,1457.7219831049342,3.5411922304085732
7958,1.7202198363904597,1.3685890418357731,911,1567.1202709517088,3.519385026737968
7959,1.1954896380138715,0.8480707548087897,1010,1207.4445343940104,3.51943661971831
7960,1.4925053863829938,1.179497952588608,753,1123.8565559463943,3.485308056872038
7961,1.4925053863829938,1.179497952588608,753,1123.8565559463943,3.485308056872038
7962,1.168558141636338,0.8932642958206732,810,946.5320947254338,3.5686274509803924
7963,0.8244819234774545,0.5561742036829309,898,740.3847672827542,3.5951252538930265
7964,1.4460422113164897,1.1186634911326674,861,1245.0423439434976,3.5640839971035483
7965,2.223153165111276,1.414716902574297,873,1940.812713142144,3.5116104868913856
7966,2.0899051734765335,1.435129351602776,896,1872.555035434974,3.47296322999279
7967,1.7728224999667104,1.3828641758683398,903,1600.8587174699394,3.5083217753120666
7968,2.2649804312840476,1.680345307372327,908,2056.602231605915,3.5274949083503055
7969,3.116981150661588,1.6318664719413567,910,2836.4528471020453,3.569527611443779
7970,2.079076027741101,1.516931698393977,967,2010.466518825645,3.6248630887185103
7971,2.1658424685599034,1.624784367993806,848,1836.6344133387981,3.5916230366492146
7972,1.868781869024057,1.461539054090074,970,1812.7184129533352,3.671253071253071
7973,2.2046657474811076,1.7543785987537797,752,1657.908642105793,3.6772793053545585
7974,1.4822060067864626,1.2146389285939985,772,1144.263037239149,3.718281036834925
7975,0.8906665175242868,0.5668267243914876,591,526.3839118568535,3.683132530120482
7976,1.3675021935736207,1.1036307172538615,744,1017.4216320187737,3.507736943907157
7977,1.3721198675299555,1.0690828493750013,749,1027.7177807799367,3.592558983666062
7978,1.7096807177513207,1.2605019898558476,662,1131.8086351513743,3.6182008368200838
7979,1.5005416837979673,1.102880566704418,879,1318.9761400584132,3.6281481481481483
7980,2.096669009212533,1.4901859451832251,931,1951.998847576868,3.5777146912704048
7981,1.907721840112339,1.1970387235847535,919,1753.1963710632397,3.543846720707443
7982,1.8507438630790758,1.088592654394594,744,1376.9534341308324,3.4880239520958085
7983,1.6895278795232138,0.8872153845846745,815,1376.9652218114193,3.8248429867411025
7984,2.009702132643229,1.0165962655222143,1036,2082.0514094183854,3.677112479015109
7985,5.1732411409815,2.0989265165979196,1046,5411.21023346665,3.7850326469111
7986,4.588341500104229,2.346778310623601,1000,4588.3415001042285,3.518929503916449
7987,2.5252156004186554,1.6989535786907826,986,2489.862582012794,3.483115093039283
7988,2.828688436673451,2.2856316988878236,938,2653.3097535996967,3.7608213096559377
7989,4.2302400155002475,3.373103936742144,844,3570.322573082209,3.6372688477951636
7990,3.758450825507636,2.9076657502147114,909,3416.431800386441,3.669805398618958
7991,2.5640712086212085,2.057734726428019,964,2471.764645110845,3.755700325732899
7992,1.8980220842974613,1.5002273718073336,857,1626.6049262429244,3.6788588149231893
7993,1.6889765240060453,1.24362916335691,871,1471.0985524092655,3.663544668587896
7994,1.145490450364998,0.8747890934938862,766,877.4456849795885,3.644712430426716
7995,0.999269067979001,0.7810500951448001,755,754.4481463241457,3.7142857142857144
7996,0.6708442442989595,0.5339263778535952,847,568.2050749212187,3.7681940700808627
7997,0.6360723059676283,0.5137682559471154,863,548.9304000500632,3.6611030478955007
7998,0.7901232567857142,0.6350123817321705,750,592.5924425892856,3.5815602836879434
7999,0.7614771060657065,0.6059701165078425,788,600.0439595797767,3.5974729241877257
8000,0.6457195243315683,0.4768593441107501,918,592.7705233363797,3.6755674232309747
8001,0.7275320364122944,0.5431008601261047,962,699.8858190286272,3.815229563269877
8002,1.0826509499358714,0.863895307782082,862,933.2451188447212,3.6452648475120384
8003,1.2998890677055912,1.0334330262571068,862,1120.5043763622195,3.6452648475120384
8004,1.2786509479911918,0.938653782104257,935,1195.5386363717644,3.656378600823045
8005,1.079555678401392,0.7474888482831815,1004,1083.8739011149976,3.7130384167636787
8006,0.9195703303558398,0.6289585682881718,963,885.5462281326737,3.689719626168224
8007,1.1732828297253526,0.8703261441660747,899,1054.781263923092,3.49743964886613
8008,1.3302295591894764,1.099145260860912,843,1121.3835183967285,3.5193065405831363
8009,1.3353694054315721,1.1192962892461824,843,1125.7164087788153,3.5193065405831363
8010,1.7996416467822294,1.444240610900866,893,1607.079990576531,3.5123546511627906
8011,2.4677244421032625,1.5385340828631588,940,2319.660975577067,3.5892857142857144
8012,2.806545741345489,2.2832757560215344,750,2104.909306009117,3.547204399633364
8013,1.7250520446390931,1.4549771858006295,771,1330.0151264167407,3.5399644760213143
8014,1.4768245637456476,1.0311002695929958,778,1148.969510594114,3.8390557939914163
8015,1.0252747085530272,0.8808612715929762,740,758.7032843292401,3.87490580256217
8016,1.0399219491024314,0.8698964050515037,722,750.8236472519555,3.8988505747126436
8017,0.7733010047417569,0.6403850633022086,749,579.2024525515759,3.952280701754386
8018,0.4769988745271931,0.3764713215595709,682,325.3132324275457,3.724878048780488
8019,0.6562598415579498,0.4962473745175155,665,436.4127946360366,3.737211634904714
8020,0.5512928584392733,0.2793714557251291,794,437.726529600783,3.800735294117647
8021,0.6057020665048445,0.4064028162484084,867,525.1436916597002,3.7665615141955837
8022,0.721089670006724,0.5019435797816295,819,590.5724397355069,3.703859649122807
8023,0.7024625753149488,0.551245340844746,819,575.3168491829431,3.703859649122807
8024,0.3996571440724876,0.2330177430684193,750,299.7428580543657,3.748687171792948
8025,0.2695731575732539,0.1916233703084405,509,137.21273720478624,3.787425149700599
8026,0.17146508998234988,0.1484622164038553,450,77.15929049205745,3.745142857142857
8027,0.16448284899253568,0.1036068271889684,405,66.61555384197695,3.7577937649880098
8028,0.31508735297750984,0.2084017468991155,206,64.90799471336703,4.334841628959276
8029,0.18165742364024787,0.1154495386711519,717,130.2483727500577,3.9392372333548806
8030,0.9131370969271982,0.6399188509915399,798,728.6834033479042,3.9148211243611586
8031,1.0705733288281918,0.7660880310328014,720,770.8127967562981,3.8210306406685235
8032,1.1871785134181796,0.9214917217921175,778,923.6248834393438,3.791005291005291
8033,1.8329366219336911,1.5115066446634613,853,1563.4949385094385,3.767634854771784
8034,1.8534977192275812,1.6166413397951616,872,1616.2500111664508,3.4810040705563092
8035,1.689699968323325,1.4987025339058064,866,1463.2801725679994,3.460635359116022
8036,1.7356634461164946,1.4922894923023549,832,1444.0719871689234,3.452003023431595
8037,1.6133763687307765,1.349179884387831,953,1537.54767940043,3.55160744500846
8038,1.5812932624166804,1.4313482952179646,996,1574.9680893670138,3.633316404266125
8039,1.4152150349889139,1.215927456849574,880,1245.3892307902443,3.625422582826234
8040,1.1575843647835502,0.8983309978129002,890,1030.2500846573596,3.616611295681063
8041,1.145589923639555,0.7372050969961905,847,970.3146653227031,3.51625386996904
8042,1.5733332759856098,1.1820429783115542,808,1271.2532869963727,3.515025041736227
8043,1.6784446101753898,1.2589599982453823,860,1443.4623647508351,3.4578220858895707
8044,2.0385623002561344,1.6018713958669593,781,1592.117156500041,3.3946666666666667
8045,1.4461843233092093,1.0518299686137238,925,1337.7204990610187,3.5865384615384617
8046,1.2700416015900533,0.9463420563544396,828,1051.594446116564,3.5045871559633026
8047,1.042669860271561,0.8407776018206462,746,777.8317157625844,3.5416293643688452
8048,1.0578246405047134,0.8111621289202934,846,894.9196458669875,3.5689910979228485
8049,2.153739234646217,1.4953419860316082,843,1815.6021748067608,3.572172619047619
8050,2.4050706880557278,2.1579856627791014,771,1854.309500490966,3.504786771105309
8051,2.732835711902905,2.3503249464769507,880,2404.8954264745566,3.645489199491741
8052,3.3987051528512984,3.4656888021703764,866,2943.2786623692245,3.6054237288135593
8053,3.7445447607493603,3.7394254585456643,898,3362.6011951529254,3.574750830564784
8054,4.451186654050083,4.194255953627652,799,3556.4981365860167,3.5806451612903225
8055,2.9913335530069376,2.7627905919426836,884,2644.3388608581326,3.645625
8056,1.8837774087587835,1.5368170660296236,726,1367.622398758877,3.5933572710951527
8057,1.8837774087587835,1.5368170660296236,726,1367.622398758877,3.5933572710951527
8058,1.4805138125700534,1.1618745037823834,874,1293.9690721862266,3.6058344640434195
8059,1.1993840650898604,0.8622906500574693,931,1116.62656459866,3.584547181760608
8060,1.3752562142511269,1.059721668127717,854,1174.4688069704623,3.4718543046357615
8061,1.4934210707569906,1.250664534391258,854,1275.38159442647,3.4718543046357615
8062,1.3673114594628022,1.1307746323494081,892,1219.6418218408196,3.496946564885496
8063,1.0285955241784792,0.8139525932577659,871,895.9067015594553,3.515625
8064,1.8547179376799927,1.3238026541929422,813,1507.885683333834,3.4475394614670383
8065,1.9232636932660088,1.1193190599641674,935,1798.2515532037182,3.6845835794447725
8066,2.071052524582972,1.4624202554224346,918,1901.2262175671683,3.5896946564885495
8067,2.1566130721703667,1.7770085092880428,831,1792.1454629735747,3.6120689655172415
8068,2.21736068843424,1.8219045240567144,841,1864.8003389731957,3.624123422159888
8069,1.5349242366421414,1.1078263238663983,868,1332.3142374053787,3.6527141922825375
8070,1.865283563638976,1.469042304260154,911,1699.273326475107,3.650429799426934
8071,3.557726746806147,2.8804954097387183,767,2728.776414800315,3.57032457496136
8072,3.164785517629027,2.6783417395355853,859,2718.550759643334,3.6783216783216783
8073,2.1547051730648743,1.4268960324948752,859,1850.8917436627269,3.6783216783216783
8074,1.7503926568843318,1.4311699028543277,707,1237.5276084172226,3.7241379310344827
8075,1.8485416901069918,1.5320648869569224,686,1268.0995994133964,3.748709122203098
8076,3.0896770491818377,2.6831733639166977,718,2218.3881213125596,3.5065989847715735
8077,1.626724117732687,1.2665760084280002,722,1174.494813003,3.5851569933396763
8078,1.6073722281512097,1.2519609021741978,710,1141.2342819873588,3.6439688715953307
8079,1.9104418823558056,1.5280827953349565,845,1614.3233905906557,3.826379542395693
8080,2.5690744442177076,1.923991054562764,851,2186.282352029269,4.026860660324567
8081,1.7889862470189721,1.259350027631454,974,1742.472604596479,3.842541436464088
8082,1.5570473299909875,0.9738679570675894,914,1423.1412596117625,3.8429850746268657
8083,1.6182023101881227,1.0571705409866892,867,1402.9814029331023,3.7804878048780486
8084,2.4896481621092814,1.6671092516131032,822,2046.4907892538295,3.782978723404255
8085,3.0088987902503046,2.330667619934264,828,2491.3681983272522,3.92057535959975
8086,2.9520587790626056,2.415885150246304,789,2329.1743766803957,3.658354114713217
8087,2.6209074033758823,2.0080142716749694,766,2007.615070985926,3.6924428822495607
8088,2.8771477127680267,2.283760104053333,901,2592.310089203992,3.7475308641975307
8089,3.8893623220313693,3.2037791328971967,850,3305.957973726664,3.631430584918957
8090,4.182591578186669,3.439484719433957,849,3551.020249880482,3.6413502109704643
8091,3.234204723491978,2.695829438728151,876,2833.1633377789726,3.770253164556962
8092,2.361267288783546,2.012478801812236,739,1744.9765264110406,3.6742857142857144
8093,2.1065484199453146,1.5882349349732034,739,1556.7392823395876,3.6742857142857144
8094,1.9091004384221353,1.3821077864763347,766,1462.3709358313556,3.644712430426716
8095,1.2432733253634118,0.9504345891369476,766,952.3473672283735,3.644712430426716
8096,0.8395771402531661,0.5844515678405089,910,764.0151976303812,3.7930218805440568
8097,0.5868630555973613,0.40270072972400645,1060,622.074838933203,3.6597087378640776
8098,0.7179766558052464,0.5241649868870142,956,686.3856829498155,3.638771824202288
8099,0.6932588142110764,0.4955217749589529,967,670.3812733421108,3.703954802259887
8100,0.5490588607678465,0.367415184952799,880,483.1717974757049,3.6847222222222222
8101,0.9672122733835854,0.7468562227228228,864,835.6714042034178,3.685840707964602
8102,0.7892032595068641,0.5944012998962992,901,711.0721368156845,3.67687074829932
8103,0.8494891341759827,0.6412287141763324,930,790.024894783664,3.705228758169935
8104,1.2720838648084865,0.9740559715473869,924,1175.4054910830414,3.665742024965326
8105,1.3281873470212726,1.0481571670610088,883,1172.7894274197838,3.7076239822353814
8106,1.184265469384875,0.8862735808752341,928,1098.998355589164,3.7250163291966034
8107,1.1219218973263636,0.7981376974147987,928,1041.1435207188654,3.7250163291966034
8108,1.483130698890035,1.1940785705303143,754,1118.2805469630864,3.592224231464738
8109,1.4605412940127032,1.1447602143493638,756,1104.1692182736035,3.5955357142857145
8110,1.5234909107041257,1.1945655520024865,765,1165.4705466886562,3.613379669852302
8111,1.8698462723793907,1.6074861093876969,855,1598.718562884379,3.6461758398856325
8112,2.4867669335902134,2.006776339191548,701,1743.2236204467397,3.58987090367428
8113,2.2556179439806523,1.914627604440375,737,1662.3904247137407,3.5752380952380953
8114,1.6792822021327027,1.2427261297312273,758,1272.8959092165887,3.5386766076421248
8115,1.1879693059038436,0.984216319541503,825,980.074677370671,3.840589417280643
8116,1.1076842639662317,0.9111617178700092,797,882.8243583810865,3.918032786885246
8117,0.9444275983678689,0.7105953277563926,874,825.4297209735174,3.9447353112274577
8118,0.6189821234427647,0.4953706079506811,651,402.95736236123986,3.7290589451913134
8119,0.5745013035251748,0.4299916576848712,750,430.8759776438811,3.8648221343873517
8120,0.6586121201362317,0.4858061173356052,829,545.9894475929361,3.7970191625266145
8121,0.8003631635608828,0.5596595299822571,734,587.466562053688,3.7508445945945947
8122,0.8003631635608828,0.5596595299822571,734,587.466562053688,3.7508445945945947
8123,0.7306090787791204,0.5440415471192781,780,569.8750814477139,3.7076689445709947
8124,0.5201799911718433,0.3876150981614901,890,462.9601921429405,3.7069737683941137
8125,0.20335436736908408,0.1549858668033596,905,184.0357024690211,3.842789598108747
8126,0.1918082278322041,0.1696302012640892,407,78.06594872770707,3.75
8127,0.17967663270355652,0.0930289586562986,405,72.7690362449404,3.7577937649880098
8128,0.20180191624547816,0.2084017468991155,346,69.82346302093545,3.8887468030690537
8129,0.4752061296177638,0.3462318089315606,757,359.7310401206472,3.6460244648318043
8130,1.0914676752122219,0.7772583602691054,718,783.6737908023754,3.6859177215189876
8131,1.1078505006059134,0.8432057115853828,759,840.8585299598882,3.5697018533440774
8132,1.5390175444255956,1.2437910272255794,748,1151.1851232303454,3.580327868852459
8133,2.0249110885613812,1.7474773473894218,734,1486.2847390040538,3.569324090121317
8134,2.249133494810334,2.0536817727426757,729,1639.6183177167336,3.451171875
8135,1.4680851036914693,1.2940710932637889,876,1286.042550833727,3.456403269754768
8136,1.5882300733153438,1.3949898557161895,885,1405.5836148840792,3.4775016789791806
8137,1.8984508599716834,1.5986506769316975,855,1623.1754852757892,3.51542152159013
8138,1.1554803258131212,0.8059294175331482,996,1150.8584045098687,3.633316404266125
8139,1.1859871504295172,0.9239650268560844,879,1042.4827052275457,3.615593220338983
8140,1.3692503749037226,1.083790002748281,781,1069.3845427998074,3.417374881964117
8141,1.3217263935179566,0.9216963548092648,831,1098.354633013422,3.3780276816608996
8142,1.9522571800170412,1.6345390829448685,767,1497.3812570730706,3.3843873517786562
8143,1.9563477913280458,1.5868197056050408,823,1610.0742322629817,3.3315602836879434
8144,2.172085455603324,1.6292833857790834,758,1646.4407753473195,3.3709369024856595
8145,1.8500335960254832,1.322124586488718,838,1550.328153469355,3.504119850187266
8146,1.4664722184137189,1.1775849846768942,797,1168.7783580757339,3.5036855036855035
8147,1.0798300602807829,0.82276609376862,813,877.9018390082765,3.5137318255250403
8148,1.1223788701733468,0.8557761289108439,797,894.5359595281574,3.520797227036395
8149,1.2025074885065348,0.8426518006654419,850,1022.1313652305546,3.5760950259836672
8150,1.039330310939551,0.7383667175906169,1055,1096.4934780412264,3.7673068334077713
8151,2.238059907203279,2.0767342569385,955,2137.3472113791313,3.7533401849948613
8152,2.8458213894195166,2.659408413459243,799,2273.8112901461936,3.584104938271605
8153,3.179939817110751,3.1125790247522462,835,2655.249747287477,3.5888399412628487
8154,3.788206495548088,3.375633269041631,859,3254.069379675808,3.6245710363761154
8155,1.9469876469316114,1.795271595406971,888,1728.925030475271,3.680073126142596
8156,1.7029861479418837,1.3731700985647295,776,1321.5172508029018,3.6451612903225805
8157,1.7949291768313405,1.4212198946420342,762,1367.7360327454815,3.6349873843566023
8158,1.4482883491812906,1.2018975713806883,847,1226.7002317565532,3.6082621082621085
8159,1.1391225324344085,0.8337177298613404,933,1062.8013227613033,3.5947467166979363
8160,1.5648938797227065,1.2652208689531523,869,1359.892781479032,3.5133858267716533
8161,1.8007145814309196,1.4797337988274133,807,1453.1766672147521,3.471059661620659
8162,1.6881684986517225,1.3270369334239054,851,1436.6313923526159,3.4947025264873677
8163,1.7878955420192577,1.4183060859115606,790,1412.4374781952135,3.464354527938343
8164,1.678343551212556,1.2361831572848816,837,1404.7735523649094,3.4229390681003586
8165,1.5654833637850125,1.0469308517505587,980,1534.1736965093123,3.5789156626506022
8166,1.6169573580271137,1.292988733801138,965,1560.3638504961648,3.612232779097387
8167,2.248581310595938,1.83541417513455,852,1915.791276627739,3.590845070422535
8168,1.9172450648383004,1.5582834423914511,855,1639.2445304367468,3.6542800265428004
8169,16.56211256550523,8.441228769331637,842,13945.298780155405,3.62217659137577
8170,1.6913984500636268,1.209026385980405,850,1437.6886825540828,3.68100799016595
8171,2.6134217997528646,1.6788832894885837,1133,2961.0068991199955,3.677620632279534
8172,2.997215956179378,2.3504049651004872,949,2844.35794241423,3.575877689694224
8173,2.17447904279286,1.6755834279771415,917,1993.997282241053,3.701388888888889
8174,2.044356650596873,1.6581107426834665,914,1868.5419786455418,3.666279069767442
8175,3.1538688809318596,2.693365947544136,833,2627.172777816239,3.7304918032786887
8176,3.2593739802412696,2.8016394650664944,803,2617.2773061337393,3.6046141607000797
8177,2.1913738180156566,1.7381896266737507,864,1893.3469787655274,3.697967764540995
8178,1.8432297353014913,1.498497415156557,829,1528.0374505649363,3.6632083000798086
8179,2.3292939035034412,1.822078896536522,803,1870.4230045132633,3.8531157270029674
8180,2.4234410392739125,2.018886471972214,839,2033.2670319508127,4.024271844660194
8181,2.2035952942850625,1.749630567400127,869,1914.9243107337195,3.9280254777070063
8182,2.1276191058421854,1.6731966924884474,807,1716.9886184146437,3.9118667591950036
8183,1.8978396745699684,1.407536443765489,855,1622.652921757323,3.8202702702702704
8184,1.6089286003224914,1.2347474076898235,833,1340.2375240686354,3.8486301369863014
8185,2.5331287083219345,2.0035576959981523,826,2092.364313073918,3.9278091650973006
8186,3.0550591394526316,2.4452064535198965,809,2471.542843817179,3.6707717569786533
8187,3.018711035769036,2.458821916068568,807,2436.099805865612,3.6766129032258066
8188,3.1675054435546697,2.3825689163815653,884,2800.074812102328,3.777365491651206
8189,3.531393187888889,2.8724663297572053,839,2962.838884638778,3.662490788504053
8190,3.6313368887944963,3.103940248630357,869,3155.6317563624175,3.6616746085772633
8191,3.187360412570061,2.6949755404262845,870,2773.003558935953,3.8093730208993035
8192,2.4372866521969496,2.1581492874032584,735,1791.405689364758,3.681075888568684
8193,2.311786301471523,1.994822157351429,759,1754.645802816886,3.691413237924866
8194,1.792292073297452,1.2793360140063965,832,1491.1870049834802,3.6239870340356566
8195,1.462823962010085,1.0706694528843967,824,1205.36694469631,3.631100082712986
8196,0.8883441744166359,0.6734226457875641,889,789.7379710563894,3.734312416555407
8197,0.747762445666697,0.5791856017438417,935,699.1578866983617,3.5804150453955903
8198,0.867532515768848,0.6620959310633884,940,815.4805648227172,3.6005009392611145
8199,0.8470680196459947,0.680296602485186,803,680.1956197757337,3.615929203539823
8200,0.6315327975071078,0.4673343267551199,748,472.38653253531663,3.5215562565720293
8201,0.7363235704049617,0.6030742195271048,829,610.4122398657132,3.642857142857143
8202,0.8106669628003803,0.6202698099632518,904,732.8429343715438,3.727272727272727
8203,1.0929896263014987,0.8538500052422835,864,944.3430371244949,3.680155642023346
8204,1.3461593152792273,1.0587959635218862,866,1165.7739670318108,3.656422379826635
8205,1.3723860977632616,1.1010235677912519,848,1163.7834109032458,3.658258746948739
8206,1.3727300747877949,1.1011548425512898,848,1164.07510342005,3.658258746948739
8207,1.2211141486333552,0.9073249562151813,928,1133.1939299317537,3.7250163291966034
8208,1.1895912380625722,0.9010924184328213,928,1103.940668922067,3.7250163291966034
8209,1.3312284894858006,0.965118515527264,873,1162.162471321104,3.6282352941176472
8210,1.477489237582935,1.166280494718462,822,1214.4961532931725,3.619607843137255
8211,1.68440329042728,1.18982317392059,871,1467.115265962161,3.680763983628922
8212,2.0133373758628785,1.6755953233995535,779,1568.3898157971823,3.6039861351819757
8213,1.9476071302372724,1.477930923906303,756,1472.390990459378,3.609625668449198
8214,1.5608361358013843,1.3018520684296748,819,1278.3247952213337,3.602893890675241
8215,1.1343510535451895,0.8089245778818612,943,1069.6930434931137,4.0611753371868975
8216,1.210124866040331,0.9128226054907344,787,952.3682695737405,3.9787781350482314
8217,0.8795109122131765,0.6112983606526509,922,810.9090610605487,4.090462143559488
8218,0.5956743437422655,0.42977163654641204,844,502.7491461184721,4.077986725663717
8219,0.6805879347933284,0.5507276808626222,750,510.44095109499625,3.8648221343873517
8220,0.6739701653730648,0.5356625337314959,794,535.1323113062134,3.733490566037736
8221,0.8003631635608828,0.5596595299822571,734,587.466562053688,3.7508445945945947
8222,0.8003631635608828,0.5596595299822571,734,587.466562053688,3.7508445945945947
8223,0.8003631635608828,0.5596595299822571,734,587.466562053688,3.7508445945945947
8224,0.6903365691976867,0.5354360636776707,802,553.6499284965447,3.7194076383476227
8225,0.4420608010277829,0.366951986356784,739,326.6829319595316,3.847068145800317
8226,0.11871160930750574,0.0052108844314704,641,76.09414156611118,3.917975567190227
8227,0.11396595625224559,0.03769300062561105,708,80.68789702658988,3.739894551845343
8228,0.12785887866953885,0.04681889035082255,718,91.80267488472889,3.7899505766062602
8229,0.9394648738092685,0.6906932483879653,718,674.5357793950548,3.8772053634438954
8230,1.1080552830007044,0.7769320350060809,787,872.0395077215544,3.7790387182910545
8231,1.3391877807297126,1.0061098871597003,751,1005.7300233280141,3.6556603773584904
8232,1.4726154149606114,1.1189360075363122,712,1048.5021754519553,3.654353562005277
8233,1.444040957318793,1.291686818709765,802,1158.1208477696719,3.631422189128816
8234,1.4810673485661119,1.2680273808688671,729,1079.6980971046955,3.451171875
8235,1.2759686778347898,1.1051719951834205,811,1034.8105977240145,3.45673438675696
8236,1.3619257640001599,1.2291695083027285,858,1168.532305512137,3.4703808180535964
8237,1.6359790829668093,1.3837362784157723,873,1428.2097394300245,3.472791519434629
8238,1.142446175931052,0.9015132019100424,873,997.3555115878083,3.472791519434629
8239,1.3182347882364174,1.0869828748279122,795,1047.9966566479518,3.4257425742574257
8240,1.494465638354531,0.9436264007721998,747,1116.3658318508346,3.3854692230070635
8241,1.4672522175028428,0.9908684631505248,805,1181.1380350897884,3.3438914027149322
8242,2.325119942859547,1.8864948961604455,731,1699.6626782303288,3.357442348008386
8243,2.134550883981095,1.7267274895562696,794,1694.8334018809894,3.3017641597028784
8244,2.067155951856077,1.5637611515213687,800,1653.7247614848618,3.309872029250457
8245,1.7168587050246649,1.2137171431555631,885,1519.4199539468284,3.4673758865248225
8246,1.359830235739848,1.0673017154618898,855,1162.65485155757,3.4485407066052227
8247,1.129419695211619,0.8833180149301596,849,958.8773212346644,3.4750390015600625
8248,1.149952880617746,0.9125016215760716,782,899.2631526430773,3.53904282115869
8249,1.0494983210889384,0.7426899198396497,900,944.5484889800445,3.6944444444444446
8250,1.0107897324509056,0.6934201106033493,946,956.2070868985568,3.7318526543878656
8251,1.6376583410799892,1.3544677799477358,980,1604.9051742583895,3.922473867595819
8252,2.250731747277342,2.0644595827470167,896,2016.6556455604982,3.87596500257334
8253,1.9858911773701846,1.8769570218007092,917,1821.0622096484592,3.8878458498023716
8254,0.9123250403095567,0.7505709972744012,828,755.405133376313,3.6232091690544412
8255,0.9950227148303417,0.7553449920137512,598,595.0235834685443,3.629854368932039
8256,0.9237787668843153,0.7575095810019292,776,716.8523231022286,3.6451612903225805
8257,1.47193264992827,1.244099047383679,843,1240.8392238895317,3.6875
8258,1.2951666480935657,0.9768212141793566,857,1109.957817416186,3.648322147651007
8259,1.2403173929987366,0.9073411524116962,798,989.7732796129917,3.5495420482930893
8260,1.2970965183432424,1.0128158407264436,830,1076.590110224891,3.5130581297388375
8261,1.6461728510999254,1.3226754322765502,868,1428.8780347547352,3.5290923196276185
8262,1.665557025134964,1.245428987686045,851,1417.3890283898545,3.4947025264873677
8263,1.4855538042644978,1.1791912797180908,796,1182.5008281945402,3.461320754716981
8264,1.299182218365773,0.9640126875143632,717,931.5136505682593,3.481798715203426
8265,1.164628325256665,0.8859891615625681,765,890.9406688213487,3.4947768281101617
8266,0.9361851101775851,0.6378433923013076,889,832.2685629478732,3.5445544554455446
8267,1.0124588987325158,0.7005451444809337,879,889.9513719858815,3.625742574257426
8268,1.3145805267289308,0.9790971943539786,911,1197.582859850056,3.658181818181818
8269,5.871538827719148,4.429617715188569,747,4386.0395043062035,3.669053301511535
8270,2.7175222145583153,1.9715096033119144,1050,2853.3983252862313,3.6364541832669324
8271,5.139060782751789,3.932087518961876,1103,5668.384043375224,3.685726569217541
8272,4.740520006199602,3.0553061848297123,1155,5475.3006071605405,3.6424914675767917
8273,3.829005129980053,2.0408679740251774,1155,4422.500925126961,3.6913530824659726
8274,3.687334287934789,3.146470423796485,841,3101.0481361531574,3.6925545571245184
8275,4.0048369745564765,3.3582734616899175,772,3091.7341443576,3.5681211041852183
8276,3.9435129848084367,2.989364222733507,803,3166.640926801175,3.5764909248055314
8277,3.7228820315179783,3.1821485998490857,871,3242.630249452159,3.702571230020848
8278,3.218911458768236,2.5542038712418353,902,2903.458135808949,3.8873483535528597
8279,2.2783222245247376,1.968634182227444,825,1879.6158352329087,3.891304347826087
8280,2.2544479217712703,1.8679019565522665,824,1857.6650875395267,4.001882057716436
8281,2.235357263448032,1.8914709258181277,830,1855.3465286618664,3.9856429463171037
8282,2.242562451546146,1.7311909209031726,799,1791.8073987853707,3.996782496782497
8283,2.3346806195679632,1.8502961078746858,768,1793.0347158281959,3.8889728096676737
8284,1.351224343003552,1.1245010926454837,801,1082.3306987458452,3.8716690042075736
8285,1.3745505752486988,1.074409792390345,804,1105.1386624999539,3.9559748427672954
8286,2.0195761137655013,1.5647188586663368,837,1690.3852072217244,3.652073732718894
8287,2.9462482367315395,2.186088209556802,873,2572.074710666634,3.7923702313946217
8288,2.931033708771785,2.01510162852001,938,2749.309618827934,3.8681043129388164
8289,2.9125376262715528,2.2470548931765846,848,2469.831907078277,3.840783833435395
8290,2.8715859649380264,2.2430320482389807,867,2489.6650316012688,3.8461538461538463
8291,2.492915728930244,1.9436141910624467,959,2390.7061840441042,3.857073643410853
8292,1.8083772839755647,1.4860960181441825,902,1631.1563101459594,3.8028169014084505
8293,1.6156840196553302,1.3131223096070324,834,1347.4804723925454,3.6782945736434107
8294,1.2653489660063404,0.9458008543961982,790,999.6256831450089,3.673931996512642
8295,1.0961693000862398,0.8076887744538823,803,880.2239479692506,3.724028548770817
8296,0.7703307219488329,0.6169575318540406,878,676.3503738710752,3.717878993881713
8297,0.7799126088967223,0.6490402414931798,811,632.5091258152418,3.5822676896845693
8298,0.748757290537903,0.6491274812614467,834,624.4635803086111,3.6237704918032785
8299,0.8093838416651933,0.6529404624838988,820,663.6947501654585,3.679870654810024
8300,0.5867152002671454,0.41513708253587445,794,465.8518690121134,3.6175687666370897
8301,0.7100579309195838,0.584701652590331,829,588.638024732335,3.642857142857143
8302,0.7981539780476034,0.6449409263461336,829,661.6696478014632,3.642857142857143
8303,1.1439775105252619,0.9003411179787192,864,988.3965690938263,3.680155642023346
8304,1.3695202906880437,1.0977937830230498,848,1161.353206503461,3.658258746948739
8305,1.3254859450004715,1.0437207570349396,848,1124.0120813603999,3.658258746948739
8306,1.3727300747877949,1.1011548425512896,848,1164.07510342005,3.658258746948739
8307,1.3727300747877949,1.1011548425512896,848,1164.07510342005,3.658258746948739
8308,1.2580460378076355,0.9590775246568444,914,1149.8540785561788,3.6905890318212595
8309,1.5458050026069128,0.907348261685599,1045,1615.3662277242238,3.850818094321463
8310,1.6582191615015294,1.146826149722402,914,1515.6123136123979,3.852488151658768
8311,2.0135541722118115,1.4832585158246967,699,1407.4743663760562,3.5402298850574714
8312,2.109075192123328,1.6235036746834968,708,1493.2252360233163,3.551362683438155
8313,1.832182622353397,1.4200073229923424,744,1363.1438710309274,3.5975143403441683
8314,1.8776176461192189,1.2982888328702378,875,1642.9154403543166,3.90865093768905
8315,1.5345525682258925,1.051985190736608,924,1417.9265730407246,4.071218074656189
8316,1.2089614265087414,0.8874669225458421,728,880.1239184983638,3.972563176895307
8317,0.9009558086451992,0.64703172565716,797,718.0617794902238,3.9539918809201624
8318,0.6847942205479302,0.48807211757398794,812,556.0529070849193,4.065882352941176
8319,0.6375841046133269,0.48149967438787766,812,517.7182929460215,4.065882352941176
8320,0.6356002524612759,0.4704855443951086,919,584.1166320119125,4.091889357712143
8321,0.6597297039080977,0.485398740560908,919,606.2915978915418,4.091889357712143
8322,0.8003631635608828,0.5596595299822571,734,587.466562053688,3.7508445945945947
8323,0.8003631635608828,0.5596595299822571,734,587.466562053688,3.7508445945945947
8324,0.678180160738923,0.5316290869917707,794,538.4750476267048,3.733490566037736
8325,0.611474729552493,0.4983529772910341,743,454.3257240575023,3.771551724137931
8326,0.23401048545417172,0.167703754536044,889,208.03532156875866,3.8384332925336597
8327,0.1932739510425986,0.1316902088514031,856,165.4425020924644,3.7882670262980445
8328,0.3616074960129505,0.2603984617102099,769,278.0761644339589,3.781299524564184
8329,0.5147429624051832,0.4255271574385865,799,411.27962696174137,3.9390986601705236
8330,0.9437500498660993,0.729865967611148,816,770.100040690737,3.924449732302201
8331,1.7022900957826643,1.4559910163902017,660,1123.5114632165585,3.6805293005671076
8332,1.7977535640405646,1.5560040743954462,628,1128.9892382174746,3.607260726072607
8333,1.05517404339011,0.826448472722471,780,823.0357538442858,3.5389773679798826
8334,1.0056149018891707,0.8659697817653064,726,730.0764187715379,3.568391866913124
8335,1.0960141685411715,0.9589833971483959,894,979.8366666758074,3.6424278846153846
8336,1.1000430891932458,0.899205158124605,925,1017.5398575037523,3.573960880195599
8337,1.2275291373758164,0.977738621043682,917,1125.6442189736235,3.58230198019802
8338,1.1382227137793417,0.9451494118274568,798,908.3017255959147,3.5647058823529414
8339,1.226085339377933,1.0134024745721126,750,919.5640045334497,3.413622902270484
8340,1.4095160220394787,1.0802750998221091,820,1155.8031380723726,3.441098317094774
8341,1.865960235575305,1.3612130380664844,874,1630.8492458928167,3.372168284789644
8342,2.288934472200596,1.958240191661064,826,1890.6598740376924,3.3543733092876464
8343,2.0250889159076895,1.6014654024929529,863,1747.651734428336,3.332752613240418
8344,1.7094339879229858,1.317326754066333,856,1463.2754936620759,3.3269069572506287
8345,1.4103671557951398,1.033948474823452,905,1276.3822759946015,3.496617050067659
8346,1.251261401364304,0.8651384835126262,886,1108.6176016087734,3.695376820772641
8347,1.0908581833343136,0.8210421545170566,917,1000.3169541175656,3.680682510664229
8348,0.9570027973464801,0.7397088093069972,884,845.9904728542884,3.709455228553538
8349,0.9208018268341767,0.7055951387473158,900,828.721644150759,3.6944444444444446
8350,0.9994694844773241,0.7710277891258908,913,912.5156393277969,3.6361323155216283
8351,1.4433838576558504,1.1996035057478394,948,1368.3278970577462,3.892857142857143
8352,1.949494084519247,1.6559668885156413,812,1582.9891966296286,3.8675
8353,1.7046901913218138,1.455515787748424,866,1476.2617056846907,3.894529046813311
8354,0.7737600809868669,0.6034783835916806,866,670.0762301346267,3.894529046813311
8355,0.9950227148303417,0.7553449920137512,598,595.0235834685443,3.629854368932039
8356,0.9421579614917598,0.7728214476490647,660,621.8242545845615,3.6241610738255035
8357,1.4277141351863978,1.1338282184773651,787,1123.611024391695,3.6282495667244365
8358,1.961041779245449,1.3991583230839335,865,1696.3011390473134,3.6228932584269664
8359,1.7223251381800597,1.3026827794591649,824,1419.1959138603693,3.6003074558032284
8360,1.536104106651794,1.1783290792962644,751,1153.6141840954972,3.5875451263537905
8361,1.492062263464821,1.096486345377608,900,1342.856037118339,3.580511402902557
8362,1.6554959606425805,1.3170449621600508,800,1324.3967685140644,3.5036297640653356
8363,1.3030944673162062,0.981774732410413,849,1106.327202751459,3.4946147473073736
8364,1.7274324220143291,1.3541030579055744,727,1255.8433708044172,3.470954356846473
8365,1.5537392760436592,1.185066334709663,796,1236.7764637307528,3.49644128113879
8366,1.2680994801333472,0.9626691354711864,634,803.9750704045421,3.553386911595867
8367,1.2680994801333472,0.9626691354711864,634,803.9750704045421,3.553386911595867
8368,1.072141488057979,0.8326769600197607,753,807.3225405076581,3.611952861952862
8369,1.3451660978720477,0.6620624658162589,1162,1563.0830057273195,3.656425789701428
8370,4.645917950458033,3.2020974762104495,1130,5249.887284017577,3.647349505840072
8371,5.797859045863295,5.030477269881969,993,5757.274032542252,3.5220458553791887
8372,5.1169441577807735,4.132963271354182,1074,5495.598025456551,3.5741116751269035
8373,6.3067381996238865,5.479504408933543,807,5089.537727096476,3.5469107551487413
8374,5.188693257199606,4.705891150598934,882,4576.427452850053,3.5818791946308726
8375,3.2802107533835008,2.5154409858959896,950,3116.2002157143256,3.664367816091954
8376,3.2960801100916455,2.6371535745703767,993,3273.007549321004,3.702673213311511
8377,3.947698158116254,3.265453715759863,834,3292.380263868956,3.6445283018867927
8378,3.6264924293341965,2.983329769322762,879,3187.6868453847587,3.8196614583333335
8379,2.3749618037395224,2.040359359180673,783,1859.5950923280461,3.8223308883455585
8380,2.508677631924338,2.159392924953036,741,1858.9301252559344,3.830769230769231
8381,2.2801282306929607,1.955774305737867,778,1773.9397634791235,3.806530612244898
8382,2.0744160888808767,1.6326621930498375,799,1657.4584550158206,3.996782496782497
8383,2.2748630243150636,1.7642381758140018,783,1781.2177480386947,3.871737509321402
8384,1.3252610761595687,1.111775480396195,818,1084.0635602985271,3.891008174386921
8385,1.1228833114269237,0.8395255841296678,811,910.6583655672351,3.9772027110289585
8386,1.9546668540598915,1.475525036872904,822,1606.7361540372308,3.9428044280442807
8387,2.149784344316312,1.6537289259044137,911,1958.4535376721599,3.8676318510858323
8388,2.5844274558320417,1.9923141438014107,877,2266.5428787647006,3.8352668213457077
8389,3.0371170788728175,2.527901374354142,830,2520.8071754644384,3.7684495599187544
8390,3.108301758548985,2.5773517965763206,801,2489.749708597737,3.7772133526850507
8391,3.126498043522544,2.61810752732925,788,2463.6804582957648,3.744203440538519
8392,2.40401308633715,1.848233456884024,872,2096.2994112859947,3.8205756276791183
8393,1.033863480154915,0.6544876018896385,909,939.7819034608177,3.8378378378378377
8394,1.097331848801644,0.8202586096021363,803,881.1574745877201,3.724028548770817
8395,0.9341652952684285,0.7337474539726729,808,754.8055585768902,3.727201257861635
8396,0.8206674627701338,0.6682423201361021,815,668.8439821576591,3.6029292107404394
8397,0.7398860850376973,0.6375944129425128,776,574.1516019892531,3.6089285714285713
8398,0.7750919027380531,0.665260647343169,728,564.2669051933026,3.6554379210779597
8399,0.7011683891050943,0.609072271802581,766,537.0949860545022,3.652885443583118
8400,0.30523710731836345,0.2403271023164511,720,219.77071726922168,3.599805258033106
8401,0.39860967652535806,0.322732809921369,874,348.38485728316294,3.6979310344827585
8402,1.036262071966936,0.7968843234393993,862,893.2579060354989,3.6452648475120384
8403,1.3491615693055141,1.0635889399022354,862,1162.977272741353,3.6452648475120384
8404,1.3720686795332528,1.1009024288807896,848,1163.5142402441984,3.658258746948739
8405,1.3693828432956572,1.0975315071707907,848,1161.2366511147172,3.658258746948739
8406,1.367289320073711,1.093536665379139,848,1159.461343422507,3.658258746948739
8407,1.3727300747877949,1.1011548425512896,848,1164.07510342005,3.658258746948739
8408,1.3727300747877949,1.1011548425512896,848,1164.07510342005,3.658258746948739
8409,2.0313551094351743,1.3835612129624082,966,1962.2890357143785,3.8512071869736104
8410,2.6361232333339477,1.9090212305498033,854,2251.2492412671913,3.8331053351573185
8411,2.0542176145064244,1.6045044296452233,868,1783.0608893915764,3.8408488063660475
8412,1.4209680472225554,1.032516547789845,837,1189.350255525279,3.86743711760707
8413,1.4098036193108205,1.0479618755022062,860,1212.4311126073057,3.88265306122449
8414,2.0139968169124955,1.3558262479734302,887,1786.4151766013836,4.0734840698869474
8415,1.0051640518796208,0.687951181301531,898,902.6373185878995,4.054011536444677
8416,1.0202410232736498,0.7659564981343494,797,813.132095549099,3.920698924731183
8417,0.7816427965476371,0.5287126436529597,832,650.3268067276341,3.934543097861309
8418,0.7230556372442739,0.5251723434721811,802,579.8906210699076,3.965631196298744
8419,0.8017942608745142,0.5569261293551381,968,776.1368445265298,4.2070767993566545
8420,0.8790990931969861,0.6829453494078934,864,759.541616522196,4.1341523341523345
8421,0.6001156612603756,0.4364349930912357,919,551.5062926982852,4.091889357712143
8422,0.6923089121421587,0.49714207243148323,794,549.6932762408741,3.733490566037736
8423,0.7363012983700125,0.5300319074535214,794,584.6232309057899,3.733490566037736
8424,0.6254074693538879,0.4747650915845698,823,514.7103472782497,3.712121212121212
8425,0.4640125294037981,0.3692795054487391,847,393.018612405017,3.7359712230215827
8426,0.30144134904907394,0.2044703574293178,869,261.95253232364524,3.8351164254247956
8427,0.4885099865110457,0.37627170695475876,752,367.3595098563064,3.6832298136645965
8428,0.4681281678637856,0.3596580536662821,888,415.6978130630416,3.6580829756795423
8429,0.46288524952148186,0.3534181433671628,888,411.0421015750759,3.6580829756795423
8430,0.6713694318437252,0.5748932386874157,781,524.3395262699494,3.633529907329402
8431,1.4185532705590742,1.2255526123689098,687,974.546096874084,3.54020618556701
8432,1.3778400666403061,1.2081764359518328,687,946.5761257818903,3.54020618556701
8433,1.0117922337675418,0.880158534762307,718,726.466823845095,3.5191740412979353
8434,0.8291748142535688,0.6809933297840476,783,649.2438795605443,3.632974316487158
8435,1.1096319805812684,0.8911230472829084,789,875.4996326786209,3.6359143327841843
8436,1.145984048561121,0.908949421579498,776,889.2836216834298,3.551477170993733
8437,1.5335885686878712,1.2522785856865717,762,1168.594489340158,3.5616438356164384
8438,1.3712350844879189,1.1207914861322035,798,1094.2455974213592,3.5647058823529414
8439,1.195763884822714,0.9503866268197003,830,992.4840244028526,3.590551181102362
8440,1.619435747092228,1.2695535864147407,804,1302.0263406621514,3.4573002754820936
8441,2.9634035558229135,2.3587151592064237,699,2071.4190855202164,3.409297052154195
8442,2.7783088486078196,2.172028864575565,733,2036.5003860295317,3.3845303867403316
8443,1.6716039707962795,1.215586857619026,854,1427.5497910600227,3.4168797953964196
8444,1.382855876796447,1.0303643501720003,778,1075.8618721476357,3.4238603297769155
8445,1.1980370940532716,0.7427172619209318,901,1079.4314217419978,3.710526315789474
8446,1.1241513434216845,0.8101891069010562,920,1034.2192359479498,3.7028811524609844
8447,0.8802487409175326,0.7065555788879279,932,820.3918265351404,3.6769323671497585
8448,0.9675251202132212,0.7964230879063007,802,775.9551464110034,3.65375854214123
8449,1.0190081250553287,0.8364642636692045,851,867.1759144220847,3.6431095406360425
8450,1.3877456732606852,1.1859188130593612,830,1151.8289088063686,3.6573275862068964
8451,1.328442152724766,0.9625385091646718,967,1284.6035616848487,3.8887317303158886
8452,1.6636996116338822,1.1813192259358778,835,1389.1891757142917,3.8608433734939758
8453,1.3436216635354217,1.0205556134976317,855,1148.7965223227854,3.869061413673233
8454,1.091315735031296,0.8794425562178219,824,899.244165665788,3.911309523809524
8455,0.8576863029286725,0.7181469818201659,829,711.0219451278696,3.9463443396226414
8456,1.4809187078095807,1.2739110876769235,757,1121.0554618118526,3.6091515729265966
8457,1.8801118322866792,1.6837349579338121,824,1549.2121498042236,3.643696162881754
8458,2.6025904599969434,2.1730674580572504,824,2144.5345390374814,3.643696162881754
8459,3.0996546929231568,2.6114888995651517,798,2473.524444952679,3.5953806672369546
8460,2.9273791998332923,2.448915223064762,761,2227.7355710731354,3.6039426523297493
8461,1.952610150247002,1.4587579206631196,893,1743.6808641705727,3.5845311430527036
8462,2.349642056138041,1.8919964386500503,815,1914.9582757525036,3.5448504983388704
8463,1.8395240232752832,1.4749684700936943,856,1574.6325639236425,3.4666130329847142
8464,2.3186008809617564,1.7866637569588502,637,1476.9487611726388,3.533249686323714
8465,1.7235366626254547,1.318694728898357,749,1290.9289603064656,3.466403162055336
8466,1.2680994801333472,0.9626691354711864,634,803.9750704045421,3.553386911595867
8467,1.2039705382034855,0.9506545440764904,668,804.2523195199283,3.496132596685083
8468,1.326444084396954,1.0413938590619205,834,1106.2543663870597,3.4835796387520523
8469,1.6811693205897906,1.3563955662590828,831,1397.051705410116,3.4854771784232366
8470,2.233728736840746,1.5977696039612894,1082,2416.894493261687,3.541730670762929
8471,4.047105505170831,1.8279566276984256,1270,5139.823991566955,3.545601945683016
8472,5.495142411982737,2.698539459760861,1219,6698.578600206957,3.572628043660789
8473,5.457511191050207,3.299847165062128,1152,6287.052892089839,3.6172185430463575
8474,6.634296739891635,5.73776913574581,890,5904.524098503555,3.578176979374584
8475,6.1445940251053175,4.381620028348301,1027,6310.498063783161,3.591792656587473
8476,4.555505031852574,3.035930278327089,1058,4819.724323700023,3.622670807453416
8477,3.712052000273798,3.067841376572306,861,3196.07677223574,3.5775075987841944
8478,3.3532147460761275,2.76255441549099,910,3051.425418929276,3.813193588162762
8479,1.3758718171126119,1.150266271939885,787,1082.8111200676256,3.812549642573471
8480,1.4907193593352297,1.275349876598766,749,1116.548800142087,3.8341793570219966
8481,1.0911275424238118,0.920961328486645,784,855.4439932602685,3.8114886731391584
8482,1.382695498360929,1.0933719819956518,814,1125.5141356657962,3.987905792488861
8483,1.2449035903172843,0.9752610471215212,831,1034.5148835536631,4.065315315315315
8484,0.8721760552853063,0.6865246736496564,814,709.9513090022393,4.079067121729238
8485,0.9037185801478071,0.6611188846521906,851,769.0645117057838,4.012914093206064
8486,1.218970961599212,0.9050862230422932,935,1139.737849095263,4.008857808857809
8487,1.464547214330917,1.0648527383458033,943,1381.0680231140548,3.9193245778611634
8488,2.325947119121906,1.9793407111409391,816,1897.972849203475,3.8428761651131826
8489,3.0388677903929975,2.7381920117973504,854,2595.1930929956197,3.833230389129092
8490,3.1317096576783263,2.6510583433609964,791,2477.182339223556,3.7571955719557195
8491,2.72698701239976,2.1096084718363413,896,2443.380363110185,3.720023980815348
8492,1.8627643907874138,1.39795138450727,938,1747.2729985585943,3.71228266965788
8493,1.0313334987701006,0.7106060782433301,960,990.0801588192967,3.8049281314168377
8494,0.8594782955574295,0.6152806627524183,898,771.8115094105717,3.7192307692307693
8495,0.9127329384070673,0.7414264030379326,767,700.0661637582206,3.5605214152700184
8496,0.8012813303822462,0.6742797787047712,796,637.819938984268,3.6307821698906646
8497,0.7750919027380531,0.665260647343169,728,564.2669051933026,3.6554379210779597
8498,0.7750919027380531,0.665260647343169,728,564.2669051933026,3.6554379210779597
8499,0.6470502049446897,0.5598968723557727,775,501.4639088321345,3.6384615384615384
8500,0.32748195138808056,0.2644976898742869,633,207.29607522865498,3.5157894736842104
8501,0.7051729777601796,0.5277521332838544,901,635.3608529619219,3.7095081967213113
8502,3.0922898058235972,0.9336291269924589,930,2875.8295194159455,3.719974309569685
8503,1.6633990877357652,1.1899109324335566,869,1445.49380724238,3.664591439688716
8504,1.2888893720314474,1.023672068421397,863,1112.3115280631391,3.6899529042386185
8505,1.3385483719538507,1.0563611292842352,863,1155.1672449961732,3.6899529042386185
8506,1.3727300747877949,1.1011548425512896,848,1164.07510342005,3.658258746948739
8507,1.3727300747877949,1.1011548425512896,848,1164.07510342005,3.658258746948739
8508,1.3727300747877949,1.1011548425512898,848,1164.07510342005,3.658258746948739
8509,2.0313551094351743,1.3835612129624082,966,1962.2890357143785,3.8512071869736104
8510,2.7945971359219253,2.0958185619206864,806,2252.445291553072,3.8396436525612474
8511,2.6926869798400928,2.027711891910843,825,2221.4667583680766,3.844778254649499
8512,2.5112350759898256,1.9823715130259825,776,1948.7184189681047,3.89395070948469
8513,2.0245317250653154,1.350153860275494,935,1892.9371629360699,4.051256776737309
8514,1.4193934709407314,0.9425362190127481,910,1291.6480585560655,4.064781491002571
8515,1.0826318153749348,0.6936155810203308,824,892.0886158689464,3.9017916390179166
8516,0.7685726901152088,0.5117860515963943,805,618.7010155427431,3.9206873760740253
8517,0.8158489982077288,0.5957939769418219,712,580.8844867239029,4.005738880918221
8518,0.6562763265551703,0.3859027195269203,929,609.6807073697532,4.215726636475916
8519,1.0623951651646493,0.6577586527709695,968,1028.3985198793805,4.2070767993566545
8520,0.9040506102339437,0.6093014609031373,979,885.065547419031,4.0510483135824975
8521,0.9114817694245434,0.6489288656168852,951,866.8191627227408,4.05552963135791
8522,0.515477314914534,0.31585520267782197,1058,545.3749991795769,4.001255230125523
8523,0.704113820483026,0.5305909982139279,849,597.792633590089,3.6840989399293287
8524,0.6265720844989252,0.4657268689268317,883,553.2631506125509,3.6964405641370046
8525,0.5474684371961414,0.3845335971604477,844,462.0633609935433,3.678650036683786
8526,0.43507898223590086,0.277600466185651,839,365.03126609592084,3.551004016064257
8527,0.4994319672165983,0.3854697964185449,827,413.0302368881268,3.6594594594594594
8528,0.45962934702666003,0.34754577474660997,888,408.1508601596741,3.6580829756795423
8529,0.4579537239125984,0.3488767727897927,888,406.6629068343874,3.6580829756795423
8530,0.5354021707516469,0.4097208298080189,761,407.44105194200324,3.649692712906058
8531,0.6790434833212672,0.5716283134571225,761,516.7520908074844,3.649692712906058
8532,0.7535852176676099,0.6353968582206617,743,559.9138167270341,3.6615661566156614
8533,0.7065165878512382,0.577721617764354,819,578.637085450164,3.746355685131195
8534,1.156498794799763,0.9402902537576804,783,905.5385563282144,3.632974316487158
8535,1.2955391807538184,1.0384884939428707,808,1046.7956580490852,3.494362532523851
8536,1.529224589176968,1.1302635979902544,851,1301.3701253895997,3.5193548387096776
8537,1.4013594477697797,1.0941385354787863,852,1193.9582494998524,3.511290322580645
8538,1.4275267498996838,1.1160328397330672,824,1176.2820419173395,3.5192953020134228
8539,1.44835758139999,1.1739683072480862,801,1160.134422701392,3.5844594594594597
8540,1.5200486463732414,1.100791009613228,784,1191.7181387566213,3.4343534057255676
8541,1.6671299596239333,1.2287878204220464,771,1285.3571988700526,3.425101214574899
8542,1.4639377127273345,1.0341943161088232,797,1166.7583570436857,3.393792434529583
8543,1.4487007740880518,1.0692118554182048,750,1086.5255805660388,3.443406022845275
8544,1.4442463578019682,1.069714063100231,745,1075.9635365624663,3.362162162162162
8545,1.5779249350818423,1.1864097218691696,681,1074.5668807907346,3.4615384615384617
8546,1.0443475816826155,0.8520089147336316,831,867.8528403782535,3.6491228070175437
8547,0.843826534724269,0.6867605877284284,760,641.3081663904445,3.677445432497979
8548,0.843826534724269,0.6867605877284284,760,641.3081663904445,3.677445432497979
8549,1.0142855926490915,0.8574176618554392,851,863.1570393443769,3.6431095406360425
8550,1.584662306062353,1.229771376190405,793,1256.637208707446,3.669190007570023
8551,1.3889384059108019,1.058020645239587,913,1268.1007645965622,3.9153652392947103
8552,1.8204309663790106,1.358546074739995,748,1361.6823628514999,3.8965287049399198
8553,1.5135285978519162,1.17662037019626,778,1177.5252491287908,3.9005102040816326
8554,1.238318765777298,0.8945169114261772,799,989.4166938560612,3.9221741815935762
8555,1.6054286216816478,1.2187820082249476,816,1310.0297552922245,3.940785498489426
8556,1.7650328025102553,1.431874152430141,832,1468.5072916885324,3.9129640900791234
8557,2.0327775783095743,1.557214609205409,869,1766.48371555102,3.9379084967320264
8558,2.8158300630922595,2.494289071462695,811,2283.6381811678225,3.64813343923749
8559,3.4962434452520372,3.0266571843719325,811,2835.4534340994023,3.6142975893599334
8560,3.4944792087680834,2.896514636561964,806,2816.550242267075,3.6557911908646004
8561,3.4608682638743655,2.3269726924915206,874,3024.7988626261954,3.587719298245614
8562,4.42339311834951,3.5104640181487676,868,3839.5052267273745,3.420350291909925
8563,2.8973572447783877,2.182829769751044,903,2616.313592034884,3.3727486296006264
8564,1.5257235940764942,1.1182938672769733,810,1235.8361112019602,3.4175724637681157
8565,0.7837479145167704,0.5313707378935395,765,599.5671546053294,3.466666666666667
8566,0.9034699856557348,0.7102736954290549,685,618.8769401741783,3.5561613958560523
8567,0.9724429642219092,0.7508675848074003,802,779.8992573059712,3.3946886446886446
8568,1.2631464284407428,1.038081509069981,788,995.3593856113054,3.384037558685446
8569,1.7043187122059749,1.3722391027614087,767,1307.2124522619827,3.4497153700189753
8570,1.8545252506491277,1.4894511439409477,859,1593.0371903076007,3.4307561597281224
8571,3.4270086083459455,2.589671970755334,1041,3567.5159612881293,3.5266742338251986
8572,7.666118430197111,6.822655297495411,907,6953.16941618878,3.5810019518542617
8573,5.217890758042878,2.4315732834817902,1219,6360.608834054268,3.6229026845637584
8574,5.453008316402444,3.3538181242774763,1121,6112.8223226871405,3.637008991954567
8575,6.3668341317663035,4.442627233214096,1037,6602.406994641657,3.6517948717948716
8576,4.839546399174376,3.7955113659387756,932,4510.457244030518,3.6787878787878787
8577,3.9337549591906575,3.462466236028112,832,3272.884126046627,3.5770750988142295
8578,3.316992891161666,2.7811115208456254,769,2550.767533303321,3.81339352896915
8579,0.5577002873759488,0.4513943766482363,682,380.3515959903971,3.7944700460829495
8580,0.6398624068222927,0.5596595299836237,584,373.6796455842189,3.9023638232271325
8581,0.5536912539523767,0.4235329622257912,708,392.0134077982827,3.996279761904762
8582,0.6770929217197591,0.5471623939241999,736,498.3403903857427,3.9745269286754
8583,0.7183421128360216,0.552645838935719,812,583.2937956228495,4.083380925185608
8584,0.6601092346248821,0.518560663370813,779,514.2250937727832,3.9558723693143243
8585,1.3041575407471846,1.0388143412201243,834,1087.667388983152,4.013458162668227
8586,1.0324733921348566,0.7908291793569675,733,756.8029964348499,3.6961063627730293
8587,1.0528570801640296,0.8130791985911735,783,824.3870937684351,3.6822033898305087
8588,2.0115022656224157,1.5497679908793414,795,1599.1443011698207,3.634399308556612
8589,2.166312281580766,1.7432682273718076,872,1889.0243095384278,3.8094059405940595
8590,2.2556686628266904,1.9773604177866693,945,2131.6068863712226,3.787460148777896
8591,1.89453478558997,1.743107180110194,905,1714.5539809589227,3.71301775147929
8592,1.4560863408537108,1.2547872279622603,854,1243.497735089069,3.50703125
8593,1.2782811315382279,0.9804270928894468,813,1039.2425599405792,3.530050083472454
8594,1.035169881356112,0.7971022584035059,866,896.457117254393,3.600145137880987
8595,0.9634673113071391,0.7790805881904985,767,738.9794277725757,3.5605214152700184
8596,0.759183547624574,0.6662482055014276,796,604.3101039091608,3.6307821698906646
8597,0.7750919027380531,0.665260647343169,728,564.2669051933026,3.6554379210779597
8598,0.7750919027380531,0.665260647343169,728,564.2669051933026,3.6554379210779597
8599,0.6791317796493157,0.5912334697830396,775,526.3271292282196,3.6384615384615384
8600,0.3460885092724542,0.2835455841376283,597,206.61484003565516,3.5855745721271393
8601,1.2100201497704242,0.9489834394501282,834,1009.1568049085337,3.636781609195402
8602,2.3671642209939088,1.717083302626891,825,1952.9104823199748,3.663629460895976
8603,1.1020716760427463,0.7662948831031731,920,1013.9059419593266,3.7333333333333334
8604,1.2373099701403623,0.979642013402318,863,1067.7985042311327,3.6899529042386185
8605,1.2369988249566222,0.9847426697679096,863,1067.529985937565,3.6899529042386185
8606,1.3727300747877949,1.1011548425512896,848,1164.07510342005,3.658258746948739
8607,1.0100803889947871,0.5551195900586114,1120,1131.2900356741616,3.81275258194881
8608,0.7467656175639346,0.4212123952132909,1120,836.3774916716067,3.81275258194881
8609,0.7471825896652418,0.25397817940787665,1222,913.0571245709255,3.8973214285714284
8610,1.6886068589446708,0.8441121619670993,1094,1847.33590368547,3.899392888117953
8611,2.7304482177151503,2.0786087814460403,825,2252.619779614999,3.844778254649499
8612,2.419412437108989,1.841651329290967,818,1979.079373555153,3.852280955829109
8613,2.1297822145913545,1.6174156322318352,856,1823.0935756901995,4.091553133514986
8614,0.9703557228104158,0.6523962257237057,929,901.4604664908763,4.046969696969697
8615,0.8491926031406921,0.6231866823695855,764,648.7831487994888,3.943409247757074
8616,0.7204100876822259,0.4945259180161697,786,566.2423289182295,3.9094028826355527
8617,0.7691705915292051,0.5521108263682768,743,571.4937495061994,3.9573863636363638
8618,0.7983788007020514,0.4717529975485243,1005,802.3706947055616,4.093959731543624
8619,1.3028101989801224,0.9088834778903798,900,1172.5291790821102,4.01227621483376
8620,1.3148735154448563,0.8951093955127534,944,1241.2405985799444,4.049602246139448
8621,1.525411532674118,1.0933576544482149,867,1322.5317988284603,4.021052631578947
8622,1.0988819907037426,0.7603257040294267,949,1042.8390091778517,3.9865771812080535
8623,0.6585598544197202,0.4250550933141446,949,624.9733018443145,3.9865771812080535
8624,0.7723347867474102,0.6079405594695729,728,562.2597247521146,3.49163179916318
8625,0.6640138755482303,0.4644356991556195,875,581.0121411047015,3.4944794952681386
8626,0.7257087878453933,0.5209464660457582,776,563.1500193680251,3.455426356589147
8627,0.4960320287273334,0.3670046149854313,882,437.500249337508,3.582369942196532
8628,0.4799700909637994,0.3660124336066614,847,406.5346670463381,3.615442846328539
8629,0.5947499346085304,0.4887167726620088,677,402.6457057299751,3.6297468354430378
8630,0.6227851027796096,0.5204756182184433,715,445.2913484874209,3.570131180625631
8631,0.8074052917897567,0.7094397492828368,746,602.3243476751585,3.5384615384615383
8632,0.7492439272983216,0.610895965827511,690,516.9783098358419,3.600411946446962
8633,0.7363429481650052,0.5815625818348711,795,585.3926437911791,3.6845476381104882
8634,1.4983420526939006,1.2853181641462583,763,1143.2349862054461,3.5232774674115457
8635,2.479315264741984,1.9730839708301549,825,2045.4350934121367,3.4995759117896523
8636,2.587412529088023,2.054512386197054,800,2069.9300232704186,3.5319148936170213
8637,1.8980202189635027,1.4355582731313197,811,1539.2943975794008,3.513913043478261
8638,2.087624729519376,1.351337347169948,873,1822.496388870415,3.6007272727272728
8639,1.8705219809141496,1.2302211852974994,906,1694.6929147082194,3.6152796725784446
8640,1.7058989207932798,1.182495961861381,888,1514.8382416644324,3.5361990950226243
8641,1.2556452229927735,0.8246049187906792,823,1033.3960185230526,3.5391903531438413
8642,1.6210414122077004,1.2217919316502917,699,1133.1079471331825,3.419134396355353
8643,1.7490862708132275,1.3313318979366129,662,1157.8951112783566,3.4822274881516586
8644,1.343453067144712,0.9043549601371954,830,1115.066045730111,3.4969271290605795
8645,1.043970060117106,0.7704769613991201,838,874.8469103781349,3.4948096885813147
8646,0.6579155663712538,0.5549054607557062,881,579.6236139730746,3.738613861386139
8647,0.7557693169926181,0.6311445873643531,830,627.288533103873,3.7650429799426934
8648,0.843826534724269,0.6867605877284284,760,641.3081663904445,3.677445432497979
8649,1.0298144490698709,0.8932212539127689,824,848.5671060335736,3.658200290275762
8650,1.4583678954906902,1.098891730996793,871,1270.2384369723911,3.7126363053239255
8651,1.61321444787378,1.2116010604224905,964,1555.1387277503238,3.9249652616952293
8652,1.7512026331709627,1.3014043330663403,841,1472.7614144967797,3.897887323943662
8653,1.3498943753617156,1.015695824861882,778,1050.2178240314147,3.9005102040816326
8654,1.3702647072471181,1.0973601419005066,845,1157.8736776238147,3.946261682242991
8655,1.7214013053302,1.2836406236008786,854,1470.0767147519907,3.921161825726141
8656,2.156271034550351,1.5865279185399332,910,1962.206641440819,3.9251989389920423
8657,2.3283763669999082,1.9203117056050525,841,1958.164524646923,3.940692894891368
8658,2.9880781698297434,2.532687335173435,729,2178.308985805883,3.582059123343527
8659,3.6311306389430453,3.012751944376614,729,2647.09423578948,3.582059123343527
8660,3.2864330724252198,2.53518108359301,841,2763.89021390961,3.6664156626506026
8661,4.058697596827497,2.816456410994409,859,3486.4212356748203,3.510500807754443
8662,5.795835592518242,4.592251002535505,816,4729.401843494886,3.3447293447293447
8663,2.851098366313774,2.2676633928333807,872,2486.157775425611,3.384359400998336
8664,0.6786672677164268,0.552554598196239,597,405.1643588267068,3.498721227621483
8665,0.8610113143109622,0.5548712134651971,485,417.5904874408167,3.761764705882353
8666,0.9476216792191995,0.7812720233061738,429,406.52970038503656,3.9350237717908083
8667,0.8503319656143945,0.6815739388387092,776,659.8576053167701,3.297536945812808
8668,1.2826545004456982,1.0071125688079412,746,956.8602573324908,3.306735751295337
8669,1.4197272018322873,1.0936148913315549,805,1142.8803974749912,3.6547231270358305
8670,2.4833254522000017,1.8573646426116737,878,2180.3597470316013,3.6182634730538923
8671,2.8384574114924,2.0658838004395506,856,2429.7195442374946,3.4379811804961506
8672,4.677918425409457,3.1654715203353465,1109,5187.811533779088,3.617241379310345
8673,4.072615311074248,2.8047502339243846,1076,4382.134074715891,3.5684156378600824
8674,4.714653137771256,3.7728313107876037,1064,5016.390938588616,3.6459500764136528
8675,5.838189895976486,3.7221364256609553,1110,6480.390784533899,3.6666666666666665
8676,5.037369156431725,4.064329391154743,888,4473.183810911372,3.59972954699121
8677,3.8751136981423304,3.206925468323611,897,3475.9769872336706,3.6528765352294763
8678,1.793002343718439,1.5082595016884432,855,1533.0170038792653,3.817348808796579
8679,0.539365453354379,0.434239788878685,656,353.8237374004726,3.8349864743011723
8680,0.5664590683204034,0.4505357421044865,665,376.69528043306826,4.00531914893617
8681,0.623927652897646,0.49937666737952563,668,416.7836721356275,3.973164956590371
8682,0.7982590628604244,0.6272530583185163,678,541.2196446193677,3.968725566849101
8683,0.8851805701912212,0.6736365566384309,733,648.8373579501651,4.104571070757671
8684,1.075373234725935,0.8522689877148346,820,881.8060524752668,3.973584905660377
8685,1.5122708360292032,1.1821275965487588,765,1156.8871895623404,3.8726993865030677
8686,1.4391680322167983,1.1891470159531332,733,1054.9101676149132,3.6961063627730293
8687,1.7129196961456297,1.28806644813949,742,1270.9864145400572,3.687208216619981
8688,2.2725295590869763,1.571558237000769,728,1654.4015190153186,3.655786350148368
8689,2.272465337952972,1.795141116298145,753,1711.1663994785877,3.6341929321872017
8690,1.8103866765127876,1.4942623233003456,861,1558.74292847751,3.649926144756278
8691,1.7472529354438624,1.5231635606616036,821,1434.494659999411,3.5177539223782
8692,1.6234337923535729,1.3450722186469095,875,1420.5045683093763,3.5230312035661218
8693,1.2495907764791532,0.9658202066430738,838,1047.1570706895304,3.506838294448914
8694,1.100836353633426,0.8116682280392777,900,990.7527182700834,3.588154269972452
8695,0.8648495779300713,0.6355340872600425,900,778.3646201370642,3.588154269972452
8696,0.7666777259903662,0.6771798867074396,833,638.642545749975,3.6301261829652995
8697,0.7750919027380531,0.665260647343169,728,564.2669051933026,3.6554379210779597
8698,0.7750919027380531,0.665260647343169,728,564.2669051933026,3.6554379210779597
8699,0.7525031263181687,0.6310276322539383,880,662.2027511599885,3.689179875947622
8700,0.3407153806650633,0.2584576769263084,817,278.3644660033567,3.5699570815450645
8701,1.5511281430863513,1.27678706610143,756,1172.6528761732816,3.635208711433757
8702,1.1445229627438136,0.9468752157528516,743,850.3805613186536,3.6298342541436464
8703,1.039859709203679,0.8364006476694068,735,764.2968862647041,3.611731843575419
8704,0.7756829117409573,0.6068574666083096,900,698.1146205668615,3.7392761394101877
8705,0.8749753500058068,0.47578203061760066,1126,985.2222441065385,3.866638795986622
8706,0.8544544230328489,0.4915501205808621,1120,956.9889537967907,3.81275258194881
8707,0.5466509710354125,0.2952526151679107,1120,612.249087559662,3.81275258194881
8708,0.5842837259407089,0.4017510497773846,943,550.9795535620884,3.7752242152466366
8709,0.5842837259407089,0.4017510497773846,943,550.9795535620884,3.7752242152466366
8710,0.5109477332847987,0.2825855393750687,1101,562.5534543465634,3.893965517241379
8711,1.026842095095016,0.5381673813101879,1109,1138.7678834603726,3.9017781541066894
8712,1.379120775804571,0.5115634285863104,1190,1641.1537232074395,3.923592992918375
8713,1.117537004819766,0.7139673511092766,982,1097.42133873301,4.043554773427188
8714,0.5408476700051724,0.3313184577869917,1027,555.4505570953121,3.9063210550250114
8715,0.5629105905649426,0.3003094680483705,1019,573.6058917856766,3.8847222222222224
8716,0.7546801627284581,0.506540003997144,740,558.463320419059,3.9409647228221742
8717,0.8247529709478332,0.5112175448825014,677,558.357761331683,4.019578313253012
8718,1.112272169749775,0.7087811687035193,1005,1117.833530598524,4.093959731543624
8719,1.525411532674118,1.0933576544482149,867,1322.5317988284603,4.021052631578947
8720,1.525411532674118,1.0933576544482149,867,1322.5317988284603,4.021052631578947
8721,1.4798231458243736,1.048622368639849,893,1321.4820692211656,4.004138644593896
8722,0.9417546695527168,0.6448380031482313,948,892.7834267359756,3.9846079846079845
8723,0.6405825285806188,0.40122331576034526,948,607.2722370944266,3.9846079846079845
8724,0.8434299078929557,0.6581577691720055,728,614.0169729460717,3.49163179916318
8725,0.7923538243395652,0.5879080143910672,780,618.0359829848609,3.4411196911196913
8726,0.8040759310194209,0.5847366342564483,754,606.2732519886433,3.4735264735264737
8727,0.6453423273825085,0.4501414405766017,841,542.7328973286897,3.485148514851485
8728,0.44883250257868584,0.3142114918848212,917,411.5794048646549,3.678756476683938
8729,0.5962709239994896,0.4927050034066565,771,459.72488240360644,3.5150093808630394
8730,1.1772963224167041,0.9891758098871296,715,841.7668705279434,3.570131180625631
8731,1.1937873430263353,0.9946337586069599,778,928.7665528744889,3.514925373134328
8732,0.9465181331348639,0.8170713908850418,757,716.514226783092,3.5360230547550433
8733,0.8551897285334327,0.7107513874484102,868,742.3046843670196,3.7108680792891318
8734,3.2766084434940677,2.4350750801707988,871,2853.925954283333,3.5757800891530462
8735,2.4596570616999753,1.9822072464361309,817,2009.53981940888,3.5425623387790197
8736,1.7343426439493461,1.3344180732512507,817,1416.9579401066158,3.5425623387790197
8737,1.6141832311095778,1.212915105815122,811,1309.1026004298676,3.513913043478261
8738,1.9236893468977037,1.2393230095365007,904,1739.0151695955242,3.5693950177935942
8739,2.2575888357265623,1.6123540692236928,779,1758.661703030992,3.4739336492890995
8740,2.0808590401098734,1.4310385401826793,806,1677.1723863285579,3.4633240482822654
8741,1.1857064598913947,0.908618110872473,802,950.9365808328986,3.5130984643179763
8742,1.404673995482422,1.0159055178512728,788,1106.8831084401486,3.5215004574565416
8743,1.340747283117969,0.9771341274235488,783,1049.8051226813698,3.5504162812210915
8744,0.9126187538461732,0.7330053272482386,783,714.5804842615536,3.5504162812210915
8745,0.785433675102063,0.633181155427851,729,572.5811491494039,3.5763598326359833
8746,0.720005442103114,0.6269340736224844,729,524.8839672931701,3.5763598326359833
8747,0.6550740271714103,0.5616869091249616,834,546.3317386609561,3.76869322152341
8748,0.8709388088881597,0.7105864713126051,834,726.3629666127251,3.76869322152341
8749,1.0218949869232452,0.814616413195212,833,851.2385241070632,3.7210743801652892
8750,1.416855521958967,0.9546565221333324,871,1234.0811596262602,3.7126363053239255
8751,2.8388703466667793,2.010326836739258,697,1978.6926316267452,3.5865687303252884
8752,2.288363340079688,1.516191116104654,841,1924.5135690070176,3.897887323943662
8753,1.583783846762926,1.1427942242470508,920,1457.0811390218919,3.9125711329539574
8754,1.853719343690425,1.4045153198602338,852,1579.368880824242,3.937427578215527
8755,2.2718495298756314,1.87902459138071,787,1787.945580012122,3.6355060034305318
8756,2.954149182047083,1.9796408849482487,825,2437.1730751888435,3.5702341137123748
8757,2.678608901007894,2.314251958157563,810,2169.6732098163943,3.578020134228188
8758,2.77820665165895,2.464293748731451,809,2247.5691811920906,3.610648918469218
8759,3.2527961535252663,2.833958955340027,776,2524.1698151356068,3.694166666666667
8760,2.251790726678004,1.886066378986749,761,1713.612743001961,3.6952461799660443
8761,2.6363025869372754,1.9595989584323148,899,2370.0360256566105,3.455725190839695
8762,5.906835072098808,4.1850672907517374,892,5268.8968843121365,3.460769230769231
8763,0.7235973289305262,0.5081450374733284,877,634.5948574720715,3.348936170212766
8764,0.5664296312573219,0.3950357370910417,575,325.6970379729601,3.4960732984293195
8765,0.7551746026636884,0.561022276252235,565,426.673650504984,3.5325365205843293
8766,0.6107827974107478,0.4726203862290096,660,403.11664629109356,3.4430232558139533
8767,0.7721849245277561,0.6007126540602231,643,496.51490647134716,3.4311163895486936
8768,0.8455852582811239,0.646764869698561,800,676.468206624899,3.308199811498586
8769,1.5870400787827426,1.2482532354140372,829,1315.6562253108937,3.545972335231896
8770,2.2433403089977157,1.8703941602093577,900,2019.006278097944,3.6142857142857143
8771,3.0088111806591002,2.4846835715959528,821,2470.2339793211213,3.71130713712911
8772,3.4677962113200906,2.9154088978613473,976,3384.5691022484084,3.7078977932636468
8773,4.656180359402816,4.158221488589637,912,4246.436487775368,3.5565912117177096
8774,6.624092197186233,6.127901010612566,953,6312.75986391848,3.567601246105919
8775,5.820282360775646,4.232216700359129,1055,6140.3978906183065,3.6363636363636362
8776,2.8275543701780155,2.309801371387204,980,2771.0032827744553,3.656064690026954
8777,2.3238086770200383,1.9392805202614296,932,2165.789686982676,3.65787896944278
8778,0.6157376676051879,0.4375520418551436,697,429.16915432081595,3.5671232876712327
8779,0.5373041961210534,0.3181169074672393,542,291.21887429761097,3.7012658227848103
8780,0.5970788509017801,0.4673470934310234,711,424.52306299116566,3.94364161849711
8781,0.7607073809344351,0.5970662373934154,693,527.1702149875636,3.968980797636632
8782,0.8197776070193532,0.6448286790509815,669,548.4312190959473,3.9693396226415096
8783,0.8185732758314955,0.551128022104441,889,727.7116422141995,4.057978196233895
8784,1.2190029318885551,0.9723226751081454,874,1065.4085624705972,4.070473251028806
8785,1.983418393588249,1.7180488688388351,791,1568.8839493283049,3.6730601569311245
8786,1.8202966491872852,1.5491254687494664,824,1499.924438930323,3.6653094462540716
8787,1.9496770402179417,1.2610513546705593,824,1606.533881139584,3.6653094462540716
8788,2.1839789638894165,1.5091603802462998,763,1666.3759494476249,3.625714285714286
8789,2.1596033308533897,1.7796950207430269,778,1680.1713914039372,3.6325411334552102
8790,1.740820007851479,1.4924354252770136,897,1561.5155470427767,3.6627666896077082
8791,2.006448884736837,1.5695782617901042,833,1671.371920985785,3.5245098039215685
8792,2.2214047524497578,1.600396731836552,800,1777.1238019598063,3.5787728026533996
8793,1.4837753022093365,1.0927296437733887,876,1299.7871647353788,3.540959409594096
8794,1.3055137131253736,0.9830885372617183,856,1117.5197384353198,3.5171339563862927
8795,1.0326575126251476,0.7665890836963154,852,879.8242007566257,3.5898407884761183
8796,0.9541558259920361,0.7914065905341386,778,742.3332326218041,3.6374113475177303
8797,0.727340641849014,0.615731059670566,882,641.5144461108304,3.6817538896746815
8798,1.2936645877723052,1.0051337164258436,852,1102.202228782004,3.688389513108614
8799,1.805600619957245,1.3732616820026007,852,1538.3717282035727,3.688389513108614
8800,1.6866674134549662,1.2917783166069752,817,1378.0072767927074,3.5699570815450645
8801,1.3739959807401345,1.137206387758838,731,1004.3910619210384,3.637134778510839
8802,1.1755595365143863,0.9524428323288112,714,839.3495090712718,3.636625119846596
8803,1.0982505124784954,0.8874650299019413,714,784.1508659096457,3.636625119846596
8804,0.7370977211563408,0.5457503214857379,880,648.6459946175798,3.6948453608247425
8805,0.5452668553444785,0.2312806935315572,1162,633.600085910284,3.8537180008126777
8806,0.5450400041693,0.3472017233700403,1012,551.5804842193315,3.793558606124604
8807,0.5842837259407089,0.4017510497773846,943,550.9795535620884,3.7752242152466366
8808,0.5842837259407089,0.4017510497773846,943,550.9795535620884,3.7752242152466366
8809,0.5842837259407089,0.4017510497773846,943,550.9795535620884,3.7752242152466366
8810,0.576575410663731,0.3958623599244934,955,550.6295171838631,3.767906718489728
8811,0.5666308220479065,0.39695725208684574,970,549.6318973864693,3.782210242587601
8812,0.48489254180779334,0.2012150340291626,1190,577.0221247512741,3.9310980103168753
8813,0.6771705471082555,0.4839454792037806,786,532.2560500270888,3.6700507614213196
8814,0.6443913499693847,0.4600155210540848,895,576.7302582225993,3.7036817102137767
8815,0.7073578662523319,0.4155252653220773,999,706.6505083860795,3.8945147679324896
8816,0.6675190572767389,0.4315994952714264,999,666.8515382194621,3.8945147679324896
8817,0.5668200364536131,0.310893246113261,1102,624.6356801718816,3.859402460456942
8818,1.0241758119732605,0.4814667936654204,1182,1210.5758097523938,4.03852951572994
8819,1.525411532674118,1.0933576544482149,867,1322.5317988284603,4.021052631578947
8820,1.4602033559311627,1.0449436491837467,867,1265.996309592318,4.021052631578947
8821,1.2103932610518136,0.802998261531934,974,1178.9230362644664,3.9793233082706765
8822,0.7031091712367951,0.4320286107962011,948,666.5474943324817,3.9846079846079845
8823,0.7622060853049798,0.5693747390759273,847,645.5885542533179,3.4348561759729273
8824,0.8768232375809009,0.6727886188805721,728,638.3273169588958,3.49163179916318
8825,0.7825213773074701,0.5876306519077317,780,610.3666742998266,3.4411196911196913
8826,0.8036744489819498,0.5847366342564483,754,605.9705345323902,3.4735264735264737
8827,0.7500983503790372,0.5402269188421867,801,600.8287786536088,3.4737793851717904
8828,0.5161032098714261,0.3884204200619283,890,459.33185678556924,3.6853002070393375
8829,0.8690660441788493,0.7049850545959188,837,727.4082789776968,3.6253918495297808
8830,1.2962731699489918,1.044526906757431,736,954.057053082458,3.620889748549323
8831,1.2304283065874424,1.0047014765706777,803,988.0339301897163,3.635678391959799
8832,1.4214229069299968,1.1591924639205842,790,1122.9240964746975,3.647008547008547
8833,1.8578072080041639,1.4615217644814253,804,1493.6769952353477,3.6351464435146443
8834,3.6530356998891818,2.7555923281647456,870,3178.141058903588,3.6056129985228953
8835,3.378474540326543,2.2998631954400697,817,2760.2136994467855,3.6299840510366828
8836,2.2232497255882127,1.651907318277491,839,1865.3065197685103,3.6671597633136095
8837,1.329204915403584,0.9779598113194538,861,1144.445432162486,3.616279069767442
8838,1.1169048918596063,0.6646685286069165,950,1061.059647266626,3.631188118811881
8839,1.645449245614323,1.1787058262639898,813,1337.7502366844446,3.44
8840,1.4957181441901704,1.10614289504495,826,1235.4631871010806,3.432795698924731
8841,1.2523080336427996,0.9985292333490804,716,896.6525520882445,3.5384615384615383
8842,1.142166218367442,0.8834034774178656,788,900.0269800735442,3.5215004574565416
8843,0.7212559376078925,0.5789137368407862,846,610.1825232162771,3.616588419405321
8844,0.8055128985786658,0.6724528142617376,711,572.7196708894314,3.5993555316863586
8845,0.8055128985786658,0.6724528142617376,711,572.7196708894314,3.5993555316863586
8846,0.780744683789373,0.6451996769789526,729,569.1628744824529,3.5763598326359833
8847,0.7967553826263676,0.671363085717559,740,589.598983143512,3.5783132530120483
8848,0.8654017235181868,0.6392607942022226,874,756.3611063548952,3.8069620253164556
8849,1.2126867540695636,0.7489728020584181,822,996.8285118451813,3.7284722222222224
8850,1.3923647058548796,0.9549245151380416,757,1054.0200823321438,3.5575642245480497
8851,2.5778310263259736,2.018501219052954,805,2075.1539761924087,3.5298988040478383
8852,2.9200351046740125,2.2608187670043507,771,2251.3470657036637,3.533066132264529
8853,2.117349584245299,1.7119546070992206,824,1744.6960574181264,3.642504118616145
8854,2.5553426369652255,2.1283216418010222,710,1814.29327224531,3.585961342828077
8855,3.0526391113021916,1.9277611965598878,804,2454.321845486962,3.6337792642140467
8856,3.0888086500457264,2.368083210565467,768,2372.205043235118,3.4614624505928853
8857,4.280205555084113,3.414065706166455,702,3004.7042996690475,3.518478260869565
8858,2.9936044471895147,2.574126780249481,783,2343.99228214939,3.629251700680272
8859,2.8556017126520166,2.193545546470948,777,2218.802530730617,3.7546296296296298
8860,1.88579355571081,1.4779131367361176,714,1346.4565987775184,3.6650853889943074
8861,1.8361112693477633,1.4304951125904433,691,1268.7528871193044,3.599571734475375
8862,5.416616422774956,4.036718589146299,787,4262.87712472389,3.5796862097440134
8863,1.9791219932875501,1.6211833303274057,772,1527.8821788179887,3.4805429864253394
8864,0.639530764440192,0.4760914390954704,674,431.04373523268936,3.44076840981857
8865,0.7355853505747643,0.563349755732236,725,533.299379166704,3.811683320522675
8866,1.0103059777002288,0.8054548616931062,832,840.5745734465903,3.696476964769648
8867,0.9632545589776894,0.7284240001480533,765,736.8897376179324,3.834132967786155
8868,1.1707219541683231,0.9234320185739467,751,879.2121875804107,3.5814977973568283
8869,2.063447341605166,1.7750532300482484,734,1514.5703487381918,3.705244122965642
8870,2.5517416470670495,2.220151101449203,647,1650.9768456523811,3.7612704918032787
8871,2.4173557171605564,2.1068095218766416,840,2030.5788024148674,3.659951651893634
8872,2.557902567333847,2.088668932663156,1013,2591.155300709187,3.7007061379684956
8873,3.9028137854614138,2.594562849795357,1073,4187.719191800097,3.6522157996146434
8874,6.333409099686194,5.118421424858945,1028,6510.744554477407,3.5983695652173915
8875,4.947322915160418,4.037077313099211,1054,5214.478352579081,3.6296844181459567
8876,2.853328293140095,2.5264452673184143,824,2351.1425135474383,3.6275618374558305
8877,2.9826811220421314,2.699936303350187,771,2299.647145094483,3.565390749601276
8878,1.2714344146533854,1.1475380753380493,772,981.5473681124134,3.5628980891719744
8879,0.5644786835979203,0.4753272720399286,479,270.38528944340385,3.824966078697422
8880,0.7611637366518689,0.586019846089423,619,471.1603529875068,3.871771217712177
8881,0.7444052143640628,0.6140260304411473,687,511.40638226811114,3.96590066716086
8882,0.6722171479590865,0.4897212265761219,795,534.4126326274737,3.9030612244897958
8883,1.0034761071403815,0.8614435855636108,799,801.7774096051647,3.8894039735099337
8884,1.919868289380281,1.5630962801660178,843,1618.4489679475769,3.838315217391304
8885,2.5676485559449094,2.0575047057839253,800,2054.1188447559275,3.653355989804588
8886,2.6193623230825778,2.153734906260425,790,2069.2962352352365,3.6254480286738353
8887,2.058367333282591,1.6692649301264229,822,1691.9779479582896,3.6268398268398268
8888,2.08935342489126,1.6307153854577474,785,1640.142438539639,3.6413345690454126
8889,2.050838735063899,1.6852315801513995,764,1566.8407935888188,3.695813953488372
8890,1.5664652234380907,1.2156382315127963,882,1381.622327072396,3.6635780470420527
8891,1.9767499079018673,1.477149243164277,795,1571.5161767819845,3.5561357702349867
8892,2.049724787059171,1.437269649506122,822,1684.8737749626387,3.5344970906068163
8893,1.4098689635430117,1.1173899703520602,818,1153.2728121781836,3.5410509031198685
8894,1.417358371115759,1.1058740980520874,789,1118.2957548103338,3.5197195442594214
8895,1.2216190254030055,0.9357097727597963,852,1040.8194096433606,3.5898407884761183
8896,1.00681416822766,0.6617497782862068,951,957.4802739845046,3.6296522269676634
8897,1.4510299418159238,0.9412476303717834,911,1321.8882769943066,3.616573033707865
8898,1.9321317285310222,1.4824560184565092,803,1551.5017780104108,3.549074074074074
8899,1.9820540332904362,1.5163304231176036,781,1547.9841999998307,3.5499515033947624
8900,1.9820540332904362,1.5163304231176036,781,1547.9841999998307,3.5499515033947624
8901,1.4291861902586698,1.1812882096795527,766,1094.7566217381411,3.622202327663384
8902,1.171397304795886,0.9496766469482306,731,856.2914298057927,3.6148775894538607
8903,0.6882131061400808,0.3817239849880403,1009,694.4070240953415,3.819784524975514
8904,0.6583701120418743,0.37632511978641237,1000,658.3701120418743,3.829388560157791
8905,0.58505629067603,0.3594313182452109,1035,605.5332608496911,3.827389443651926
8906,0.5811584363017873,0.3767395057598727,1035,601.4989815723499,3.827389443651926
8907,0.5558121390986818,0.3817088113769084,943,524.1308471700569,3.7752242152466366
8908,0.5842837259407089,0.4017510497773846,943,550.9795535620884,3.7752242152466366
8909,0.5842837259407089,0.4017510497773846,943,550.9795535620884,3.7752242152466366
8910,0.5687080195604951,0.4145461478329659,955,543.1161586802729,3.767906718489728
8911,0.5885149367971247,0.3564954540299029,910,535.5485924853836,3.780360255665311
8912,0.4938677583110383,0.2505691178355508,1056,521.5243527764565,3.833858622242233
8913,0.6246293373708651,0.4803458847306969,786,490.9586591735,3.6700507614213196
8914,0.6846606564574759,0.4848863210810765,939,642.8963564135698,3.7138810198300285
8915,0.8390370692523899,0.590041218875035,858,719.8938054185505,3.711206896551724
8916,0.8390370692523899,0.590041218875035,858,719.8938054185505,3.711206896551724
8917,0.8390370692523899,0.590041218875035,858,719.8938054185505,3.711206896551724
8918,1.0706871897133836,0.6319704912543549,1098,1175.6145343052951,3.962363415621206
8919,1.4091878357132104,0.967470494771517,936,1318.999814227565,4.025106584557082
8920,1.2972158814161865,0.8536232391859778,983,1275.1632114321112,4.01140350877193
8921,0.9302946569357277,0.6086507939638726,1042,969.3670325270282,3.9918032786885247
8922,0.7440034163460352,0.5024501838865897,871,648.0269756373966,3.638239339752407
8923,0.885809804087312,0.676843569582348,728,644.8695373755631,3.49163179916318
8924,0.885809804087312,0.676843569582348,728,644.8695373755631,3.49163179916318
8925,0.8050597592561884,0.6203508597184042,780,627.946612219827,3.4411196911196913
8926,0.8007771098701115,0.5847366342564483,754,603.7859408420641,3.4735264735264737
8927,0.563805041017723,0.3836067164461207,905,510.2435621210393,3.658186562296151
8928,0.515525478049366,0.3763843875855045,842,434.0724525175662,3.663335895465027
8929,0.7722488451654684,0.6532600331229489,760,586.909122325756,3.528155339805825
8930,1.2132224666957505,0.936395404825959,795,964.5118610231216,3.671641791044776
8931,1.4340026368736247,1.183285706349696,830,1190.2221886051086,3.65311004784689
8932,1.9213508003589301,1.5007823591616694,771,1481.3614670767352,3.5336538461538463
8933,2.0887626546682734,1.7539454488500397,756,1579.1045669292146,3.4875373878364906
8934,2.425173842304039,1.927716158828533,705,1709.7475588243476,3.5148619957537157
8935,2.3779577169998194,1.879768977628745,874,2078.335044657842,3.7141891891891894
8936,1.3535232585028325,1.0441302155641066,858,1161.3229557954303,3.66908037653874
8937,1.1316819662080493,0.850575837240474,839,949.4811696485533,3.492910758965805
8938,1.206589357314783,0.7900006037446416,827,997.8493984993255,3.572925060435133
8939,1.2875721898073778,0.9063673615135742,827,1064.8222009707015,3.572925060435133
8940,1.269958230661129,0.95865528446549,765,971.5180464557637,3.476470588235294
8941,1.2523080336427996,0.9985292333490804,716,896.6525520882445,3.5384615384615383
8942,1.2523080336427996,0.9985292333490804,716,896.6525520882445,3.5384615384615383
8943,0.7588772677095117,0.6078061264684338,793,601.7896732936427,3.631853785900783
8944,0.8055128985786658,0.6724528142617376,711,572.7196708894314,3.5993555316863586
8945,0.8055128985786658,0.6724528142617376,711,572.7196708894314,3.5993555316863586
8946,0.8055128985786658,0.6724528142617376,711,572.7196708894314,3.5993555316863586
8947,0.7931915276861623,0.6894846483170077,755,598.8596034030526,3.5843023255813953
8948,1.1182190984304494,0.9316175477410304,853,953.8408909611733,3.8574132492113566
8949,1.6593517582285278,1.349285229845516,808,1340.7562206486505,3.800140745953554
8950,1.7630096317585382,1.3689878405641007,804,1417.4597439338647,3.8042402826855124
8951,2.168490306257466,1.7903242821664218,832,1804.1839348062115,3.7875354107648724
8952,2.8873209680170624,2.2517510287501445,812,2344.5046260298545,3.8039502560351135
8953,2.06644127968352,1.6324362039009428,907,1874.2622406729527,3.874716553287982
8954,1.8863775772673634,1.5238124477317134,822,1550.6023685137727,3.648936170212766
8955,1.760317688100744,1.3627984203620267,832,1464.5843164998191,3.706386292834891
8956,2.181838981269117,1.7378939033879246,857,1869.8360069476335,3.6259600614439322
8957,3.155766731701679,2.5691468850378447,849,2679.2459552147257,3.6254856254856254
8958,2.644030190457932,2.1944870884641032,898,2374.3391110312227,3.6431398416886545
8959,3.084862048821201,2.504279827358261,892,2751.696947548511,3.713193116634799
8960,2.681823521167841,2.2514754583034486,861,2309.050051725511,3.6880053908355794
8961,1.473908139350085,1.2664420606314395,824,1214.50030682447,3.6590118302018095
8962,1.6658451439686237,1.2144897625363766,799,1331.0102700309303,3.6597569692637597
8963,1.9726903948048304,1.4457871191168628,671,1323.6752549140413,3.536335721596725
8964,0.9705919588646997,0.7697067754048299,673,653.2083883159429,3.4369658119658117
8965,0.9940886743617288,0.7201635357649357,784,779.3655206995953,3.7167259786476867
8966,2.2575523114066196,1.6534580954631646,798,1801.5267445024824,3.6872803935347855
8967,1.740924445035819,1.3368883489461538,904,1573.7956983123804,3.6791569086651053
8968,1.6464383028790914,1.3578018900782851,770,1267.7574932169005,3.489307100085543
8969,1.169229159081041,0.7125603474702665,840,982.1524936280745,3.6680790960451977
8970,2.3914799121333816,2.063618277145149,838,2004.060166367774,3.714388489208633
8971,3.027844552426839,2.487244259995953,792,2398.0528855220564,3.7405405405405405
8972,2.60206957645705,1.936306720319088,949,2469.36402805774,3.754737412019491
8973,2.869902835147329,1.817368479732376,1109,3182.722244178388,3.6665172568355
8974,3.497687050049182,2.2640544574224455,1118,3910.4141219549856,3.627205199628598
8975,3.394808799510698,2.2098095914127645,1064,3612.0765626793827,3.672497570456754
8976,3.236623219603712,2.413993166702639,884,2861.1749261296814,3.681873479318735
8977,2.7210437068365634,2.399496225741694,884,2405.402636843522,3.6028928336620645
8978,2.138758046203552,1.849204824545064,838,1792.2792427185764,3.537956204379562
8979,0.7328964207437683,0.5413359604461823,880,644.9488502545161,3.592114208021754
8980,1.31244821769163,0.9981035262284392,771,1011.8975758402466,3.8121128699242948
8981,1.5073248123641534,1.0920821310438937,826,1245.0502950127907,3.8217446270543616
8982,1.2563532309484,0.9968587827554156,873,1096.7963706179532,3.794578313253012
8983,1.3958862894833273,1.068682502667399,733,1023.1846501912788,3.51307847082495
8984,1.4647634365252507,1.1859148811164957,741,1085.3897064652108,3.527693856998993
8985,2.054397534341309,1.703488386807011,844,1733.9115189840647,3.7407660738714092
8986,2.0503080517190337,1.827065358961511,810,1660.7495218924173,3.6178010471204187
8987,1.6844651740716916,1.2655694868372964,768,1293.6692536870592,3.65
8988,1.871291577401305,1.5690038278591028,796,1489.5480956114388,3.9702774108322325
8989,1.939596735280691,1.4916551172749202,819,1588.529726194886,3.976923076923077
8990,1.518696357400675,1.0896956287951811,920,1397.200648808621,3.9446236559139787
8991,1.9553853362028788,1.416728281597362,769,1503.6913235400139,3.582048957388939
8992,1.704541745813718,1.1900473467021673,835,1423.2923577544545,3.529742765273312
8993,1.3106939423520887,1.0094575707934188,835,1094.429441863994,3.529742765273312
8994,1.417358371115759,1.1058740980520874,789,1118.2957548103338,3.5197195442594214
8995,1.2942947463766767,0.8873127166563727,909,1176.513924456399,3.5825439783491206
8996,1.6086697077088317,0.9554863218892136,909,1462.280764307328,3.5825439783491206
8997,1.836661174247797,1.1748089390315597,852,1564.835320459123,3.5636363636363635
8998,1.8451015845072745,1.3580475073126623,865,1596.0128705987925,3.5240816326530613
8999,1.9376647428874674,1.4337635143056902,809,1567.570776995961,3.519779208831647
9000,1.9026113966943818,1.4083610067686037,830,1579.167459256337,3.522466960352423
9001,1.511253409866439,1.204063772307613,746,1127.3950437603635,3.6122262773722627
9002,1.4353389481075531,1.0928784522496011,723,1037.750059481761,3.612689393939394
9003,1.1004151047908217,0.8422352364754299,808,889.135404670984,3.7280564263322886
9004,0.6246043649342845,0.2931294339001334,1113,695.1846581718587,3.8536162841056734
9005,0.6359533380043426,0.4024803922251067,1058,672.8386316085945,3.8230088495575223
9006,0.6275655638539737,0.3677115174463703,1107,694.7150791863488,3.859442993907746
9007,0.5836628979492084,0.4017510497773846,943,550.3941127661036,3.7752242152466366
9008,0.5842837259407089,0.4017510497773846,943,550.9795535620884,3.7752242152466366
9009,0.5738867160771788,0.4032409742041779,959,550.3573607180144,3.7748749305169538
9010,0.555663445892058,0.3869093634446472,971,539.5492059611882,3.7676211453744495
9011,0.5728590401670329,0.390933958152005,931,533.3317663955077,3.7816820276497696
9012,0.44645070449099267,0.2008516979966065,1116,498.2389862119478,3.8259179265658747
9013,0.5424460048992524,0.38843405738743025,844,457.824428134969,3.654436290860574
9014,0.486154553249645,0.33637367326107803,956,464.7637529066606,3.702400893355667
9015,0.7134701167445664,0.4820187729926499,923,658.5329177552347,3.713550600343053
9016,0.8349912222541245,0.590041218875035,858,716.4224686940388,3.711206896551724
9017,0.7353204784509996,0.46668786091323433,986,725.0259917526856,3.730420884389984
9018,0.8011004633528841,0.3618466733973852,1190,953.309551389932,3.9666307857911733
9019,1.1581264757356706,0.7457694359673214,1012,1172.0239934444987,4.005586592178771
9020,1.081773852248445,0.6900345652196918,983,1063.3836967602215,4.01140350877193
9021,1.3270317800069882,1.0245597428791775,789,1047.0280744255138,3.626190476190476
9022,0.9645864886011655,0.7217731089109705,877,845.9423505032221,3.6387184730743014
9023,0.7879103261939538,0.5821650829073709,821,646.8743778052361,3.6231075697211157
9024,0.885809804087312,0.676843569582348,728,644.8695373755631,3.49163179916318
9025,0.7929852896790124,0.5995712334889285,784,621.7004671083457,3.4386973180076628
9026,0.7530097524855126,0.5278544166334623,796,599.395762978468,3.483074107959744
9027,0.5979978622001685,0.45561713708118856,804,480.7902812089355,3.4784172661870505
9028,0.6071260192765849,0.4913820760324358,723,438.9521119369709,3.4172043010752686
9029,0.6490521108666539,0.5389229904092986,788,511.45306336292333,3.3952333664349554
9030,1.032277814329389,0.8520513771695604,773,797.9507504766176,3.4152106885919835
9031,0.9734895775016268,0.8383671383177663,769,748.613485098751,3.4091858037578286
9032,0.9436306670030921,0.7832567416315359,798,753.0172722684674,3.5175925925925924
9033,1.22365868715133,1.03177430208319,813,994.8345126540312,3.5076923076923077
9034,1.612588117821232,1.2971259168772944,842,1357.7991952054774,3.6278166278166277
9035,1.2532661001721346,1.0583889423813249,840,1052.743524144593,3.5771971496437054
9036,1.2246598167841936,0.9473946650140506,752,920.9441822217135,3.5485714285714285
9037,1.1458728962672644,0.857181236581416,803,920.1359357026133,3.5026501766784452
9038,1.0977847923372497,0.7883560545517695,869,953.97498454107,3.5625
9039,1.1959596883107169,0.8587569509136861,838,1002.2142188043807,3.5717703349282295
9040,1.055610824064292,0.7629593919413128,860,907.8253086952911,3.5695415695415695
9041,1.0733007260292475,0.832627077170156,838,899.4260084125094,3.5717703349282295
9042,1.1889931820532338,0.9302996055411208,751,892.9338797219785,3.515640766902119
9043,0.7370410302058704,0.5973273699451919,816,601.4254806479903,3.6202531645569622
9044,0.8055128985786658,0.6724528142617376,711,572.7196708894314,3.5993555316863586
9045,0.8055128985786658,0.6724528142617376,711,572.7196708894314,3.5993555316863586
9046,0.8055128985786658,0.6724528142617376,711,572.7196708894314,3.5993555316863586
9047,0.7981773880961806,0.6543295252952469,746,595.4403315197507,3.580060422960725
9048,1.4180283414819983,1.2196592510201345,799,1133.0046448441167,3.8376251788268956
9049,1.9317350062940652,1.6059317001225648,730,1410.1665545946676,3.780246913580247
9050,1.79783366944523,1.421418187581322,796,1431.075600878403,3.8427947598253276
9051,1.9917055594533872,1.669890003148734,839,1671.0409643813919,3.8338008415147264
9052,2.4220992773678423,2.1298585677177537,820,1986.1214074416307,3.8375634517766497
9053,1.5618532649221153,1.228990579683921,837,1307.2711827398105,3.8088235294117645
9054,1.729820446624097,1.3740033570221204,816,1411.5334844452632,3.818700927908637
9055,2.0118442322077694,1.6416139301835901,762,1533.0253049423202,3.579899497487437
9056,2.280649609273815,1.838162241218899,815,1858.7294315581591,3.5960207612456747
9057,3.2575331600348685,2.6499880332637367,829,2700.494989668906,3.6557645134914147
9058,3.108630926694555,2.4690131404829643,873,2713.8347990043467,3.676529926025555
9059,3.4943697060193952,2.8853043038473167,840,2935.270553056292,3.5817344589409057
9060,3.09440817018257,2.6495113340878778,809,2503.376209677699,3.5872138910812943
9061,1.7072654916488021,1.4745519559840734,787,1343.6179419276073,3.573872472783826
9062,1.718167346739568,1.3416594886942663,803,1379.688379431873,3.6170058139534884
9063,1.938759432219016,1.4069630086774556,694,1345.4990459599971,3.5530671859785783
9064,0.9568112542532868,0.6735143763014724,696,665.9406329602876,3.458123107971746
9065,1.207573259957176,0.9244110572224804,784,946.737435806426,3.7167259786476867
9066,2.709709372420505,2.026212377945365,750,2032.2820293153786,3.7181409295352323
9067,2.149459833982333,1.6280667338249295,867,1863.581676062683,3.6995760145366443
9068,2.370160937461295,1.9099793031207457,683,1618.8199202860646,3.533713200379867
9069,1.5548252580317585,1.2447086966988652,897,1394.6782564544874,3.508498583569405
9070,2.7856856009506012,2.343904120611552,889,2476.4744992450846,3.5510204081632653
9071,3.036911178449922,2.520090835868261,807,2450.787321009087,3.577634754625905
9072,3.1149561912093766,2.9107348551743883,944,2940.5186445016516,3.674431818181818
9073,3.5910945367138947,3.1408729621874487,866,3109.887868794233,3.6254980079681274
9074,3.837346808496892,3.1361326699477843,928,3561.0578382851154,3.6331719128329296
9075,3.246898412641376,2.533987569749865,988,3207.9356316896797,3.6853565596080564
9076,2.4463641345784293,1.9398138302026875,875,2140.5686177561256,3.668370607028754
9077,1.170324000951289,0.8310818251036283,833,974.8798927924237,3.639855072463768
9078,1.0858399348553867,0.7756599947763632,791,858.8993884706109,3.4724540901502503
9079,1.2000978524226626,0.8278464000810012,916,1099.289632819159,3.5581699346405227
9080,2.087910290305806,1.213585846624017,903,1885.3829921461427,3.613213598460552
9081,2.397457823324208,1.7700356297564452,784,1879.6069334861793,3.683969465648855
9082,2.292205690311071,1.6393824200593725,814,1865.8554319132118,3.635239567233385
9083,1.5503249085430206,1.2796590721000698,858,1330.1787715299117,3.58840372226199
9084,1.3116988923675275,1.089712458308174,796,1044.1123183245518,3.456692913385827
9085,1.480892911406241,1.0973754307342856,831,1230.6220093785862,3.7386443046820403
9086,1.5131011017946383,1.1694260453611554,856,1295.2145431362103,3.9321533923303833
9087,1.5363482845337568,1.1073096772702649,779,1196.8153136517965,3.982585398526457
9088,1.5263457082655436,1.1371057209454862,796,1214.9711837793727,3.9702774108322325
9089,2.097777908360862,1.5974228802570187,817,1713.884551130824,3.9615384615384617
9090,1.8654372071154954,1.1913260403570571,913,1703.1441700964474,3.944775311315647
9091,1.7781482194179896,1.2429529420538685,880,1564.770433087831,3.849155503785673
9092,1.6398898804819315,1.1882239709759013,805,1320.1113537879548,3.553962900505902
9093,1.4065302311434273,0.9909990615724413,842,1184.2984546227658,3.483306836248013
9094,1.7898209404048657,1.313035064504485,880,1575.0424275562818,3.500736377025037
9095,1.7013134125318197,1.0002116550653941,986,1677.4950247563743,4.007569386038688
9096,2.006285694635177,1.3397993589404613,780,1564.902841815438,3.585431654676259
9097,1.9628836667073815,1.310854101626998,797,1564.418282365783,3.565870910698497
9098,1.9214583463288464,1.4040601227729081,818,1571.7529272969964,3.5217770034843205
9099,1.9619239969930917,1.4307185732355203,807,1583.272665573425,3.5295186194368755
9100,1.9648689158232664,1.4323280378844625,807,1585.649215069376,3.5295186194368755
9101,1.0387987563863983,0.7786885050485973,846,878.8237479028929,3.727272727272727
9102,1.013842247518701,0.6908552206263068,829,840.4752231930032,3.731060606060606
9103,1.0036226829622419,0.6516150406397706,829,832.0032041756984,3.731060606060606
9104,0.874604361294048,0.6156233378073717,816,713.6771588159431,3.706655710764174
9105,0.5025651223240337,0.3216467903319973,1045,525.1805528286152,3.8233250620347397
9106,0.6024678426292438,0.3619957274447898,1052,633.7961704459644,3.8325049701789267
9107,0.5248978148533023,0.3350322343364399,1052,552.192501225674,3.8325049701789267
9108,0.5842837259407089,0.4017510497773846,943,550.9795535620884,3.7752242152466366
9109,0.5702390173407023,0.4075910678564836,959,546.8592176297335,3.7748749305169538
9110,0.5854958465831845,0.3758606391868628,917,536.8996913167803,3.792661619103087
9111,0.5843024847586508,0.3758606391868628,917,535.8053785236827,3.792661619103087
9112,0.4335510075863161,0.2295447977104074,1107,479.9409653980519,3.828335506301608
9113,0.5238178700189721,0.4051684273958816,830,434.7688321157468,3.6473755047106327
9114,0.5254085292477533,0.4043209520835798,830,436.08907927563524,3.6473755047106327
9115,0.49600559166300767,0.3473789774300669,951,471.7013176715203,3.6922648859209795
9116,0.5816610742659523,0.3460158192300545,1047,608.999144756452,3.743486973947896
9117,0.6383472366291646,0.39482355992940016,1070,683.0315431932061,3.7574626865671643
9118,0.7586439273227167,0.31711625518564,1178,893.6825463861603,3.9921985815602836
9119,0.9413330384985554,0.5255512138668116,1084,1020.4050137324341,4.0285821737495295
9120,1.3270627838454139,1.025302132204195,789,1047.0525364540315,3.62170790103751
9121,1.3270627838454139,1.025302132204195,789,1047.0525364540315,3.62170790103751
9122,1.2157318792415277,0.8753180078531333,861,1046.7451480269553,3.6543810848400557
9123,0.9112164782101322,0.6401076747859679,916,834.6742940404811,3.684010152284264
9124,1.0060110800593494,0.7300183041488394,798,802.7968418873609,3.557866184448463
9125,0.9578131214106735,0.6879047965269711,838,802.6473957421445,3.514455782312925
9126,0.8639855401416423,0.5871823034967,843,728.3398103394045,3.5517241379310347
9127,0.6920586668659141,0.5485539703296616,766,530.1169388192902,3.4820562560620756
9128,0.6044338185030268,0.4975364290518166,716,432.7746140481672,3.416210295728368
9129,0.7110620549968769,0.5913277822111788,767,545.3845961826046,3.3968911917098445
9130,0.9224209215752287,0.7626522449466415,747,689.0484284166959,3.414607948442535
9131,0.7447937180154871,0.6007599705406192,747,556.3609073575689,3.414607948442535
9132,0.8165722011856689,0.63172426257355,679,554.4525246050691,3.442396313364055
9133,0.8165722011856689,0.63172426257355,679,554.4525246050691,3.442396313364055
9134,0.7287978731237259,0.5982696024234501,823,599.8006495808264,3.5467565290648695
9135,0.8282595874480462,0.6364166724598731,798,660.9511507835408,3.505798394290812
9136,0.9292987840077033,0.7402807317894111,780,724.8530515260086,3.5132662397072276
9137,1.095922728769734,0.8508450389894986,783,858.1074966267017,3.5167420814479637
9138,1.0427929579738868,0.7753408559757452,848,884.288428361856,3.5813229571984437
9139,0.8924535128773883,0.6784609337105115,905,807.6704291540364,3.5352422907488985
9140,0.8981200453099684,0.66146246003021,870,781.3644394196725,3.5612708018154313
9141,0.8638991766529242,0.6663580384703016,860,742.9532919215147,3.5695415695415695
9142,1.0029897182079726,0.7743522703881941,751,753.2452783741874,3.515640766902119
9143,0.7438451657025258,0.5836411519981475,806,599.5392035562357,3.6223358908780905
9144,0.6925470453406991,0.5528234472605901,849,587.9724414942535,3.6777150916784205
9145,0.692261214431747,0.5650264293929131,849,587.7297710525532,3.6777150916784205
9146,0.701780783035713,0.5630670193842923,858,602.1279118446417,3.700069589422408
9147,0.8561943465083239,0.756412199453925,877,750.8824418878,3.702027027027027
9148,1.2287094203916964,1.0266885553944718,907,1114.4394442952687,3.859400544959128
9149,2.268109205725697,1.887247032340754,904,2050.37072197603,3.875759249033683
9150,3.4312276369636012,2.9305571421418755,786,2696.9449226533907,3.853460972017673
9151,3.25287573364181,2.8219732574561758,809,2631.5764685162244,3.8564285714285713
9152,2.6619123449999824,2.3639675562339253,846,2251.977843869985,3.866840731070496
9153,1.6209091705760565,1.3300272814041192,800,1296.7273364608452,3.814814814814815
9154,1.748209055619309,1.429375164686442,813,1421.2939622184983,3.848354792560801
9155,2.5804234002355844,2.0474499983377834,757,1953.3805139783374,3.5892494929006085
9156,2.763590435729967,2.202506737161753,731,2020.1846085186057,3.605015673981191
9157,2.6175692832076614,1.9936374055907655,921,2410.7813098342563,3.691456668715427
9158,3.0623133120447803,2.289571469868912,911,2789.767427272795,3.681592039800995
9159,3.4144517548336673,2.797789275259233,851,2905.6984433634507,3.5955555555555554
9160,2.4137607389328966,2.133239180642607,809,1952.7324377967132,3.5872138910812943
9161,1.786487947409903,1.5491868773226347,752,1343.438936452247,3.6025210084033614
9162,1.6552580562977002,1.4370209294271181,842,1393.7272834026635,3.627811860940695
9163,1.9055534649839372,1.6363706952289745,731,1392.959582903258,3.5160349854227406
9164,1.6294539404008654,1.3721401929871093,762,1241.6439025854595,3.4481446241674596
9165,1.7972889478844447,1.050999421149275,870,1563.641384659467,3.698265179677819
9166,2.1373802688981063,1.4886628915806508,901,1925.7796222771938,3.7485746864310148
9167,2.6722386980903123,1.8669520130390065,1013,2706.977801165486,3.744140625
9168,2.6123611960128166,2.099160481768359,897,2343.2879928234966,3.597601598934044
9169,2.5972320782481213,2.0439313399806647,902,2342.7033345798054,3.5256140350877194
9170,3.6731206045404265,3.0975403773410184,795,2920.130880609639,3.5400981996726677
9171,3.2224766791929236,2.53811973423794,941,3032.3505551205412,3.605279698302954
9172,3.2837547315325177,2.5574561287494206,1007,3306.741014653245,3.6531151003167897
9173,3.6975558005562323,3.3630575446731803,887,3279.731995093378,3.6488357457520455
9174,3.7479180363612685,3.3514917662007697,920,3448.0845934523672,3.6194257788637754
9175,2.8789393224497295,2.212660100938956,972,2798.329021421137,3.629251700680272
9176,1.3649777373052783,1.0138054597562307,807,1101.5370340053596,3.573734409391049
9177,1.201253180981536,0.8567627372567657,871,1046.291520634918,3.5547091412742384
9178,1.111208249464746,0.8323956905774144,808,897.8562655675147,3.448474855729596
9179,1.222908480802999,0.7974915344292318,972,1188.6670433405152,3.5525030525030523
9180,1.843476734078597,1.1034676754977375,954,1758.6768043109814,3.6095641646489103
9181,1.9329871800171965,1.0856320324313402,954,1844.0697697364055,3.6095641646489103
9182,2.1128174804126383,1.437351952345153,866,1829.6999380373447,3.6180316586373023
9183,1.427594568157,1.2035336795024012,870,1242.00727429659,3.5868512110726645
9184,1.2338412445771803,1.0225631720826174,796,982.1376306834354,3.456692913385827
9185,1.463703027278653,1.1306080374322784,821,1201.7001853957743,3.8262764632627646
9186,1.2913903095247554,0.9513453745550098,814,1051.1917119531508,3.864373783257625
9187,0.7136752500083926,0.5281236009437101,739,527.4060097562021,3.8972653362897267
9188,0.5946880390320406,0.43302156369368516,686,407.95599477597983,3.9699769053117784
9189,1.4825663972076704,1.004832436680157,743,1101.5468331252991,3.9172876304023845
9190,1.6004015727881824,1.0759346002715555,745,1192.299171727196,3.93809176984705
9191,1.163281794753562,0.6616323502251007,932,1084.1786327103198,4.116472545757071
9192,1.1862089461692633,0.7457692813866751,887,1052.1673352521366,4.0455198850023955
9193,1.1801676456688328,0.7678020841005285,889,1049.1690369995924,4.023992322456814
9194,2.055315683417976,1.3578919956733115,879,1806.6224857244013,4.045965770171149
9195,1.859895979296072,1.0533580659821336,966,1796.6595160000056,4.019288469781397
9196,1.69926924758939,1.0360425771042139,888,1508.9510918593783,4.070697220867869
9197,1.9244393210660469,1.279628939344032,797,1533.7781388896394,3.565870910698497
9198,1.8715613633945212,1.311162407071584,830,1553.3959316174526,3.5383966244725737
9199,2.0053613845785807,1.4623019691386492,807,1618.3266373549147,3.5295186194368755
9200,2.0629642378490347,1.5210545142886238,807,1664.8121399441711,3.5295186194368755
9201,1.0396604326335912,0.8100261230211359,723,751.6744927940864,3.685483870967742
9202,1.0396604326335912,0.8100261230211359,723,751.6744927940864,3.685483870967742
9203,1.0409321860050558,0.7928059643311895,739,769.2488854577363,3.6699702675916748
9204,1.0093458993360123,0.7976083283615609,723,729.7570852199368,3.685483870967742
9205,0.503842201146666,0.2856800242198124,1037,522.4843625890926,3.831
9206,0.5455301380664309,0.348009025732957,1006,548.8033188948295,3.742229367631297
9207,0.5598055604285515,0.3728731780036909,981,549.169254780409,3.7598253275109172
9208,0.572812842768994,0.4078447947777253,959,549.3275162154653,3.7748749305169538
9209,0.5625382351820879,0.3565891212611571,959,539.4741675396223,3.7748749305169538
9210,0.4952579619291018,0.2570288211768952,1087,538.3454046169337,3.8188729874776386
9211,0.4820774487760862,0.2570288211768952,1087,524.0181868196057,3.8188729874776386
9212,0.3864559207093754,0.1511306201873059,1247,481.91053312459115,3.8542274052478134
9213,0.40748913087001065,0.2279073291226228,1101,448.64553308788174,3.8344509639564124
9214,0.3436971559712463,0.1139536645613114,1341,460.89788615744123,3.9058282208588957
9215,0.44918866907726446,0.2881363421157986,1029,462.2151404805051,3.8307475317348376
9216,0.4331177762490644,0.2878366380580642,1003,434.4171295778116,3.715821812596006
9217,0.6165459445599273,0.4266322067758701,1018,627.643771562006,3.736969111969112
9218,1.0149056553998443,0.6673934856110273,974,988.5181083594484,3.7183544303797467
9219,1.0780415074232084,0.7172614403576162,969,1044.6222206930888,3.7201274561869355
9220,1.3270627838454139,1.025302132204195,789,1047.0525364540315,3.62170790103751
9221,1.3270627838454139,1.025302132204195,789,1047.0525364540315,3.62170790103751
9222,1.200898875071251,0.8782188355566622,842,1011.1568528099933,3.6654545454545455
9223,1.0038285826342224,0.7226342178400651,842,845.2236665780152,3.6654545454545455
9224,1.2689284289551308,0.9913968816887188,662,840.0306199682966,3.5873388042203986
9225,1.2689284289551308,0.9913968816887188,662,840.0306199682966,3.5873388042203986
9226,0.8847963902561643,0.6335529108786069,869,768.8880631326068,3.603461249059443
9227,0.784675176720323,0.5501289417906042,878,688.9448051604436,3.5582112567463375
9228,0.596455108197936,0.4615579701761594,762,454.4987924468272,3.475442043222004
9229,0.8935251138212534,0.713876645565176,767,685.3337623009014,3.3968911917098445
9230,0.8355602556633606,0.7141765209324519,747,624.1635109805303,3.414607948442535
9231,0.8165722011856689,0.63172426257355,679,554.4525246050691,3.442396313364055
9232,0.8165722011856689,0.63172426257355,679,554.4525246050691,3.442396313364055
9233,0.7340497952879521,0.5945680430281494,742,544.6649481036604,3.703287197231834
9234,0.5630125147027281,0.4603088479965579,841,473.4935248649943,3.736279401282965
9235,0.8030309135216084,0.6098701963765507,798,640.8186689902435,3.72052067381317
9236,0.856715143430526,0.651186730328255,756,647.6766484334777,3.5243445692883895
9237,0.8269596330897602,0.6245907995320905,783,647.5093927092822,3.5167420814479637
9238,0.9304634733547941,0.7328071054484786,770,716.4568744831914,3.529739776951673
9239,0.8293622667481473,0.6538894333893344,799,662.6604511317697,3.518418688230009
9240,0.8710831763847598,0.6691972806166211,809,704.7062896952707,3.6095947063689
9241,0.8803556068716046,0.6762689765230545,809,712.2076859591282,3.6095947063689
9242,0.8850597352511758,0.686135926481482,809,716.0133258182012,3.6095947063689
9243,0.6787642988019329,0.5129998229373302,881,597.9913472445029,3.7227912932138283
9244,0.7160396639890095,0.5754283247129193,836,598.609159094812,3.689928057553957
9245,0.7902843200871263,0.6597405552417841,866,684.3862211954514,3.6643741403026135
9246,1.0182840699108942,0.9057863004900492,871,886.9254248923887,3.6920462270564243
9247,1.1456371561536427,1.0221790385347178,810,927.9660964844505,3.6384976525821595
9248,1.12751963207967,1.007753967577547,810,913.2909019845328,3.6384976525821595
9249,1.668581365133314,1.4311364488330096,887,1480.0316708732494,3.882750845546787
9250,2.732219432992768,1.9470844360932764,976,2666.646166600942,3.959563834620627
9251,2.9759121438175598,2.4455445447668986,894,2660.4654565728983,3.9620958751393536
9252,2.1931822998537696,1.916519635770444,893,1958.511793769416,3.9620111731843575
9253,1.4532516089073992,1.1268812946109985,921,1338.4447318037146,3.911796536796537
9254,1.5459834783141975,1.1979432537446677,885,1368.1953783080648,3.924398625429553
9255,2.0301209467912162,1.4409409830343023,883,1792.596796016644,3.8044041450777204
9256,2.4300172501502804,1.7309382628179706,817,1985.324093372779,3.647451963241437
9257,2.257137054856576,1.6222909946152548,863,1947.909278341225,3.660823170731707
9258,2.313664471969885,1.8616731101061628,891,2061.4750445251675,3.6813627254509016
9259,1.7800893671750537,1.482229248136664,919,1635.9021284338744,3.6637335009428034
9260,1.6346096275840067,1.3167864517320036,875,1430.2834241360058,3.5958549222797926
9261,1.8446499912633243,1.604389703406028,868,1601.1561924165655,3.5724033358605003
9262,1.8707873956330672,1.5660410172924952,820,1534.0456644191152,3.5955555555555554
9263,1.7610763163772314,1.4484991567600811,755,1329.6126188648097,3.504798464491363
9264,1.828638765676808,1.5076737784412095,721,1318.4485500529786,3.433982683982684
9265,2.040306819031227,1.3287585335540468,811,1654.6888302343252,3.5966981132075473
9266,2.6405683793555155,1.979196946985276,941,2484.77484497354,3.7649945474372957
9267,4.324773221072373,3.3137310347934594,902,3900.9454454072807,3.5092724679029956
9268,7.184659667962301,5.627401593606082,933,6703.2874702088275,3.6899038461538463
9269,5.876451565486669,4.387461367800592,1001,5882.328017052156,3.654945054945055
9270,4.838087681906553,3.9782294490596186,838,4054.3174774376917,3.5366049879324217
9271,3.990456378826105,3.3173615277662183,937,3739.0576269600606,3.604914933837429
9272,3.3630828224607003,2.9332208035637235,928,3120.9408592435298,3.6296064959400374
9273,2.9267070781861055,2.654673484887704,935,2736.471118104009,3.667065152420801
9274,2.6253211275258437,2.0082661979760252,1014,2662.0756233112056,3.6623511134127393
9275,2.291206618503664,1.6385490095597106,1022,2341.613164110745,3.6510416666666665
9276,2.277489199351155,1.5910280536175851,789,1796.9389782880612,3.5308134757600658
9277,1.319230759764053,0.8761156006404489,1021,1346.934605719098,3.481681681681682
9278,1.1151444117351326,0.7659594862086072,862,961.2544829156842,3.340962904498816
9279,1.196282674332216,0.8836092203024215,944,1129.2908445696119,3.399182561307902
9280,1.8454592350983663,1.2250639030855817,784,1446.8400403171192,3.509296685529507
9281,1.6172948331773398,1.048904297557809,894,1445.8615808605418,3.612177365982793
9282,1.512429389112741,1.2690733901915978,831,1256.8288223526877,3.632608695652174
9283,1.3236805601295878,1.0641420935067427,675,893.4843780874718,3.5413612565445027
9284,1.3236805601295878,1.0641420935067427,675,893.4843780874718,3.5413612565445027
9285,1.0901286187362762,0.8715115572684426,911,993.1071716687477,3.908443540183113
9286,0.7344925846172006,0.5264054711580891,827,607.4253674784248,3.934733257661748
9287,0.30416008206784345,0.1341400878235813,686,208.65381629854062,3.9222539229671898
9288,0.3953975063447612,0.2413835885834186,511,202.04812574217297,4.169795221843003
9289,0.995411094129671,0.6475918280810775,675,671.9024885375279,3.9537979639780736
9290,1.4497741968194797,0.9767062932791097,728,1055.4356152845812,3.8680504077094144
9291,0.9768155482848541,0.6068661915137475,840,820.5250605592774,4.152412804586717
9292,1.198161469050919,0.8242544140618955,800,958.5291752407353,4.076965669988926
9293,1.187145899673824,0.8638901901746245,816,968.7110541338403,4.069134458356015
9294,2.153884215239428,1.5971633712354134,796,1714.491835330585,4.105499438832772
9295,2.300546145149513,1.6961982131773352,793,1824.333093103564,4.100112485939258
9296,1.7458113225843508,1.2251753917282096,916,1599.1631714872653,4.047819971870605
9297,1.750735877167943,1.1472836624539333,946,1656.196139800874,4.120323129251701
9298,1.872860518278106,1.3117298949898646,927,1736.1417004438042,3.7458766035430666
9299,1.8466414266082523,1.2009236679998994,868,1602.884758295963,3.7562968005445883
9300,1.9584316324874258,1.1718363248702068,868,1699.9186569990857,3.7562968005445883
9301,1.0396604326335912,0.8100261230211359,723,751.6744927940864,3.685483870967742
9302,1.0396604326335912,0.8100261230211359,723,751.6744927940864,3.685483870967742
9303,1.0213621458171565,0.795239802370987,739,754.7866257588786,3.6699702675916748
9304,0.949251945260141,0.7463176420260702,723,686.309156423082,3.685483870967742
9305,0.33739889172358917,0.1961162798339999,1037,349.88265071736197,3.831
9306,0.38518961610464636,0.240027526684193,1023,394.04897727505323,3.843734145104008
9307,0.4472807513775105,0.3204428736519499,943,421.7857485489924,3.7752242152466366
9308,0.40355769843302247,0.2852615658674672,959,387.01183279726854,3.7748749305169538
9309,0.4986934213728076,0.3446774748724511,917,457.30186739886454,3.792661619103087
9310,0.5747547674934762,0.3623253366439609,917,527.0501217915177,3.792661619103087
9311,0.5872863616689655,0.3758606391868628,917,538.5415936504414,3.792661619103087
9312,0.38770545917735266,0.1447820096057137,1247,483.4687075941588,3.8542274052478134
9313,0.3199399982249657,0.1242632277917449,1251,400.2449377794321,3.8486583184257603
9314,0.4040249408486988,0.2279256372137278,1076,434.7308363531999,3.7517209729233594
9315,0.52447911154031,0.3952377409100044,893,468.35984660549684,3.681676047529706
9316,0.4675509576442804,0.3244001209654919,985,460.5376932796162,3.849740932642487
9317,0.5505152003572562,0.3348716546761767,1073,590.7028099833359,3.8498307952622675
9318,0.8771501533813781,0.5688873191797424,953,835.9240961724533,3.813468733297702
9319,1.1837090417917229,0.8072620837246645,882,1044.0313748602996,3.8221957040572794
9320,1.204557431700537,0.8674331127848426,869,1046.7604081477666,3.817629179331307
9321,1.1941272806944077,0.8606680229233407,869,1037.6966069234402,3.817629179331307
9322,1.1380185520551473,0.8546268462197746,842,958.2116208304341,3.6654545454545455
9323,1.2689284289551308,0.9913968816887188,662,840.0306199682966,3.5873388042203986
9324,1.114854201811689,0.8619685890882525,752,838.3703597623901,3.647502356267672
9325,1.0730904987388072,0.7945612072778305,778,834.864408018792,3.625892857142857
9326,0.8659664861581479,0.6945245479852508,824,713.5563845943138,3.578902953586498
9327,0.899349918010412,0.6526081012792514,804,723.0773340803712,3.5561357702349867
9328,0.7370659720589403,0.551390898211065,878,647.1439234677496,3.5582112567463375
9329,0.9005704816310498,0.7226760681507287,802,722.257526268102,3.6537510305028853
9330,0.7411608021318762,0.6215154596137851,791,586.2581944863141,3.6865671641791047
9331,0.49469237112355663,0.41217552781765304,742,367.061739373679,3.703287197231834
9332,0.35696601601691563,0.30073180833394186,742,264.8687838845514,3.703287197231834
9333,0.2362340149916693,0.180008711023519,742,175.2856391238186,3.703287197231834
9334,0.24622417755362186,0.1771939093856523,624,153.64388679346004,3.7615309126594703
9335,0.4907500472316278,0.3725014116208696,798,391.618537690839,3.72052067381317
9336,0.8217881797661601,0.6191556008421127,787,646.747297475968,3.7100313479623823
9337,0.8545811357049561,0.6354364645729946,756,646.0633385929468,3.5243445692883895
9338,0.834437933028285,0.6515739815624606,784,654.1993394941754,3.522252497729337
9339,0.8455748392553933,0.6607949385834762,774,654.4749255836745,3.5311627906976746
9340,0.8128122976286719,0.6448027756872131,809,657.5651487815956,3.6095947063689
9341,0.8631444734735334,0.6607070542889646,809,698.2838790400886,3.6095947063689
9342,0.7347265370303564,0.5752127989116838,897,659.0497037162297,3.7139364303178484
9343,0.7838617764039144,0.6526881315359025,880,689.7983632354446,3.7226512226512227
9344,0.9073454488382477,0.7800383585142793,851,772.1509769613489,3.6285289747399703
9345,0.950070457233727,0.7684200836620734,855,812.3102409348365,3.6743697478991595
9346,1.038379318806605,0.9291566569014738,829,860.8164552906757,3.6319391634980986
9347,1.0327675268722032,0.9069858576496537,806,832.4106266589957,3.636220472440945
9348,1.1405030292116964,1.0274442638029089,810,923.8074536614741,3.6384976525821595
9349,1.140494117131836,1.0274442638029089,810,923.800234876787,3.6384976525821595
9350,1.7413679318814441,1.408398295024627,925,1610.7653369903358,3.821225879682179
9351,2.3050637975514654,1.880676116060811,830,1913.2029519677164,3.732253086419753
9352,2.3142253196937004,1.8976381433265699,828,1916.178564706384,3.7325038880248833
9353,1.5510858269297279,1.1930535927557273,841,1304.463180447901,3.7289433384379786
9354,1.628669612373872,1.2475776453699894,771,1255.7042711402553,3.7217915590008612
9355,1.4832471972390973,1.0672227521512543,876,1299.3245447814493,3.795157068062827
9356,2.006875949042602,1.537719750195362,783,1571.3838681003572,3.598671726755218
9357,2.0865708037631028,1.7148271936668351,765,1596.2266648787736,3.6152362584378013
9358,2.087621579264653,1.7198416455587853,741,1546.9275902351078,3.5901477832512314
9359,1.7102937320930804,1.2282974545262728,966,1652.1437452019156,3.710843373493976
9360,2.6228516193274487,1.977952493385766,964,2528.4289610316605,3.7096774193548385
9361,2.8487183041422517,2.237472796642721,899,2560.9977554238844,3.6419753086419755
9362,2.0155172644700787,1.5755149509609545,941,1896.601745866344,3.6520100502512562
9363,1.6308761718044475,1.2884904880255954,867,1413.969640954456,3.5833333333333335
9364,1.9595659481398744,1.5737956705089258,822,1610.7632093709767,3.585028478437754
9365,2.8507520142829867,2.31725116521398,838,2388.930187969143,3.5973926380368098
9366,3.503107376477102,2.816211487360321,851,2981.1443773820138,3.561771561771562
9367,5.408914678151687,4.338973411515338,894,4835.569722267608,3.6332651670074982
9368,10.169062118145002,8.28204654407105,888,9030.127160912762,3.6899736147757256
9369,6.872011549029064,5.684431477305432,928,6377.226717498971,3.6381748071979434
9370,6.241821830030845,4.734287814569156,836,5218.1630499057865,3.5961383748994367
9371,4.2890412086623035,3.762269615448984,810,3474.123379016466,3.6391509433962264
9372,3.4167040651847143,2.8824472939104906,731,2497.6106716500262,3.5689819219790677
9373,1.7770722715886882,1.5366587617138123,737,1309.7022641608633,3.5931098696461823
9374,1.80149707894484,1.462903046869695,664,1196.1940604193737,3.546360917248255
9375,2.2789025433572374,1.8502469665169012,845,1925.6726491368656,3.6150537634408604
9376,2.463496991926083,1.9288203764534704,813,2002.8230544359055,3.6491359879789633
9377,1.957758967827276,0.8085945840438199,978,1914.6882705350758,3.5560266505148395
9378,1.2011076913285,0.8674722714731755,829,995.7182761113264,3.458109146810146
9379,1.0165026194968239,0.7550955207660435,930,945.3474361320461,3.420477815699659
9380,1.6691737464885978,1.1489698959876906,829,1383.7450358390477,3.495405819295559
9381,1.562824078648076,1.019813718617044,909,1420.607087491101,3.5810092961487383
9382,1.486696123017821,1.2107320132800368,847,1259.2316161960944,3.5991253644314867
9383,1.1542274381700113,0.9020094850325832,787,908.376993839799,3.613365155131265
9384,1.1923594955455805,0.9377001157668292,751,895.4619811547309,3.585593220338983
9385,0.9611376273116033,0.6426902395007577,916,880.4020666174287,3.936893203883495
9386,1.1952794846977226,0.8022864938470999,728,870.1634648599421,4.02187120291616
9387,0.9972665742255037,0.6991720659595786,731,729.0018657588432,4.018203883495145
9388,0.5666379712650992,0.362075382875128,686,388.71364828785806,3.9222539229671898
9389,0.5451407180636898,0.3374459333191205,853,465.00503250832736,3.785940468651045
9390,0.8922967723420447,0.6140613956939305,758,676.36095343527,3.8646350106307583
9391,0.8006223556566393,0.5219040897946456,861,689.3358482203664,4.147753589624826
9392,1.0742313319530297,0.7370420133656401,801,860.4592968943767,4.073033707865169
9393,1.1067535592400062,0.6986131180276267,771,853.3069941740448,4.096420323325635
9394,1.2642361707416185,0.9535728830049824,784,991.1611578614289,4.108757870635375
9395,2.154196160327052,1.626152322074215,809,1742.744693704585,4.087125416204217
9396,2.4414991083445843,1.8929702110162456,806,1967.848281325735,4.083426028921023
9397,2.294119786666654,1.595625944184623,854,1959.1782978133224,4.153241650294696
9398,2.3391209908823036,1.740436145112081,782,1829.1926148699613,3.7351973684210527
9399,1.6388290847539801,1.004281319752935,867,1420.8648164817007,3.76797829036635
9400,1.7915326713384205,1.2418467202706482,750,1343.6495035038154,3.7941176470588234
9401,1.03455343847678,0.8079341361795639,723,747.9821360187119,3.685483870967742
9402,0.9040722695554071,0.7336580530348817,723,653.6442508885593,3.685483870967742
9403,0.9623561832253437,0.7655641991342828,723,695.7835204719235,3.685483870967742
9404,0.552076577372962,0.4281606362494645,723,399.15136544065155,3.685483870967742
9405,0.3359629502559783,0.2600311783311636,691,232.15039862688099,3.7180293501048216
9406,0.17067502851766878,0.1132499042283924,984,167.94422806138607,3.8621052631578947
9407,0.2708250609065873,0.156546388832857,1070,289.7828151700484,3.820062977957715
9408,0.22206820163269336,0.12322699313718545,1118,248.2722494253512,3.8115114235500878
9409,0.24857070033335524,0.1402232916178956,1089,270.69349266302385,3.818019625334523
9410,0.272430641548376,0.1595533711469342,1087,296.1321073630847,3.8188729874776386
9411,0.33274464702959117,0.1888185412291154,1087,361.6934313211656,3.8188729874776386
9412,0.34351696682356053,0.1585806577156412,1185,407.06760568591926,3.8584243369734788
9413,0.338945969952374,0.1265326673279154,1239,419.95405677099143,3.8470502549162418
9414,0.36316870407208507,0.211448108834821,1128,409.65429819331194,3.859444220700765
9415,0.5067924638041613,0.4049513453796592,945,478.9188782949324,3.7998941238750663
9416,0.5291701888931614,0.4258139168353325,934,494.24495642621275,3.804603854389722
9417,0.6171214502661572,0.5357095459684166,803,495.5485245637242,3.756132756132756
9418,0.6335767523637978,0.5114228217293605,953,603.7986450026993,3.813468733297702
9419,1.0267575427423956,0.740409929986785,911,935.3761214383225,3.7959302325581397
9420,1.109134698871767,0.7432701268381287,921,1021.5130576608974,3.7717770034843205
9421,0.8521508703617534,0.6057098536813467,957,815.508382936198,3.774838012958963
9422,0.708758419232601,0.489589326227983,968,686.0781498171577,3.824884792626728
9423,0.9346817501076542,0.7969546571508775,778,727.182401583755,3.625892857142857
9424,0.9814653724960536,0.7887661498125386,778,763.5800598019297,3.625892857142857
9425,0.8858966139289475,0.7483163303983271,778,689.2275656367211,3.625892857142857
9426,0.8992369351755474,0.7810243280472571,753,677.1254121871872,3.614100185528757
9427,0.8971626880033087,0.7739988851911128,753,675.5635040664914,3.614100185528757
9428,0.7861414713881062,0.600534308871994,913,717.7471633773409,3.754740834386852
9429,0.33300844427688203,0.2389380386481007,933,310.6968785103309,3.7888161808447354
9430,0.234557448306886,0.1717415146342091,725,170.05415002249234,3.6797445255474455
9431,0.23010156115032676,0.16905103220217343,688,158.30987407142482,3.714016933207902
9432,0.241413333940632,0.1726312978055883,629,151.84898704865753,3.7507331378299122
9433,0.2425429091643523,0.1726312978055883,624,151.34677531855584,3.7615309126594703
9434,0.2371375017200465,0.1693754844442547,634,150.34517609050948,3.739633558341369
9435,0.22676064519492184,0.1608159481324599,677,153.5169567969621,3.6933207902163687
9436,0.3889983615043534,0.2946813664793034,865,336.4835827012657,3.798454603992273
9437,0.6728894171905682,0.504557149722777,895,602.2360283855585,3.776875
9438,0.7381024674619541,0.5752755892541978,843,622.2203800704273,3.5072217502124046
9439,0.6039068626009132,0.4596584699790104,814,491.5801861571433,3.627659574468085
9440,0.8265797711697702,0.6356950364232963,749,619.1082486061579,3.5657640232108316
9441,0.7240406497818431,0.5563898408780271,900,651.6365848036588,3.713939393939394
9442,0.4135690058133159,0.2814909523176281,896,370.55782920873105,3.713759213759214
9443,0.8990322815018988,0.7576253455704832,818,735.4084062685532,3.599690880989181
9444,1.014732941356195,0.8351147800954233,822,834.1104777947922,3.601830663615561
9445,1.0437271018538128,0.8873003720083903,794,828.7193188719273,3.608419380460683
9446,0.9942820477042388,0.8561798140225689,833,828.2369457376309,3.6336336336336337
9447,1.1036802051582926,0.9747042558325942,833,919.3656108968577,3.6336336336336337
9448,1.1703322746435443,1.0598305836761757,814,952.6504715598451,3.6401544401544403
9449,1.1676269478682584,1.0598305836761757,815,951.6159625126306,3.6466973886328726
9450,1.7984663609932026,1.4031261828121484,928,1668.976783001692,3.8188976377952755
9451,2.304715850807214,1.886626367427824,832,1917.5235878716019,3.730828220858896
9452,2.2920604582895985,1.872034617409173,834,1911.578422213525,3.731034482758621
9453,1.852381477565436,1.4898091584907869,841,1557.8528226325316,3.732876712328767
9454,1.6422119146814516,1.2933720097521997,771,1266.1453862193991,3.7217915590008612
9455,1.556478973655616,1.1282923237307894,824,1282.5386742922276,3.7611275964391693
9456,1.901673576826722,1.526269930399766,765,1454.7802862724423,3.57405614714424
9457,2.0863385677826756,1.7177567519005716,741,1545.9768787269625,3.5901477832512314
9458,2.087621579264653,1.7198416455587853,741,1546.9275902351078,3.5901477832512314
9459,2.0550106175351175,1.6385056177613329,892,1833.0694708413248,3.6726361031518624
9460,3.2859602190323236,2.622562194408574,820,2694.4873796065053,3.5842105263157893
9461,3.1083748597053273,2.37742018908261,866,2691.8526285048133,3.567237163814181
9462,2.802713715706623,2.203806628628806,898,2516.8369167045475,3.602373887240356
9463,1.84350268815615,1.4603470783913162,966,1780.823596758841,3.6602985074626866
9464,2.076281058301404,1.726803921907594,856,1777.2965859060016,3.599554234769688
9465,2.3895936042094688,1.959122164741737,839,2004.8690339317443,3.5643410852713178
9466,3.5187180116693755,2.8912978787325168,850,2990.9103099189692,3.5511006289308176
9467,4.235595581699129,3.1932580019773154,916,3879.805552836402,3.570284049526584
9468,5.201573425896136,3.851927854308961,968,5035.1230762674595,3.660905840286055
9469,5.173463654847927,4.018431465069168,792,4097.383214639558,3.5459610027855155
9470,3.900387352085256,3.2367340891318768,853,3327.0304113287234,3.5995352439969017
9471,3.084413588971763,2.5579187529368665,862,2658.76451369366,3.6709401709401708
9472,2.811076674649672,2.3876682129581663,798,2243.2391863704383,3.601859678782756
9473,1.8407952020687153,1.5199815239253447,761,1400.8451487742923,3.5929283771532186
9474,2.5405572787667094,2.0240822093628927,713,1811.417339760664,3.5294117647058822
9475,2.328706807388133,1.7197823316727416,819,1907.2108752508811,3.6679021497405486
9476,2.6810113343663446,2.0402338832952265,780,2091.188840805749,3.650755767700875
9477,2.9840620972985104,2.1129809718098924,712,2124.6522132765394,3.4913083257090576
9478,1.4661842509560563,0.789478303872643,927,1359.1528006362641,3.572052401746725
9479,0.5602195932862704,0.4068222650057925,868,486.27060697248265,3.4947368421052634
9480,0.7642823236861848,0.6069303767639311,878,671.0398801964702,3.596965699208443
9481,1.3871629681317188,0.9027733423664177,994,1378.8399903229285,3.691184141888367
9482,2.187086611887139,1.6853540009050638,794,1736.5467698383884,3.6505003849114703
9483,3.041527737027786,2.479942032487721,885,2691.7520472695905,3.5828767123287673
9484,3.701421017710582,3.2168458640142665,799,2957.4353931507553,3.470149253731343
9485,1.6674971362353053,1.287241340696152,955,1592.4597651047166,3.8864942528735633
9486,1.1749830243510992,0.8022864938470999,744,874.1873701172178,3.996400719856029
9487,0.9121897120199137,0.6367178858565047,857,781.7465832010661,4.071464267866067
9488,0.7795194550931362,0.4979644059053899,857,668.0481730148177,4.071464267866067
9489,0.6615419907263026,0.46563576257849637,894,591.4185397093145,3.944502617801047
9490,0.7116162253478052,0.495774908212122,793,564.3116667008095,4.021239954075775
9491,0.6758687421050874,0.46215722160861955,892,602.8749179577379,4.208800332088003
9492,0.9485616903739037,0.6415346280247664,805,763.5921607509924,4.1009933774834435
9493,1.0411611535174663,0.8046679237917678,775,806.8998939760364,4.115340253748558
9494,1.0240533156804938,0.7778292259491049,814,833.579398963922,4.078343592613319
9495,1.529368011452917,1.1392064691662196,847,1295.3747057006206,4.051788574479445
9496,2.0398887016597675,1.656077275421826,827,1686.9879562726278,4.061157024793388
9497,2.0612366614945192,1.39852132832515,907,1869.541651975529,4.120817843866171
9498,1.8621247883989858,1.4817910337195546,794,1478.5270819887946,3.7527821939586645
9499,1.1107237550509363,0.7529133866845577,794,881.9146615104435,3.7527821939586645
9500,1.2107450143750371,0.8496600410312902,712,862.0504502350265,3.8253825382538253
9501,0.6486761049004635,0.4761740275390477,837,542.9418998016879,3.7232704402515724
9502,0.6888248439718736,0.4992000140970271,822,566.2140217448801,3.730462519936204
9503,0.5972479137822838,0.43682666098131956,808,482.5763143360853,3.7245065789473686
9504,0.42843785319960453,0.3078130724066107,786,336.75215261488916,3.740928270042194
9505,0.2222556332213528,0.1335906518355929,926,205.8087163629727,3.725625
9506,0.1749125605580485,0.08335874598616845,1150,201.14944464175576,3.8678232135481205
9507,0.15114719919991865,0.0940625615066845,1072,162.0297975423128,3.819201435621355
9508,0.1894552461539314,0.1358276823755211,902,170.8886320308461,3.6630434782608696
9509,0.20800070128713732,0.14915056004657395,882,183.45661853525513,3.638
9510,0.25969452536378046,0.1802030411431613,905,235.02354545422133,3.679924242424242
9511,0.21621355088508956,0.1493496019748762,818,176.86268462400326,3.635174418604651
9512,0.18919701038538053,0.1338856814948874,915,173.11526450262318,3.679581795817958
9513,0.2839866545971408,0.1822976538891231,1043,296.19808074481784,3.691955193482688
9514,0.3245727505695812,0.15354468823753975,1180,382.9958456721058,3.852716143840857
9515,0.614454621847242,0.5341526986830436,810,497.708243696266,3.7546099290780144
9516,0.6059565479395093,0.5158153070634828,791,479.31162942015186,3.765957446808511
9517,0.5489602033763726,0.464199087055164,876,480.8891381577024,3.7417688831504194
9518,0.7806540699364867,0.6435170026675437,835,651.8461483969663,3.7323446327683616
9519,0.7234238821992026,0.5835561494752131,849,614.186875987123,3.8044354838709675
9520,0.7647830250007885,0.6123118669332451,932,712.7777793007349,3.7966480446927373
9521,0.7800496881930746,0.6484037570345075,803,626.379899619039,3.720894371626831
9522,0.7300115006397325,0.6076896100184178,853,622.6998100456918,3.748633879781421
9523,0.9482108680812044,0.8326488723705436,705,668.4886619972491,3.5871559633027523
9524,0.9499940363092851,0.8326488723705436,705,669.745795598046,3.5871559633027523
9525,0.9499940363092851,0.8326488723705436,705,669.745795598046,3.5871559633027523
9526,0.9499940363092851,0.8326488723705436,705,669.745795598046,3.5871559633027523
9527,0.9499940363092851,0.8326488723705436,705,669.745795598046,3.5871559633027523
9528,0.7919610444494234,0.6760453572640002,785,621.6894198927973,3.795263559969442
9529,0.22904939279995912,0.1750635223782052,857,196.29532962956497,3.7407922168172343
9530,0.247416973118279,0.179040818647057,624,154.3881912258061,3.7615309126594703
9531,0.24698389340428206,0.1783702436060294,624,154.117949484272,3.7615309126594703
9532,0.2411300551350762,0.1726312978055883,629,151.67080467996294,3.7507331378299122
9533,0.247416973118279,0.179040818647057,624,154.3881912258061,3.7615309126594703
9534,0.2275283869535438,0.155436945434512,634,144.25299732854677,3.739633558341369
9535,0.22528506101853413,0.1551213888584164,634,142.83072868575064,3.739633558341369
9536,0.1969371344626139,0.1320914592289556,771,151.8385306706753,3.8009295120061966
9537,0.2066427741963527,0.12015085055391435,886,183.0854979379685,3.7946149029430183
9538,0.2517471068699925,0.15602864683243645,808,203.41166235095397,3.63481228668942
9539,0.27165653121550326,0.1669587337635051,805,218.68350762848013,3.5699115044247787
9540,0.5213579648342704,0.38358169050770935,890,464.00858870250073,3.6743398781313474
9541,0.5077364188089712,0.4024655421436783,917,465.5942960478267,3.6881720430107525
9542,0.5708780166923533,0.4036089156948497,953,544.0467499078127,3.730515916575192
9543,0.9094099453569507,0.6843301838200622,898,816.6501309305418,3.74179829890644
9544,1.0347034295769,0.8539606329706713,799,826.728040231943,3.6084573218480815
9545,1.0399066883720756,0.8608575250139137,799,830.8854440092883,3.6084573218480815
9546,0.9948092998796083,0.8116532762155715,833,828.6761467997137,3.6336336336336337
9547,1.074281434267943,0.9654040683558532,833,894.8764347451964,3.6336336336336337
9548,1.1648798572406491,1.0583562226342322,811,944.7175642221665,3.637917637917638
9549,1.1739536137472455,1.0598305836761757,815,956.772195204005,3.6466973886328726
9550,1.8030670323106581,1.4016617045242796,946,1705.7014125658825,3.827233584499462
9551,2.388081940115838,1.943730488042852,855,2041.8100587990418,3.7508922198429695
9552,2.280511978071449,1.852114207885014,859,1958.9597891633746,3.749645390070922
9553,2.1306924670683616,1.7325113924297346,841,1791.9123648044922,3.732876712328767
9554,1.5559419901558886,1.2264326791470797,841,1308.5472137211023,3.7289433384379786
9555,1.5292182983421956,1.147480555030644,828,1266.1927510273379,3.763448784082535
9556,1.8504299426135364,1.515054700034702,765,1415.5789060993554,3.57405614714424
9557,2.0851463853433505,1.7158194554366684,741,1545.0934715394226,3.5901477832512314
9558,2.087621579264653,1.7198416455587853,741,1546.9275902351078,3.5901477832512314
9559,2.1399586233556103,1.727259136223957,892,1908.8430920332044,3.6726361031518624
9560,3.2859602190323236,2.622562194408574,820,2694.4873796065053,3.5842105263157893
9561,3.2859602190323236,2.622562194408574,820,2694.4873796065053,3.5842105263157893
9562,3.2859602190323236,2.622562194408574,820,2694.4873796065053,3.5842105263157893
9563,1.4615231912942148,1.2498058734150002,898,1312.447825782205,3.602373887240356
9564,1.0312657630743327,0.8637676629124461,749,772.4180565426751,3.4829015544041453
9565,0.9445423527637614,0.7618902808315698,828,782.0810680883944,3.5737051792828685
9566,1.0539528080730045,0.8864338521165053,828,872.6729250844477,3.5737051792828685
9567,2.221000476184959,1.809314324655116,949,2107.7294518995263,3.556220891550233
9568,3.8621842376952507,2.776354120507783,933,3603.417893769669,3.622812702527544
9569,4.827897327788934,3.700776069131592,821,3963.703706114715,3.5363716038562663
9570,3.5247662132698463,2.806902620474197,820,2890.308294881274,3.6243697478991597
9571,2.3841974822427963,1.8751715638258584,854,2036.104649835348,3.7366984993178716
9572,1.81331582047132,1.3688821898243906,810,1468.7858145817693,3.6477794793261866
9573,2.1191406761253027,1.782978568570499,745,1578.7598037133505,3.6105640107430617
9574,1.7387543309023414,1.3625127151231071,802,1394.4809733836778,3.774524158125915
9575,1.3833721433092572,1.088685204306648,828,1145.432134660065,3.807769591426658
9576,1.8766835443962115,1.461429548768015,825,1548.2639241268746,3.825507614213198
9577,2.4051871360284482,1.5983867074424136,776,1866.425217558076,3.691780821917808
9578,1.0291785548361194,0.8667011288267021,714,734.8334881529893,3.7130872483221475
9579,0.8069629324382478,0.6724087631347808,641,517.2632396929168,3.67914979757085
9580,0.8069629324382478,0.6724087631347808,641,517.2632396929168,3.67914979757085
9581,1.6924046016622127,1.3012735881651722,802,1357.3084905330945,3.7606232294617565
9582,2.211569695088802,1.6644198538468378,861,1904.1615074714584,3.6508264462809916
9583,3.2169421371261295,2.6067405475800154,862,2773.0041222027235,3.5846383296047724
9584,3.0066229671859848,2.6053112215537952,818,2459.4175871581356,3.518032786885246
9585,1.9827394242041825,1.4106013965933843,1013,2008.5150367188369,4.0185967878275575
9586,0.8873104973778262,0.6600216290539394,912,809.2271736085775,4.062857142857143
9587,0.8755912648112466,0.6604308882629728,855,748.6305314136158,4.0725725725725725
9588,0.8121411427603085,0.605773218213168,904,734.1755930553188,4.08499767765908
9589,0.8204701281003175,0.6102141237098337,872,715.4499517034768,4.01242879337131
9590,0.7756066825923392,0.5572660060819433,861,667.7973537120041,4.262895174708818
9591,0.8515548296994652,0.664967656457863,808,688.0563023971679,4.233587059942912
9592,0.8748938157267938,0.6442965741533886,818,715.6631412645173,4.2015503875969
9593,0.9665258028096709,0.6541410312377047,772,746.157919769066,4.110983323749281
9594,1.0657786279692218,0.7792849514764597,814,867.5438031669465,4.0777777777777775
9595,1.7725606299371908,1.325183692880584,798,1414.5033826898782,4.085372794536141
9596,1.7725606299371908,1.325183692880584,798,1414.5033826898782,4.085372794536141
9597,1.509764347416273,1.1836531233559346,907,1369.3562631065595,4.120817843866171
9598,1.613039132638813,1.230887265649835,742,1196.8750364179991,3.801352493660186
9599,1.32919540172198,1.0435587069845946,754,1002.2133328983729,3.797649034424853
9600,1.1700811891349314,0.7736315215756995,754,882.2412166077382,3.797649034424853
9601,0.4565867701466537,0.3251025926245233,822,375.3143250605494,3.730462519936204
9602,0.4316003703447001,0.3216342658411331,786,339.2378910909343,3.740928270042194
9603,0.33766927503277905,0.2248513760787225,786,265.40805017576434,3.740928270042194
9604,0.3532328784965185,0.2335408699950222,741,261.7455629659202,3.72596585804133
9605,0.23662521764789976,0.1411545118692864,1000,236.62521764789977,3.8293991416309012
9606,0.19831289441523647,0.1474846717846296,853,169.1608989361967,3.623587570621469
9607,0.21379019968537596,0.1493496019748762,794,169.74941855018852,3.6676602086438153
9608,0.2050124940198185,0.1197901317925933,1072,219.77339358924542,3.819201435621355
9609,0.1574887949543978,0.0947448384184691,1146,180.4821590177399,3.8180293501048217
9610,0.18948925638755232,0.1448216415472991,920,174.33011587654812,3.647286821705426
9611,0.22148738469721607,0.15753606728814434,794,175.86098344958955,3.6676602086438153
9612,0.22148738469721607,0.15753606728814434,794,175.86098344958955,3.6676602086438153
9613,0.11979285490857974,0.0700368491731933,1043,124.94394766964868,3.691955193482688
9614,0.4044625419141195,0.2761932809161945,1033,417.80980579728543,3.7729941291585125
9615,0.5916144230500405,0.4944322699087575,883,522.3955355531858,3.825962090752441
9616,0.6037391741565732,0.512503716432804,860,519.2156897746529,3.7466032608695654
9617,0.7042805648359106,0.5835854860645431,850,598.638480110524,3.7486149584487536
9618,0.860187222139358,0.7205869334442674,777,668.3654716022812,3.726384364820847
9619,0.860187222139358,0.7205869334442674,777,668.3654716022812,3.726384364820847
9620,0.8449951547091118,0.7082953217476028,791,668.3911673749075,3.726986624704957
9621,0.8398188219107304,0.6945669143631046,790,663.456869309477,3.726049089469517
9622,0.7559125011864438,0.638470334064868,847,640.2578885049179,3.7522429261559695
9623,0.8249419168067206,0.6862191864556171,809,667.3780106966369,3.7901146131805157
9624,0.9451617856217226,0.8298683387837179,705,666.3390588633144,3.5871559633027523
9625,0.9481763416300093,0.8326488723705436,705,668.4643208491566,3.5871559633027523
9626,0.9499940363092851,0.8326488723705436,705,669.745795598046,3.5871559633027523
9627,0.9499940363092851,0.8326488723705436,705,669.745795598046,3.5871559633027523
9628,0.7946043960846422,0.6656765496371942,788,626.148264114698,3.7888719512195124
9629,0.2775781998911999,0.2303635604666667,709,196.80294372286076,3.6924460431654675
9630,0.247416973118279,0.179040818647057,624,154.3881912258061,3.7615309126594703
9631,0.24622417755344686,0.1771939093853814,624,153.64388679335084,3.7615309126594703
9632,0.247416973118279,0.179040818647057,624,154.3881912258061,3.7615309126594703
9633,0.247416973118279,0.179040818647057,624,154.3881912258061,3.7615309126594703
9634,0.241504402339572,0.1726312978055883,624,150.69874705989292,3.7615309126594703
9635,0.22638475622314835,0.155436945434512,629,142.39601166436032,3.7507331378299122
9636,0.26483133378472135,0.2046265150305309,643,170.28654762357584,3.8082329317269075
9637,0.2996585255727341,0.1968505592205862,615,184.28999322723146,3.8273684210526318
9638,0.24446536486939702,0.1425671683223989,598,146.1902881918994,3.739240506329114
9639,0.37762131019582346,0.2889297981346832,676,255.27200569237664,3.5928489042675893
9640,0.6028241332281801,0.4886170472590616,620,373.75096260147166,3.502688172043011
9641,0.6945899271871973,0.5379673001375944,571,396.61084842388965,3.5580110497237567
9642,0.6333406259641896,0.4204988514603354,808,511.73922577906524,3.61531914893617
9643,0.7254117058578704,0.5620375244722563,855,620.2270085084792,3.6629526462395545
9644,1.0536317554708847,0.8850717018449501,803,846.0662996431204,3.6095836606441476
9645,1.0533102159383545,0.8849470492127371,816,859.5011362056973,3.614797864225782
9646,0.9474394371836385,0.8234490813203958,843,798.6914455458073,3.587892049598833
9647,0.9203610592204268,0.7467323957895502,862,793.3512330480079,3.6125804145818443
9648,1.0145448084587254,0.8930999552407191,845,857.2903631476229,3.615102639296188
9649,0.9181929231422321,0.6834427627305695,1018,934.7203957587923,3.6298952013237726
9650,1.5899057330108144,1.1095000078981267,1072,1704.378945787593,3.773181818181818
9651,2.308254193074709,1.886626367427824,827,1908.9262176727843,3.7357032457496135
9652,2.2899386165198807,1.8527585905489676,832,1905.228928944541,3.732361963190184
9653,2.2840710941109728,1.8736724477811242,828,1891.2108659238854,3.734059097978227
9654,1.458913808648735,1.1694202716210598,899,1311.5635139752128,3.8324905183312263
9655,1.2691775404814387,0.9660216395109068,911,1156.2207393785907,3.8422619047619047
9656,1.5100778420952494,1.1082357720941836,905,1366.6204470962007,3.929102344196684
9657,1.750641424877188,1.3690066415972573,840,1470.538796896838,3.912326961107449
9658,1.5455744279320576,1.2557627198767904,846,1307.5559660305207,3.908316961362148
9659,1.376643288305272,1.0591491236407702,952,1310.564410466619,3.9203015616585892
9660,2.5469044546254618,1.9765964636422952,893,2274.3856779805374,3.902498476538696
9661,3.0885559927482062,2.374009718821836,871,2690.132269683688,3.9115987460815047
9662,3.08158123267147,2.3716106923344125,861,2653.241441330136,3.6254917387883556
9663,0.9897573424185554,0.8286781101282459,898,888.8020934918627,3.602373887240356
9664,1.0312657630743327,0.8637676629124461,749,772.4180565426751,3.4829015544041453
9665,1.0312657630743327,0.8637676629124461,749,772.4180565426751,3.4829015544041453
9666,1.0312657630743327,0.8637676629124461,749,772.4180565426751,3.4829015544041453
9667,1.3385847503814134,1.1398035901688477,842,1127.08835982115,3.567522783761392
9668,3.073897184681586,2.4947205875638967,797,2449.896056191224,3.585777777777778
9669,2.9300281660905374,2.1999784341639645,863,2528.6143073361336,3.5961995249406176
9670,2.2437610200925624,1.6665479936301522,883,1981.2409807417328,3.601213040181956
9671,2.1132712631488886,1.7449760652934885,773,1633.558686414091,3.6761168384879723
9672,2.2250875511553865,1.713525474514407,642,1428.5062078417582,3.620798319327731
9673,2.0618772385215607,1.61615670703491,675,1391.7671360020536,3.6064581231079718
9674,1.306812847655186,1.0533431015266492,753,984.030074284355,3.764705882352941
9675,1.5761392794747326,1.2561739522191189,725,1142.7009776191812,3.7338912133891213
9676,1.245846205072374,0.9970652253797836,812,1011.6271185187676,3.7778523489932887
9677,1.3342706591522604,1.0479672379397145,802,1070.085068640113,3.7487649964714187
9678,1.283956950159096,1.040363238869924,712,914.1773485132763,3.6025998142989786
9679,0.841522358962982,0.7140336077938179,712,599.1639195816432,3.6025998142989786
9680,0.8069629324382478,0.6724087631347808,641,517.2632396929168,3.67914979757085
9681,1.4492360698588658,1.2035419614814309,807,1169.5335083761047,3.61425251742835
9682,2.0956401253429724,1.6660565258626163,889,1863.0240714299025,3.6808236808236807
9683,2.2457190257994495,1.7322390889729515,757,1700.0093025301833,3.6266548984995586
9684,2.6208823267791534,2.1353163605453345,639,1674.743806811879,3.516206482593037
9685,1.9888725229503244,1.495116638233287,810,1610.9867435897627,3.8727534148094898
9686,1.0213483275464477,0.8091540779808797,764,780.310122245486,3.8796583850931676
9687,1.0727746180574842,0.852149338980501,717,769.1794011472161,3.9628506444275966
9688,1.0585786079553305,0.8783159899463344,759,803.4611634380958,3.9372746935832734
9689,1.0448816809343116,0.8424066222100107,783,818.1423561715659,3.919642857142857
9690,0.9695599557778954,0.764369432965612,813,788.252244047429,4.2276806802078415
9691,0.8198184723479907,0.6300745267908976,851,697.6655199681401,4.232751091703057
9692,0.6674097116888374,0.5347426183287104,821,547.9433732965356,4.098292809105018
9693,0.7320356178087828,0.5924384002510994,749,548.2946777387783,4.142099056603773
9694,1.2048122254701064,0.9520868631254127,814,980.7171515326665,4.0773908236594805
9695,1.7725606299371908,1.325183692880584,798,1414.5033826898782,4.085372794536141
9696,1.6464545926701815,1.1328188971352904,859,1414.304495103686,4.065856129685917
9697,1.3176110470358218,0.9780904691149233,951,1253.0481057310665,4.105937633489962
9698,1.4621696192326905,1.015362144258634,818,1196.054748532341,3.780265920223933
9699,1.5494286209991235,1.1757478225890667,754,1168.269180233339,3.797649034424853
9700,1.216073763532729,0.9834135554990158,777,944.8893142649304,3.783739837398374
9701,0.35478708895996036,0.2431490229311814,677,240.19085922589318,3.626543209876543
9702,0.43211856477624144,0.2839823926901741,631,272.66681437380834,3.651086956521739
9703,0.4133960192656985,0.2729978029950067,631,260.85288815665575,3.651086956521739
9704,0.3672749952427207,0.2401899853904044,715,262.6016215985453,3.723148148148148
9705,0.29303184524368275,0.1418054288913841,1000,293.03184524368277,3.8293991416309012
9706,0.20287257143434734,0.14122363223493056,890,180.55658857656914,3.6903225806451614
9707,0.22148738469721607,0.15753606728814434,794,175.86098344958955,3.6676602086438153
9708,0.21499948801754584,0.1496570307662483,818,175.8695811983525,3.635174418604651
9709,0.21499861892374683,0.1496316105206452,818,175.8688702796249,3.635174418604651
9710,0.22148738469721607,0.15753606728814434,794,175.86098344958955,3.6676602086438153
9711,0.22148738469721607,0.15753606728814434,794,175.86098344958955,3.6676602086438153
9712,0.22015522712515392,0.1574962929517917,829,182.5086832867526,3.639344262295082
9713,0.14392458759701843,0.1112753736178591,829,119.31348311792829,3.639344262295082
9714,0.0852448582730704,0.0588609698566263,934,79.61869762704777,3.802911534154535
9715,0.23610835654893064,0.198296389100912,746,176.13683398550225,3.782608695652174
9716,0.26652506902273254,0.21807946367201034,804,214.28615549427698,3.738150738150738
9717,0.569292974533371,0.4654009382208811,853,485.6069072769655,3.7506906077348066
9718,0.8409927135331692,0.7010623236277128,782,657.6563019829383,3.723076923076923
9719,0.8747311743482901,0.7718939612084295,794,694.5365524325423,3.749605055292259
9720,0.9057266064128325,0.7897189855047891,798,722.7698319174403,3.746268656716418
9721,0.8434862667721893,0.6912087098581174,784,661.2932331493964,3.724415793714746
9722,0.8159221262997508,0.6510252942787693,798,651.1058567872011,3.724353954581049
9723,0.7577678778335767,0.6276303498467091,847,641.8293925250395,3.7522429261559695
9724,0.9338998390243857,0.8248671072084346,705,658.3993865121919,3.5871559633027523
9725,0.9409982630156976,0.8248671072084346,705,663.4037754260668,3.5871559633027523
9726,0.9499940363092851,0.8326488723705436,705,669.745795598046,3.5871559633027523
9727,0.943201277960598,0.8256560771925066,710,669.6729073520246,3.580482897384306
9728,0.6107550195264941,0.5032286796648937,844,515.4772364803611,3.7363013698630136
9729,0.2192698621157168,0.1614704583828257,825,180.89763624546637,3.664
9730,0.2346666095042542,0.1803588869846482,698,163.79729343396943,3.692927484333035
9731,0.247416973118279,0.179040818647057,624,154.3881912258061,3.7615309126594703
9732,0.247416973118279,0.179040818647057,624,154.3881912258061,3.7615309126594703
9733,0.247416973118279,0.179040818647057,624,154.3881912258061,3.7615309126594703
9734,0.247416973118279,0.179040818647057,624,154.3881912258061,3.7615309126594703
9735,0.23647300319149991,0.1645321915777648,624,147.55915399149595,3.7615309126594703
9736,0.29125016568229295,0.20301867827484749,684,199.21511332668837,3.7140133460438514
9737,0.24684841233416463,0.1301144914636268,615,151.81177358551125,3.8273684210526318
9738,0.33716975123258963,0.2474074214535308,441,148.69186029357203,3.9226973684210527
9739,0.36679411952311075,0.2563604949776589,620,227.41235410432867,3.502688172043011
9740,0.6355891553207976,0.5327206621501829,620,394.0652762988945,3.502688172043011
9741,0.6316246563940304,0.5273842172850411,620,391.60728696429885,3.502688172043011
9742,0.7595438701176381,0.5379673001375944,522,396.4819002014071,3.6973293768545994
9743,0.5486353289592784,0.35275686050946653,828,454.27005237828246,3.5788271134805787
9744,1.1170973608350858,0.7615597041032407,809,903.7317649155844,3.6075851393188856
9745,1.126274708144152,0.8380153998240214,824,928.0503595107812,3.59250936329588
9746,0.9220059953947503,0.6044602221048052,824,759.7329402052742,3.59250936329588
9747,1.209175515592936,0.895293601099314,622,752.1071706988062,3.4539877300613497
9748,0.9101860682420971,0.5673700510322036,959,872.8684394441711,3.652224824355972
9749,1.2323674198915093,0.856409277807594,994,1224.9732153721602,3.6179966044142615
9750,1.5377299927381345,1.051703038749083,993,1526.9658827889675,3.719910011248594
9751,1.609150257131361,1.1923545769214483,993,1597.8862053314415,3.719910011248594
9752,1.4960461268355114,1.1207572569136466,1044,1561.8721564162738,3.7774509803921568
9753,1.3350821717480643,1.1234573098528762,893,1192.2283793710214,3.8285714285714287
9754,1.2099734128784347,0.990672396943118,844,1021.2175604693989,3.822923816060398
9755,1.3648743044718536,1.1679736713569504,763,1041.3990943120243,3.684496826835902
9756,1.2298881094841967,1.0089691299077472,881,1083.5314244555773,3.946583850931677
9757,1.1150113597546494,0.8973578810702197,873,973.4049170658088,3.951492537313433
9758,1.2696227612727204,1.0537357595357046,756,959.8348075221767,3.896470588235294
9759,1.2698649525972996,1.0542928487082661,756,960.0179041635585,3.896470588235294
9760,1.1522507542152893,0.9173519377702192,837,964.4338812781971,3.8403179190751446
9761,1.558742337716821,1.2168662382090147,893,1391.9569075811212,3.902498476538696
9762,1.8944867850697626,1.4755674447837084,941,1782.7120647506467,3.898882681564246
9763,1.0217535699271767,0.8732140118247387,844,862.3600130185372,3.4651376146788992
9764,1.0312657630743327,0.8637676629124461,749,772.4180565426751,3.4829015544041453
9765,1.0233252614503618,0.8627992085698696,749,766.470620826321,3.4829015544041453
9766,0.9647568732956966,0.810286322616109,840,810.3957735683852,3.670239076669415
9767,1.3811909541826322,1.0769726174700125,888,1226.4975673141773,3.6493212669683257
9768,2.9904053687662913,2.1998548816528114,822,2458.1132131258914,3.650399290150843
9769,2.8139154977508998,2.1184605551327094,782,2200.4819192412037,3.5634765625
9770,2.392136300831023,1.8683014981018755,750,1794.1022256232673,3.5592515592515594
9771,2.200118775576553,1.5875448634565914,787,1731.4934763787471,3.660668380462725
9772,1.8210244318453315,1.3969619487688183,703,1280.180175587268,3.599801390268123
9773,1.7915244471821832,1.2104264253145,675,1209.2790018479736,3.6064581231079718
9774,1.5426224146922292,1.2285810611739243,753,1161.5946782632486,3.761867088607595
9775,1.7860627800330837,1.4698813014393148,713,1273.4627621635886,3.7529711375212225
9776,1.6560002372720515,1.2256876263152428,779,1290.024184834928,3.703646237393328
9777,1.501521002580146,1.158558577613532,759,1139.6544409583307,3.75
9778,1.5717047213490838,1.2498973212724231,700,1100.1933049443587,3.603010348071496
9779,1.0900958895558124,0.885820968512026,763,831.7431637310848,3.5652173913043477
9780,0.8014528583766906,0.684805031768225,706,565.8257180139435,3.619091751621872
9781,1.2558940377825885,1.0951952224056722,850,1067.5099321152002,3.5700589970501473
9782,1.406176049933424,1.0716411850461474,877,1233.2163957916127,3.605171208944794
9783,1.706753252627354,1.4364041456502692,742,1266.4109134494965,3.5530888030888033
9784,2.4527888444058634,2.050494923057475,758,1859.2139440596445,3.5581854043392505
9785,2.7377717929315186,2.1280334866946533,770,2108.0842805572693,3.5583413693346193
9786,2.457691176558383,1.8893210922065786,760,1867.8452941843711,3.883411580594679
9787,1.4600191553597381,1.2045840668024042,784,1144.6550178020348,3.935552407932011
9788,1.1045251395890388,0.9131593122539412,759,838.3345809480804,3.9372746935832734
9789,1.085449644388107,0.8401265710956217,810,879.2142119543666,3.9031007751937983
9790,1.057430684555467,0.8356345539720362,796,841.7148249061518,3.9127343244990302
9791,0.6946260374224548,0.5852525713484892,936,650.1699710274177,4.16243050039714
9792,0.7115784512260774,0.5959696979809476,817,581.3595946517053,4.097471022128556
9793,0.8129407996105001,0.6823042818024034,758,616.2091261047591,4.144961697112551
9794,0.8578829651959111,0.7157999174867531,816,700.0324995998635,4.082411504424779
9795,1.362200328832405,0.9684116964865809,896,1220.5314946338349,4.050534499514091
9796,1.0577163672852261,0.810272377462937,883,933.9635523128547,4.047029702970297
9797,0.7537904806622034,0.5424790584648571,844,636.1991656788997,3.5439688715953306
9798,0.8814415066748552,0.7162785139945759,845,744.8180731402526,3.7594594594594595
9799,1.0754818249991092,0.8149208500684579,860,924.9143694992339,3.753306878306878
9800,0.6687873729273659,0.5076902320039519,791,529.0108119855464,3.809450038729667
9801,0.37681275218529503,0.2462360852327554,677,255.10223322944475,3.626543209876543
9802,0.43189767331316753,0.2834898749756879,631,272.5274318606087,3.651086956521739
9803,0.43211856477624144,0.2839823926901741,631,272.66681437380834,3.651086956521739
9804,0.43211856477624144,0.2839823926901741,631,272.66681437380834,3.651086956521739
9805,0.43211856477624144,0.2839823926901741,631,272.66681437380834,3.651086956521739
9806,0.21892730637874297,0.156579738156133,890,194.84530267708124,3.6903225806451614
9807,0.22052933596903324,0.15603864466968537,794,175.10029275941238,3.6676602086438153
9808,0.22604455272696422,0.1625647383946041,853,192.8160034761005,3.6367552045944005
9809,0.22897059115210147,0.1645101092259697,853,195.31191425274255,3.6367552045944005
9810,0.22148738469721607,0.15753606728814434,794,175.86098344958955,3.6676602086438153
9811,0.21765038242217402,0.1549515426346712,829,180.43216702798227,3.639344262295082
9812,0.312700265934865,0.2344783618471245,829,259.2285204600031,3.639344262295082
9813,0.3114440549340396,0.197408029480801,909,283.102645935042,3.6508620689655173
9814,0.17152249121862848,0.10860785069657165,1018,174.60989606056378,3.800790904597133
9815,0.16621063668087607,0.13811914389715824,750,124.65797751065706,3.7826810990840967
9816,0.24204970162595593,0.198398349328209,744,180.08497800971122,3.781144781144781
9817,0.4292007424303838,0.3453598445258334,792,339.926988004864,3.746987951807229
9818,0.7435123834633135,0.6081631727657733,829,616.3717658910869,3.7244379985496736
9819,0.8680753162541173,0.7548555142673388,806,699.6687049008185,3.7403400309119013
9820,0.9008243793033005,0.787345274992659,806,726.0644497184602,3.7403400309119013
9821,0.8392290260853965,0.6858266142965623,776,651.2417242422677,3.729440789473684
9822,0.8430429966495119,0.6858266142965623,771,649.9861504167736,3.7328370554177006
9823,0.7635519394179494,0.625129863729027,850,649.019148505257,3.7481177275838466
9824,0.7783344438334568,0.6274542703665402,850,661.5842772584383,3.7481177275838466
9825,0.9425443069665993,0.825748382338653,710,669.2064579462855,3.580482897384306
9826,0.9379033899509616,0.8208847103357388,710,665.9114068651827,3.580482897384306
9827,0.705140473155708,0.5893738401881282,782,551.4198500077637,3.6593851132686086
9828,0.3097780110496896,0.2224845375807914,916,283.75665812151567,3.6941331575477916
9829,0.30773017189443636,0.2251353711910164,883,271.7257417827873,3.7549668874172184
9830,0.3022821463146237,0.23957104253663053,788,238.19833129592348,3.7509462528387587
9831,0.24511521928810948,0.1889473243729485,749,183.591299246794,3.717057396928052
9832,0.23085078724734917,0.1708099645438482,693,159.97959556241298,3.7026291931097006
9833,0.247416973118279,0.179040818647057,624,154.3881912258061,3.7615309126594703
9834,0.247416973118279,0.179040818647057,624,154.3881912258061,3.7615309126594703
9835,0.18529222446188537,0.1325761107301719,831,153.97783852782675,3.775537634408602
9836,0.15930625264539558,0.1072265243176453,801,127.60430836896185,3.7783467446964156
9837,0.21768277897383545,0.1272110092376773,698,151.94257972373714,3.6569948186528496
9838,0.33716975123258963,0.2474074214535308,441,148.69186029357203,3.9226973684210527
9839,0.24382409489853213,0.1305394316941691,620,151.17093883708992,3.502688172043011
9840,0.4122281082953914,0.3270562447021889,620,255.5814271431427,3.502688172043011
9841,0.44965736101061377,0.3412020134533677,620,278.78756382658054,3.502688172043011
9842,0.7595438701176381,0.5379673001375944,522,396.4819002014071,3.6973293768545994
9843,0.7723764528147625,0.5345713494380511,598,461.881118783228,3.541891891891892
9844,0.628925138077699,0.16906681702248755,938,589.9317795168816,3.671092335546168
9845,0.8820951471963611,0.5316086958901204,1002,883.8593374907538,3.6516371443907674
9846,0.8587751113989146,0.5642096074616858,863,741.1229211372633,3.545171339563863
9847,1.0676471692271379,0.7485525037412539,863,921.37950704302,3.545171339563863
9848,1.2232538425022346,0.9018670656692952,921,1126.616788944558,3.504734158776402
9849,1.57033926567288,1.1714708445021524,914,1435.2900888250124,3.499630450849963
9850,1.75292050188895,1.3300568161657642,888,1556.5934056773876,3.5274980635166537
9851,1.7540892599884208,1.327545845472245,888,1557.6312628697176,3.5274980635166537
9852,1.2918399333007136,0.9806201195759198,956,1234.9989762354821,3.6769993800371976
9853,1.3648743044718536,1.1679736713569504,763,1041.3990943120243,3.684496826835902
9854,1.3648743044718536,1.1679736713569504,763,1041.3990943120243,3.684496826835902
9855,1.3606891621581774,1.162806578176797,763,1038.2058307266893,3.684496826835902
9856,1.1677254158787287,0.982612178054062,861,1005.4115830715854,3.9346153846153844
9857,1.140716817421295,0.9241390252940442,852,971.8907284429433,3.933676754668384
9858,1.2698649525972996,1.0542928487082661,756,960.0179041635585,3.896470588235294
9859,1.2698649525972996,1.0542928487082661,756,960.0179041635585,3.896470588235294
9860,1.2698649525972996,1.0542928487082661,756,960.0179041635585,3.896470588235294
9861,1.2698649525972996,1.0542928487082661,756,960.0179041635585,3.896470588235294
9862,1.0344755279049362,0.8724702397361239,848,877.235247663386,3.8782784129119032
9863,0.9312842021124622,0.7640746447674853,806,750.6150669026446,3.5959963603275704
9864,0.9274430038378021,0.789161586886213,824,764.2130351623489,3.6181172291296626
9865,0.9531826242964118,0.7798454277580028,823,784.4692997959469,3.6131907308377897
9866,1.035436071925199,0.7602598747106122,840,869.7663004171671,3.670239076669415
9867,1.4626984069170956,1.1222823594200977,752,1099.949202001656,3.686372745490982
9868,1.73560386801919,1.2591554627626766,844,1464.8496646081965,3.646808510638298
9869,2.086742923876222,1.6251280959963506,810,1690.2617683397395,3.6001881467544683
9870,2.3798441240153343,1.8766922582004872,688,1637.33275732255,3.612756264236902
9871,1.7079138868008932,1.324660405368026,796,1359.499453893511,3.773353751914242
9872,0.9116546041612018,0.7014254961898015,710,647.2747689544533,3.7197563098346387
9873,1.1272231482311368,0.8410318183773238,739,833.01790654281,3.7236731255265374
9874,1.2920969143850958,1.0096059746419297,809,1045.3064037375425,3.8421778084079943
9875,1.9761129381763407,1.6414422832325104,726,1434.6579931160234,3.728363324764353
9876,1.9464400556107984,1.5425259565504277,832,1619.4381262681843,3.857050452781371
9877,2.5501559084807286,1.9567055633162405,854,2177.8331458425423,3.8724304715840385
9878,2.2711587864772795,1.7629687220906511,850,1930.4849685056877,3.775670372792675
9879,1.4354103469268797,1.14171097136705,850,1220.0987948878478,3.775670372792675
9880,1.0407903583339644,0.7849454352250735,796,828.4691252338356,3.8806262230919764
9881,0.9321566375369098,0.6612892584192596,778,725.2178640037158,3.647921760391198
9882,1.4349332637372583,1.0232911873059503,738,1058.9807486380967,3.498474059003052
9883,1.302869914499831,0.9086905157677811,692,901.5859808338831,3.553719008264463
9884,2.468423377714187,1.8388154508711707,732,1806.885912486785,3.545829042224511
9885,3.0219971145508855,2.531213976075806,726,2193.9699051639427,3.559623430962343
9886,2.7435253589613486,2.140040190453436,795,2181.102660374272,3.5510204081632653
9887,2.2485960362754294,1.8432989888343023,852,1915.8038229066658,3.9181701030927836
9888,1.1123426900756346,0.8646241317791574,862,958.839398845197,3.9134906231094977
9889,0.9882818697461364,0.7915735968510729,770,760.977039704525,3.9296346414073073
9890,0.9827025108891498,0.7897576920979318,763,749.8020158084213,3.687800963081862
9891,0.8876343123531142,0.761003251593684,878,779.3429262460343,4.090064995357475
9892,0.7810977783916103,0.629074914705857,855,667.8386005248268,4.055027513756879
9893,0.7901013681573213,0.6143610076568726,892,704.7704203963307,4.074368568755847
9894,0.7747352443813973,0.5869632133919719,879,680.9922798112482,4.070716658756526
9895,0.7317530892517835,0.5688633750558612,852,623.4536320425195,4.088775510204082
9896,0.8394460289247165,0.6216281647762075,754,632.9423058092362,3.5227062094531973
9897,0.8855513139525475,0.692088936358135,715,633.1691894760714,3.513145082765336
9898,0.8855513139525475,0.692088936358135,715,633.1691894760714,3.513145082765336
9899,0.6540335738602402,0.5044953504923106,836,546.7720677471608,3.7446514837819187
9900,0.6236566997376145,0.465557127587101,827,515.7640906830072,3.794959128065395
9901,0.3921391794325554,0.2526154147342119,665,260.77255432264934,3.793040293040293
9902,0.42511962425995065,0.2683769811503174,631,268.25048290802886,3.651086956521739
9903,0.43211856477624144,0.2839823926901741,631,272.66681437380834,3.651086956521739
9904,0.43211856477624144,0.2839823926901741,631,272.66681437380834,3.651086956521739
9905,0.43211856477624144,0.2839823926901741,631,272.66681437380834,3.651086956521739
9906,0.23089312947714996,0.1653864462880694,890,205.49488523466346,3.6903225806451614
9907,0.22148738469721607,0.15753606728814434,794,175.86098344958955,3.6676602086438153
9908,0.24308198389390478,0.1731937173226119,853,207.34893226150078,3.6367552045944005
9909,0.24851606465631876,0.1775048784380487,853,211.9842031518399,3.6367552045944005
9910,0.26044112303496486,0.1984239984778128,829,215.90569099598585,3.639344262295082
9911,0.3405200479345162,0.2489160032914603,829,282.2911197377139,3.639344262295082
9912,0.369531490104894,0.2594691241687503,829,306.34160529695714,3.639344262295082
9913,0.21193019290408194,0.1466922312115002,829,175.69012991748392,3.639344262295082
9914,0.1996866109737195,0.1372954317460083,955,190.70071347990213,3.7946477334789734
9915,0.48997279731825794,0.4081520834628652,750,367.47959798869346,3.7826810990840967
9916,0.2818678457721895,0.23012581160497858,748,210.83714863759772,3.7812238055322718
9917,0.4024776768846467,0.3098114616633702,743,299.0409139252925,3.7589134125636674
9918,0.6363874146105717,0.4688017658848209,844,537.1109779313225,3.705338078291815
9919,0.8746472819215533,0.7404517064525695,825,721.5840075852815,3.7447289156626504
9920,1.0983932260915326,0.9109493396313972,792,869.9274350644938,3.7527910685805423
9921,0.9584069205708042,0.8143747581665524,792,759.058281092077,3.7527910685805423
9922,0.825575554980897,0.6596452424349619,788,650.5535373249468,3.7562149157979148
9923,0.8971663688010403,0.7187879560305986,840,753.6197497928738,3.6911337209302326
9924,2.1244123400676598,1.4704956971080991,903,1918.344343081097,3.712507778469197
9925,2.44142353921219,1.9930286022534363,798,1948.2559842913274,3.553448275862069
9926,0.9685428610771691,0.7783728811792439,857,830.041231943134,3.633832976445396
9927,0.4327356816289164,0.3349161705204657,831,359.60335143362954,3.659308314937454
9928,0.44296276493955206,0.3563382641403514,653,289.2546855055275,3.6323529411764706
9929,0.44296276493955206,0.3563382641403514,653,289.2546855055275,3.6323529411764706
9930,0.40621236289213386,0.3250875764583446,713,289.62941474209146,3.655862726406101
9931,0.3531289245227782,0.2880528145911559,737,260.25601737328753,3.716417910447761
9932,0.2593829725795186,0.19848770408053046,804,208.54390995393294,3.7376928728875827
9933,0.2463571803852896,0.1846554123025136,771,189.94138607705827,3.707434052757794
9934,0.2593206542841724,0.2035353686521049,693,179.70921341893148,3.7026291931097006
9935,0.16923541972301778,0.11352503725198475,912,154.34270278739223,3.7917166866746697
9936,0.04084934128181267,0.02935133274874705,794,32.43437697775926,3.666111573688593
9937,0.1668184455562219,0.09998402280172711,720,120.10928080047978,3.4354066985645932
9938,0.28572811770180423,0.2021771008544272,620,177.1514329751186,3.502688172043011
9939,0.33716975123258963,0.2474074214535308,441,148.69186029357203,3.9226973684210527
9940,0.33716975123258963,0.2474074214535308,441,148.69186029357203,3.9226973684210527
9941,0.3127981196390555,0.22389872620413692,620,193.93483417621442,3.502688172043011
9942,0.5465726026799305,0.4128992335086742,620,338.8750136615569,3.502688172043011
9943,0.641963332192955,0.4808030908980105,712,457.07789252138394,3.457572502685285
9944,0.8264884574898651,0.5640855777015312,973,804.1732691376387,3.6651810584958215
9945,1.1890480524283975,0.715927787721756,1018,1210.4509173721087,3.669079627714581
9946,1.2300618707329658,0.9163711222866346,907,1115.6661167548,3.5543859649122806
9947,1.362684923667366,1.0332809190175472,899,1225.053746376962,3.549145299145299
9948,1.5561157923059192,1.1768319332790265,914,1422.2898341676103,3.499630450849963
9949,1.756343445654595,1.3313014118354023,888,1559.6329797412805,3.5274980635166537
9950,1.7573949463154628,1.3330532553379362,888,1560.566712328131,3.5274980635166537
9951,1.7579504248602875,1.3339787055214345,888,1561.0599772759354,3.5274980635166537
9952,1.3343241620809345,1.0389964973745769,956,1275.6138989493734,3.6769993800371976
9953,1.3648743044718536,1.1679736713569504,763,1041.3990943120243,3.684496826835902
9954,1.3648743044718536,1.1679736713569504,763,1041.3990943120243,3.684496826835902
9955,1.3648743044718536,1.1679736713569504,763,1041.3990943120243,3.684496826835902
9956,1.2034931011498178,1.021569170604402,845,1016.9516704715961,3.9321591650358774
9957,1.1424653851531583,0.9621699397752342,861,983.6626966168693,3.9346153846153844
9958,1.2253350573715474,1.0170497089680386,772,945.9586642908346,3.891304347826087
9959,1.2400636655177928,1.0152133943231547,772,957.329149779736,3.891304347826087
9960,1.2435194515541799,1.0238929173248164,772,959.9970165998269,3.891304347826087
9961,1.2698649525972996,1.0542928487082661,756,960.0179041635585,3.896470588235294
9962,1.0777562065618116,0.8633030008475523,875,943.0366807415851,3.9129886506935687
9963,0.9159816593096576,0.7663832937884101,869,795.9880619400924,3.6042345276872965
9964,1.0373138241217665,0.8196764334483303,785,814.2913519355867,3.586693548387097
9965,1.0887599734830338,0.8819951898570308,747,813.3037001918262,3.5923566878980893
9966,1.1620068885118713,0.8752885335997012,776,901.7173454852121,3.66090297790586
9967,1.434661487940909,1.1046979031481274,752,1078.8654389315636,3.686372745490982
9968,1.5076559989643916,1.161047590307477,827,1246.8315111435518,3.6965811965811968
9969,1.9902367400727512,1.6543251884598678,813,1618.0624696791467,3.6481994459833795
9970,2.017190133660632,1.615007531230142,805,1623.8380575968088,3.7592440427280196
9971,0.7256736597643902,0.4775847423067593,823,597.2294219860931,3.7629688747007184
9972,0.6349599518777379,0.3916632231729745,600,380.9759711266427,3.8171683389074693
9973,0.6813132609059904,0.5358819849530155,600,408.78795654359425,3.8171683389074693
9974,0.7373828621284707,0.5596468218945917,745,549.3502322857107,3.815015479876161
9975,1.2432704128104555,0.9563556175897282,848,1054.2933100632663,4.0141242937853105
9976,2.6008593646931906,1.9464686018066355,881,2291.357100294701,3.9301788805539526
9977,3.1631740252143343,2.4580729716094982,753,2381.8700409863936,3.7726510067114094
9978,2.9540986349653733,2.236547169444541,795,2348.5084147974717,3.7430610626486915
9979,1.8087510228201533,1.3487126878117393,819,1481.3670876897056,3.779305354558611
9980,1.5678051513060025,1.1341253291047129,774,1213.481187110846,3.828976848394324
9981,1.1189772926721595,0.7280096832994628,843,943.2978577226304,3.8060486522024983
9982,1.2211553075205646,0.9881174262948992,795,970.8184694788488,3.495137046861185
9983,1.2935159283782782,0.9230479312609065,733,948.147175501278,3.4711246200607904
9984,2.1263121702773073,1.5638385538830928,728,1547.9552599618798,3.575
9985,2.148752227241095,1.6837635524798051,808,1736.1917996108045,3.5849220103986137
9986,1.8997827935421752,1.4771040400615862,764,1451.434054266222,3.5647517039922105
9987,1.6268903049809105,1.2344244449180464,814,1324.2887082544612,3.5512073272273104
9988,0.7897700759725352,0.6705470560546667,821,648.4012323734514,3.707442888725129
9989,0.9164513930734326,0.7510032217053131,788,722.1636977418649,3.65703125
9990,1.1167871164971228,0.9166800227870072,775,865.5100152852702,3.671361502347418
9991,1.2031160749658187,0.9450775696213628,802,964.8990921225866,3.7311046511627906
9992,0.9535429944546625,0.7598480075190962,887,845.7926360812857,4.063231850117096
9993,0.7387600365473106,0.5519515415860257,893,659.7127126367484,3.6043673731535004
9994,0.7672086788121183,0.6047624195760174,792,607.6292736191976,3.588996763754045
9995,0.7687414046063474,0.617888462788087,834,641.1303314416938,3.587240584166026
9996,0.8547147246301916,0.643309196671795,836,714.5415097908402,3.5875190258751903
9997,1.0567431699314829,0.8390422675065192,742,784.1034320891603,3.5014354066985645
9998,1.0374465092629015,0.8312523346156742,742,769.7853098730728,3.5014354066985645
9999,0.6634259593197498,0.5372473287188624,791,524.7699338219221,3.546875
10000,0.6092671678994257,0.470355197238554,770,469.13571928255783,3.555947136563877
